  0
SECTION
  2
HEADER
  9
$ACADVER
  1
AC1024
  9
$ACADMAINTVER
 70
6
  9
$DWGCODEPAGE
  3
ANSI_1252
  9
$LASTSAVEDBY
  1
ezdxf
  9
$INSBASE
 10
0.0
 20
0.0
 30
0.0
  9
$EXTMIN
 10
1e+20
 20
1e+20
 30
1e+20
  9
$EXTMAX
 10
-1e+20
 20
-1e+20
 30
-1e+20
  9
$LIMMIN
 10
0.0
 20
0.0
  9
$LIMMAX
 10
420.0
 20
297.0
  9
$ORTHOMODE
 70
0
  9
$REGENMODE
 70
1
  9
$FILLMODE
 70
1
  9
$QTEXTMODE
 70
0
  9
$MIRRTEXT
 70
1
  9
$LTSCALE
 40
1.0
  9
$ATTMODE
 70
1
  9
$TEXTSIZE
 40
2.5
  9
$TRACEWID
 40
1.0
  9
$TEXTSTYLE
  7
OpenSans
  9
$CLAYER
  8
0
  9
$CELTYPE
  6
ByLayer
  9
$CECOLOR
 62
256
  9
$CELTSCALE
 40
1.0
  9
$DISPSILH
 70
0
  9
$DIMSCALE
 40
1.0
  9
$DIMASZ
 40
0.175
  9
$DIMEXO
 40
0.125
  9
$DIMDLI
 40
3.75
  9
$DIMRND
 40
0.0
  9
$DIMDLE
 40
0.0
  9
$DIMEXE
 40
0.375
  9
$DIMTP
 40
0.0
  9
$DIMTM
 40
0.0
  9
$DIMTXT
 40
0.25
  9
$DIMCEN
 40
2.5
  9
$DIMTSZ
 40
0.0
  9
$DIMTOL
 70
0
  9
$DIMLIM
 70
0
  9
$DIMTIH
 70
0
  9
$DIMTOH
 70
0
  9
$DIMSE1
 70
0
  9
$DIMSE2
 70
0
  9
$DIMTAD
 70
1
  9
$DIMZIN
 70
12
  9
$DIMBLK
  1
ARCHTICK
  9
$DIMASO
 70
1
  9
$DIMSHO
 70
1
  9
$DIMPOST
  1

  9
$DIMAPOST
  1

  9
$DIMALT
 70
0
  9
$DIMALTD
 70
3
  9
$DIMALTF
 40
0.03937007874
  9
$DIMLFAC
 40
100.0
  9
$DIMTOFL
 70
1
  9
$DIMTVP
 40
0.0
  9
$DIMTIX
 70
0
  9
$DIMSOXD
 70
0
  9
$DIMSAH
 70
0
  9
$DIMBLK1
  1

  9
$DIMBLK2
  1

  9
$DIMSTYLE
  2
EZDXF
  9
$DIMCLRD
 70
0
  9
$DIMCLRE
 70
0
  9
$DIMCLRT
 70
0
  9
$DIMTFAC
 40
0.5
  9
$DIMGAP
 40
0.1
  9
$DIMJUST
 70
0
  9
$DIMSD1
 70
0
  9
$DIMSD2
 70
0
  9
$DIMTOLJ
 70
0
  9
$DIMTZIN
 70
8
  9
$DIMALTZ
 70
0
  9
$DIMALTTZ
 70
0
  9
$DIMUPT
 70
1
  9
$DIMDEC
 70
2
  9
$DIMTDEC
 70
2
  9
$DIMALTU
 70
2
  9
$DIMALTTD
 70
3
  9
$DIMTXSTY
  7
OpenSansCondensed-Light
  9
$DIMAUNIT
 70
0
  9
$DIMADEC
 70
2
  9
$DIMALTRND
 40
0.0
  9
$DIMAZIN
 70
3
  9
$DIMDSEP
 70
46
  9
$DIMATFIT
 70
3
  9
$DIMFRAC
 70
0
  9
$DIMLDRBLK
  1

  9
$DIMLUNIT
 70
2
  9
$DIMLWD
 70
-2
  9
$DIMLWE
 70
-2
  9
$DIMTMOVE
 70
2
  9
$DIMFXL
 40
1.0
  9
$DIMFXLON
 70
0
  9
$DIMJOGANG
 40
0.785398163397
  9
$DIMTFILL
 70
0
  9
$DIMTFILLCLR
 70
0
  9
$DIMARCSYM
 70
0
  9
$DIMLTYPE
  6

  9
$DIMLTEX1
  6

  9
$DIMLTEX2
  6

  9
$DIMTXTDIRECTION
 70
0
  9
$LUNITS
 70
2
  9
$LUPREC
 70
4
  9
$SKETCHINC
 40
1.0
  9
$FILLETRAD
 40
10.0
  9
$AUNITS
 70
0
  9
$AUPREC
 70
2
  9
$MENU
  1
.
  9
$ELEVATION
 40
0.0
  9
$PELEVATION
 40
0.0
  9
$THICKNESS
 40
0.0
  9
$LIMCHECK
 70
0
  9
$CHAMFERA
 40
0.0
  9
$CHAMFERB
 40
0.0
  9
$CHAMFERC
 40
0.0
  9
$CHAMFERD
 40
0.0
  9
$SKPOLY
 70
0
  9
$TDCREATE
 40
2461249.105810185
  9
$TDUCREATE
 40
2458532.153996898
  9
$TDUPDATE
 40
2461249.105810185
  9
$TDUUPDATE
 40
2458532.1544311
  9
$TDINDWG
 40
0.0
  9
$TDUSRTIMER
 40
0.0
  9
$USRTIMER
 70
1
  9
$ANGBASE
 50
0.0
  9
$ANGDIR
 70
0
  9
$PDMODE
 70
0
  9
$PDSIZE
 40
0.0
  9
$PLINEWID
 40
0.0
  9
$SPLFRAME
 70
0
  9
$SPLINETYPE
 70
6
  9
$SPLINESEGS
 70
8
  9
$HANDSEED
  5
356
  9
$SURFTAB1
 70
6
  9
$SURFTAB2
 70
6
  9
$SURFTYPE
 70
6
  9
$SURFU
 70
6
  9
$SURFV
 70
6
  9
$UCSBASE
  2

  9
$UCSNAME
  2

  9
$UCSORG
 10
0.0
 20
0.0
 30
0.0
  9
$UCSXDIR
 10
1.0
 20
0.0
 30
0.0
  9
$UCSYDIR
 10
0.0
 20
1.0
 30
0.0
  9
$UCSORTHOREF
  2

  9
$UCSORTHOVIEW
 70
0
  9
$UCSORGTOP
 10
0.0
 20
0.0
 30
0.0
  9
$UCSORGBOTTOM
 10
0.0
 20
0.0
 30
0.0
  9
$UCSORGLEFT
 10
0.0
 20
0.0
 30
0.0
  9
$UCSORGRIGHT
 10
0.0
 20
0.0
 30
0.0
  9
$UCSORGFRONT
 10
0.0
 20
0.0
 30
0.0
  9
$UCSORGBACK
 10
0.0
 20
0.0
 30
0.0
  9
$PUCSBASE
  2

  9
$PUCSNAME
  2

  9
$PUCSORG
 10
0.0
 20
0.0
 30
0.0
  9
$PUCSXDIR
 10
1.0
 20
0.0
 30
0.0
  9
$PUCSYDIR
 10
0.0
 20
1.0
 30
0.0
  9
$PUCSORTHOREF
  2

  9
$PUCSORTHOVIEW
 70
0
  9
$PUCSORGTOP
 10
0.0
 20
0.0
 30
0.0
  9
$PUCSORGBOTTOM
 10
0.0
 20
0.0
 30
0.0
  9
$PUCSORGLEFT
 10
0.0
 20
0.0
 30
0.0
  9
$PUCSORGRIGHT
 10
0.0
 20
0.0
 30
0.0
  9
$PUCSORGFRONT
 10
0.0
 20
0.0
 30
0.0
  9
$PUCSORGBACK
 10
0.0
 20
0.0
 30
0.0
  9
$USERI1
 70
0
  9
$USERI2
 70
0
  9
$USERI3
 70
0
  9
$USERI4
 70
0
  9
$USERI5
 70
0
  9
$USERR1
 40
0.0
  9
$USERR2
 40
0.0
  9
$USERR3
 40
0.0
  9
$USERR4
 40
0.0
  9
$USERR5
 40
0.0
  9
$WORLDVIEW
 70
1
  9
$SHADEDGE
 70
3
  9
$SHADEDIF
 70
70
  9
$TILEMODE
 70
1
  9
$MAXACTVP
 70
64
  9
$PINSBASE
 10
0.0
 20
0.0
 30
0.0
  9
$PLIMCHECK
 70
0
  9
$PEXTMIN
 10
1e+20
 20
1e+20
 30
1e+20
  9
$PEXTMAX
 10
-1e+20
 20
-1e+20
 30
-1e+20
  9
$PLIMMIN
 10
0.0
 20
0.0
  9
$PLIMMAX
 10
420.0
 20
297.0
  9
$UNITMODE
 70
0
  9
$VISRETAIN
 70
1
  9
$PLINEGEN
 70
0
  9
$PSLTSCALE
 70
1
  9
$TREEDEPTH
 70
3020
  9
$CMLSTYLE
  2
Standard
  9
$CMLJUST
 70
0
  9
$CMLSCALE
 40
20.0
  9
$PROXYGRAPHICS
 70
1
  9
$MEASUREMENT
 70
1
  9
$CELWEIGHT
370
-1
  9
$ENDCAPS
280
0
  9
$JOINSTYLE
280
0
  9
$LWDISPLAY
290
0
  9
$INSUNITS
 70
6
  9
$HYPERLINKBASE
  1

  9
$STYLESHEET
  1

  9
$XEDIT
290
1
  9
$CEPSNTYPE
380
0
  9
$PSTYLEMODE
290
1
  9
$FINGERPRINTGUID
  2
{327058B5-60EE-49D6-BFC9-FBFB02DFE66E}
  9
$VERSIONGUID
  2
{BF6A3927-A490-42B7-981C-90BB7457BDC5}
  9
$EXTNAMES
290
1
  9
$PSVPSCALE
 40
0.0
  9
$OLESTARTUP
290
0
  9
$SORTENTS
280
127
  9
$INDEXCTL
280
0
  9
$HIDETEXT
280
1
  9
$XCLIPFRAME
280
1
  9
$HALOGAP
280
0
  9
$OBSCOLOR
 70
257
  9
$OBSLTYPE
280
0
  9
$INTERSECTIONDISPLAY
280
0
  9
$INTERSECTIONCOLOR
 70
257
  9
$DIMASSOC
280
2
  9
$PROJECTNAME
  1

  9
$CAMERADISPLAY
290
0
  9
$LENSLENGTH
 40
50.0
  9
$CAMERAHEIGHT
 40
0.0
  9
$STEPSPERSEC
 40
24.0
  9
$STEPSIZE
 40
100.0
  9
$3DDWFPREC
 40
2.0
  9
$PSOLWIDTH
 40
0.005
  9
$PSOLHEIGHT
 40
0.08
  9
$LOFTANG1
 40
1.570796326795
  9
$LOFTANG2
 40
1.570796326795
  9
$LOFTMAG1
 40
0.0
  9
$LOFTMAG2
 40
0.0
  9
$LOFTPARAM
 70
7
  9
$LOFTNORMALS
280
1
  9
$LATITUDE
 40
37.795
  9
$LONGITUDE
 40
-122.394
  9
$NORTHDIRECTION
 40
0.0
  9
$TIMEZONE
 70
-8000
  9
$LIGHTGLYPHDISPLAY
280
1
  9
$TILEMODELIGHTSYNCH
280
1
  9
$CMATERIAL
347
20
  9
$SOLIDHIST
280
0
  9
$SHOWHIST
280
1
  9
$DWFFRAME
280
2
  9
$DGNFRAME
280
2
  9
$REALWORLDSCALE
290
1
  9
$INTERFERECOLOR
 62
256
  9
$CSHADOW
280
0
  9
$SHADOWPLANELOCATION
 40
0.0
  0
ENDSEC
  0
SECTION
  2
CLASSES
  0
CLASS
  1
ACDBDICTIONARYWDFLT
  2
AcDbDictionaryWithDefault
  3
ObjectDBX Classes
 90
0
 91
0
280
0
281
0
  0
CLASS
  1
SUN
  2
AcDbSun
  3
SCENEOE
 90
1153
 91
0
280
0
281
0
  0
CLASS
  1
VISUALSTYLE
  2
AcDbVisualStyle
  3
ObjectDBX Classes
 90
4095
 91
0
280
0
281
0
  0
CLASS
  1
MATERIAL
  2
AcDbMaterial
  3
ObjectDBX Classes
 90
1153
 91
0
280
0
281
0
  0
CLASS
  1
SCALE
  2
AcDbScale
  3
ObjectDBX Classes
 90
1153
 91
0
280
0
281
0
  0
CLASS
  1
TABLESTYLE
  2
AcDbTableStyle
  3
ObjectDBX Classes
 90
4095
 91
0
280
0
281
0
  0
CLASS
  1
MLEADERSTYLE
  2
AcDbMLeaderStyle
  3
ACDB_MLEADERSTYLE_CLASS
 90
4095
 91
0
280
0
281
0
  0
CLASS
  1
DICTIONARYVAR
  2
AcDbDictionaryVar
  3
ObjectDBX Classes
 90
0
 91
0
280
0
281
0
  0
CLASS
  1
CELLSTYLEMAP
  2
AcDbCellStyleMap
  3
ObjectDBX Classes
 90
1152
 91
0
280
0
281
0
  0
CLASS
  1
MENTALRAYRENDERSETTINGS
  2
AcDbMentalRayRenderSettings
  3
SCENEOE
 90
1024
 91
0
280
0
281
0
  0
CLASS
  1
ACDBDETAILVIEWSTYLE
  2
AcDbDetailViewStyle
  3
ObjectDBX Classes
 90
1025
 91
0
280
0
281
0
  0
CLASS
  1
ACDBSECTIONVIEWSTYLE
  2
AcDbSectionViewStyle
  3
ObjectDBX Classes
 90
1025
 91
0
280
0
281
0
  0
CLASS
  1
RASTERVARIABLES
  2
AcDbRasterVariables
  3
ISM
 90
0
 91
0
280
0
281
0
  0
CLASS
  1
ACDBPLACEHOLDER
  2
AcDbPlaceHolder
  3
ObjectDBX Classes
 90
0
 91
0
280
0
281
0
  0
CLASS
  1
LAYOUT
  2
AcDbLayout
  3
ObjectDBX Classes
 90
0
 91
0
280
0
281
0
  0
ENDSEC
  0
SECTION
  2
TABLES
  0
TABLE
  2
VPORT
  5
8
330
0
100
AcDbSymbolTable
 70
1
  0
VPORT
  5
23
330
8
100
AcDbSymbolTableRecord
100
AcDbViewportTableRecord
  2
*Active
 70
0
 10
0.0
 20
0.0
 11
1.0
 21
1.0
 12
0.0
 22
0.0
 13
0.0
 23
0.0
 14
0.5
 24
0.5
 15
0.5
 25
0.5
 16
0.0
 26
0.0
 36
1.0
 17
0.0
 27
0.0
 37
0.0
 40
1000.0
 41
1.34
 42
50.0
 43
0.0
 44
0.0
 50
0.0
 51
0.0
 71
0
 72
1000
 73
1
 74
3
 75
0
 76
0
 77
0
 78
0
281
0
 65
0
146
0.0
  0
ENDTAB
  0
TABLE
  2
LTYPE
  5
2
330
0
100
AcDbSymbolTable
 70
21
  0
LTYPE
  5
24
330
2
100
AcDbSymbolTableRecord
100
AcDbLinetypeTableRecord
  2
ByBlock
 70
0
  3

 72
65
 73
0
 40
0.0
  0
LTYPE
  5
25
330
2
100
AcDbSymbolTableRecord
100
AcDbLinetypeTableRecord
  2
ByLayer
 70
0
  3

 72
65
 73
0
 40
0.0
  0
LTYPE
  5
26
330
2
100
AcDbSymbolTableRecord
100
AcDbLinetypeTableRecord
  2
Continuous
 70
0
  3

 72
65
 73
0
 40
0.0
  0
LTYPE
  5
2F
330
2
100
AcDbSymbolTableRecord
100
AcDbLinetypeTableRecord
  2
CENTER
 70
0
  3
Center ____ _ ____ _ ____ _ ____ _ ____ _ ____
 72
65
 73
4
 40
5.08
 49
3.175
 74
0
 49
-0.635
 74
0
 49
0.635
 74
0
 49
-0.635
 74
0
  0
LTYPE
  5
30
330
2
100
AcDbSymbolTableRecord
100
AcDbLinetypeTableRecord
  2
CENTERX2
 70
0
  3
Center (2x) ________  __  ________  __  ________
 72
65
 73
4
 40
8.89
 49
6.35
 74
0
 49
-0.635
 74
0
 49
1.27
 74
0
 49
-0.635
 74
0
  0
LTYPE
  5
31
330
2
100
AcDbSymbolTableRecord
100
AcDbLinetypeTableRecord
  2
CENTER2
 70
0
  3
Center (.5x) ____ _ ____ _ ____ _ ____ _ ____
 72
65
 73
4
 40
2.54
 49
1.587
 74
0
 49
-0.318
 74
0
 49
0.318
 74
0
 49
-0.318
 74
0
  0
LTYPE
  5
32
330
2
100
AcDbSymbolTableRecord
100
AcDbLinetypeTableRecord
  2
DASHED
 70
0
  3
Dashed __ __ __ __ __ __ __ __ __ __ __ __ __ _
 72
65
 73
2
 40
1.524
 49
1.27
 74
0
 49
-0.254
 74
0
  0
LTYPE
  5
33
330
2
100
AcDbSymbolTableRecord
100
AcDbLinetypeTableRecord
  2
DASHEDX2
 70
0
  3
Dashed (2x) ____  ____  ____  ____  ____  ____
 72
65
 73
2
 40
3.048
 49
2.54
 74
0
 49
-0.508
 74
0
  0
LTYPE
  5
34
330
2
100
AcDbSymbolTableRecord
100
AcDbLinetypeTableRecord
  2
DASHED2
 70
0
  3
Dashed (.5x) _ _ _ _ _ _ _ _ _ _ _ _ _ _
 72
65
 73
2
 40
0.762
 49
0.635
 74
0
 49
-0.127
 74
0
  0
LTYPE
  5
35
330
2
100
AcDbSymbolTableRecord
100
AcDbLinetypeTableRecord
  2
PHANTOM
 70
0
  3
Phantom ______  __  __  ______  __  __  ______
 72
65
 73
6
 40
6.35
 49
3.175
 74
0
 49
-0.635
 74
0
 49
0.635
 74
0
 49
-0.635
 74
0
 49
0.635
 74
0
 49
-0.635
 74
0
  0
LTYPE
  5
36
330
2
100
AcDbSymbolTableRecord
100
AcDbLinetypeTableRecord
  2
PHANTOMX2
 70
0
  3
Phantom (2x)____________    ____    ____    ____________
 72
65
 73
6
 40
10.795
 49
6.35
 74
0
 49
-0.635
 74
0
 49
1.27
 74
0
 49
-0.635
 74
0
 49
1.27
 74
0
 49
-0.635
 74
0
  0
LTYPE
  5
37
330
2
100
AcDbSymbolTableRecord
100
AcDbLinetypeTableRecord
  2
PHANTOM2
 70
0
  3
Phantom (.5x) ___ _ _ ___ _ _ ___ _ _ ___ _ _ ___
 72
65
 73
6
 40
3.175
 49
1.587
 74
0
 49
-0.318
 74
0
 49
0.318
 74
0
 49
-0.318
 74
0
 49
0.318
 74
0
 49
-0.318
 74
0
  0
LTYPE
  5
38
330
2
100
AcDbSymbolTableRecord
100
AcDbLinetypeTableRecord
  2
DASHDOT
 70
0
  3
Dash dot __ . __ . __ . __ . __ . __ . __ . __
 72
65
 73
4
 40
3.556
 49
2.54
 74
0
 49
-0.508
 74
0
 49
0.0
 74
0
 49
-0.508
 74
0
  0
LTYPE
  5
39
330
2
100
AcDbSymbolTableRecord
100
AcDbLinetypeTableRecord
  2
DASHDOTX2
 70
0
  3
Dash dot (2x) ____  .  ____  .  ____  .  ____
 72
65
 73
4
 40
6.096
 49
5.08
 74
0
 49
-0.508
 74
0
 49
0.0
 74
0
 49
-0.508
 74
0
  0
LTYPE
  5
3A
330
2
100
AcDbSymbolTableRecord
100
AcDbLinetypeTableRecord
  2
DASHDOT2
 70
0
  3
Dash dot (.5x) _ . _ . _ . _ . _ . _ . _ . _
 72
65
 73
4
 40
1.778
 49
1.27
 74
0
 49
-0.254
 74
0
 49
0.0
 74
0
 49
-0.254
 74
0
  0
LTYPE
  5
3B
330
2
100
AcDbSymbolTableRecord
100
AcDbLinetypeTableRecord
  2
DOT
 70
0
  3
Dot .  .  .  .  .  .  .  .  .  .  .  .  .  .  .  .
 72
65
 73
2
 40
0.508
 49
0.0
 74
0
 49
-0.508
 74
0
  0
LTYPE
  5
3C
330
2
100
AcDbSymbolTableRecord
100
AcDbLinetypeTableRecord
  2
DOTX2
 70
0
  3
Dot (2x) .    .    .    .    .    .    .    . 
 72
65
 73
2
 40
1.016
 49
0.0
 74
0
 49
-1.016
 74
0
  0
LTYPE
  5
3D
330
2
100
AcDbSymbolTableRecord
100
AcDbLinetypeTableRecord
  2
DOT2
 70
0
  3
Dot (.5) . . . . . . . . . . . . . . . . . . . 
 72
65
 73
2
 40
0.254
 49
0.0
 74
0
 49
-0.254
 74
0
  0
LTYPE
  5
3E
330
2
100
AcDbSymbolTableRecord
100
AcDbLinetypeTableRecord
  2
DIVIDE
 70
0
  3
Divide __ . . __ . . __ . . __ . . __ . . __
 72
65
 73
6
 40
4.064
 49
2.54
 74
0
 49
-0.508
 74
0
 49
0.0
 74
0
 49
-0.508
 74
0
 49
0.0
 74
0
 49
-0.508
 74
0
  0
LTYPE
  5
3F
330
2
100
AcDbSymbolTableRecord
100
AcDbLinetypeTableRecord
  2
DIVIDEX2
 70
0
  3
Divide (2x) ____  . .  ____  . .  ____  . .  ____
 72
65
 73
6
 40
6.604
 49
5.08
 74
0
 49
-0.508
 74
0
 49
0.0
 74
0
 49
-0.508
 74
0
 49
0.0
 74
0
 49
-0.508
 74
0
  0
LTYPE
  5
40
330
2
100
AcDbSymbolTableRecord
100
AcDbLinetypeTableRecord
  2
DIVIDE2
 70
0
  3
Divide(.5x) _ . _ . _ . _ . _ . _ . _ . _
 72
65
 73
6
 40
2.032
 49
1.27
 74
0
 49
-0.254
 74
0
 49
0.0
 74
0
 49
-0.254
 74
0
 49
0.0
 74
0
 49
-0.254
 74
0
  0
ENDTAB
  0
TABLE
  2
LAYER
  5
1
330
0
100
AcDbSymbolTable
 70
10
  0
LAYER
  5
27
330
1
100
AcDbSymbolTableRecord
100
AcDbLayerTableRecord
  2
0
 70
0
 62
7
  6
Continuous
370
-3
390
13
347
21
  0
LAYER
  5
28
330
1
100
AcDbSymbolTableRecord
100
AcDbLayerTableRecord
  2
Defpoints
 70
0
 62
7
  6
Continuous
290
0
370
-3
390
13
347
21
  0
LAYER
  5
8A
330
1
100
AcDbSymbolTableRecord
100
AcDbLayerTableRecord
  2
HALL
 70
0
 62
5
  6
Continuous
370
-3
390
13
347
21
  0
LAYER
  5
8B
330
1
100
AcDbSymbolTableRecord
100
AcDbLayerTableRecord
  2
TRACK
 70
0
 62
7
  6
Continuous
370
-3
390
13
347
21
  0
LAYER
  5
8C
330
1
100
AcDbSymbolTableRecord
100
AcDbLayerTableRecord
  2
WALLS
 70
0
 62
8
  6
Continuous
370
-3
390
13
347
21
  0
LAYER
  5
8D
330
1
100
AcDbSymbolTableRecord
100
AcDbLayerTableRecord
  2
GRASS
 70
0
 62
3
  6
Continuous
370
-3
390
13
347
21
  0
LAYER
  5
8E
330
1
100
AcDbSymbolTableRecord
100
AcDbLayerTableRecord
  2
MARKERS
 70
0
 62
1
  6
Continuous
370
-3
390
13
347
21
  0
LAYER
  5
8F
330
1
100
AcDbSymbolTableRecord
100
AcDbLayerTableRecord
  2
FEATURES
 70
0
 62
2
  6
Continuous
370
-3
390
13
347
21
  0
LAYER
  5
90
330
1
100
AcDbSymbolTableRecord
100
AcDbLayerTableRecord
  2
GRID
 70
0
 62
6
  6
Continuous
370
-3
390
13
347
21
  0
LAYER
  5
91
330
1
100
AcDbSymbolTableRecord
100
AcDbLayerTableRecord
  2
FORKS
 70
0
 62
4
  6
Continuous
370
-3
390
13
347
21
  0
ENDTAB
  0
TABLE
  2
STYLE
  5
5
330
0
100
AcDbSymbolTable
 70
26
  0
STYLE
  5
29
330
5
100
AcDbSymbolTableRecord
100
AcDbTextStyleTableRecord
  2
Standard
 70
0
 40
0.0
 41
1.0
 50
0.0
 71
0
 42
2.5
  3
txt
  4

  0
STYLE
  5
41
330
5
100
AcDbSymbolTableRecord
100
AcDbTextStyleTableRecord
  2
OpenSans-Light
 70
0
 40
0.0
 41
1.0
 50
0.0
 71
0
 42
2.5
  3
OpenSans-Light.ttf
  4

  0
STYLE
  5
42
330
5
100
AcDbSymbolTableRecord
100
AcDbTextStyleTableRecord
  2
OpenSans-Light-Italic
 70
0
 40
0.0
 41
1.0
 50
0.0
 71
0
 42
2.5
  3
OpenSans-LightItalic.ttf
  4

  0
STYLE
  5
43
330
5
100
AcDbSymbolTableRecord
100
AcDbTextStyleTableRecord
  2
OpenSans
 70
0
 40
0.0
 41
1.0
 50
0.0
 71
0
 42
2.5
  3
OpenSans-Regular.ttf
  4

  0
STYLE
  5
44
330
5
100
AcDbSymbolTableRecord
100
AcDbTextStyleTableRecord
  2
OpenSans-Italic
 70
0
 40
0.0
 41
1.0
 50
0.0
 71
0
 42
2.5
  3
OpenSans-Italic.ttf
  4

  0
STYLE
  5
45
330
5
100
AcDbSymbolTableRecord
100
AcDbTextStyleTableRecord
  2
OpenSans-SemiBold
 70
0
 40
0.0
 41
1.0
 50
0.0
 71
0
 42
2.5
  3
OpenSans-SemiBold.ttf
  4

  0
STYLE
  5
46
330
5
100
AcDbSymbolTableRecord
100
AcDbTextStyleTableRecord
  2
OpenSans-SemiBoldItalic
 70
0
 40
0.0
 41
1.0
 50
0.0
 71
0
 42
2.5
  3
OpenSans-SemiBoldItalic.ttf
  4

  0
STYLE
  5
47
330
5
100
AcDbSymbolTableRecord
100
AcDbTextStyleTableRecord
  2
OpenSans-Bold
 70
0
 40
0.0
 41
1.0
 50
0.0
 71
0
 42
2.5
  3
OpenSans-Bold.ttf
  4

  0
STYLE
  5
48
330
5
100
AcDbSymbolTableRecord
100
AcDbTextStyleTableRecord
  2
OpenSans-BoldItalic
 70
0
 40
0.0
 41
1.0
 50
0.0
 71
0
 42
2.5
  3
OpenSans-BoldItalic.ttf
  4

  0
STYLE
  5
49
330
5
100
AcDbSymbolTableRecord
100
AcDbTextStyleTableRecord
  2
OpenSans-ExtraBold
 70
0
 40
0.0
 41
1.0
 50
0.0
 71
0
 42
2.5
  3
OpenSans-ExtraBold.ttf
  4

  0
STYLE
  5
4A
330
5
100
AcDbSymbolTableRecord
100
AcDbTextStyleTableRecord
  2
OpenSans-ExtraBoldItalic
 70
0
 40
0.0
 41
1.0
 50
0.0
 71
0
 42
2.5
  3
OpenSans-ExtraBoldItalic.ttf
  4

  0
STYLE
  5
4B
330
5
100
AcDbSymbolTableRecord
100
AcDbTextStyleTableRecord
  2
OpenSansCondensed-Bold
 70
0
 40
0.0
 41
1.0
 50
0.0
 71
0
 42
2.5
  3
OpenSansCondensed-Bold.ttf
  4

  0
STYLE
  5
4C
330
5
100
AcDbSymbolTableRecord
100
AcDbTextStyleTableRecord
  2
OpenSansCondensed-Light
 70
0
 40
0.0
 41
1.0
 50
0.0
 71
0
 42
2.5
  3
OpenSansCondensed-Light.ttf
  4

  0
STYLE
  5
4D
330
5
100
AcDbSymbolTableRecord
100
AcDbTextStyleTableRecord
  2
OpenSansCondensed-Italic
 70
0
 40
0.0
 41
1.0
 50
0.0
 71
0
 42
2.5
  3
OpenSansCondensed-LightItalic.ttf
  4

  0
STYLE
  5
4E
330
5
100
AcDbSymbolTableRecord
100
AcDbTextStyleTableRecord
  2
LiberationSans
 70
0
 40
0.0
 41
1.0
 50
0.0
 71
0
 42
2.5
  3
LiberationSans-Regular.ttf
  4

  0
STYLE
  5
4F
330
5
100
AcDbSymbolTableRecord
100
AcDbTextStyleTableRecord
  2
LiberationSans-Bold
 70
0
 40
0.0
 41
1.0
 50
0.0
 71
0
 42
2.5
  3
LiberationSans-Bold.ttf
  4

  0
STYLE
  5
50
330
5
100
AcDbSymbolTableRecord
100
AcDbTextStyleTableRecord
  2
LiberationSans-BoldItalic
 70
0
 40
0.0
 41
1.0
 50
0.0
 71
0
 42
2.5
  3
LiberationSans-BoldItalic.ttf
  4

  0
STYLE
  5
51
330
5
100
AcDbSymbolTableRecord
100
AcDbTextStyleTableRecord
  2
LiberationSans-Italic
 70
0
 40
0.0
 41
1.0
 50
0.0
 71
0
 42
2.5
  3
LiberationSans-Italic.ttf
  4

  0
STYLE
  5
52
330
5
100
AcDbSymbolTableRecord
100
AcDbTextStyleTableRecord
  2
LiberationSerif
 70
0
 40
0.0
 41
1.0
 50
0.0
 71
0
 42
2.5
  3
LiberationSerif-Regular.ttf
  4

  0
STYLE
  5
53
330
5
100
AcDbSymbolTableRecord
100
AcDbTextStyleTableRecord
  2
LiberationSerif-Bold
 70
0
 40
0.0
 41
1.0
 50
0.0
 71
0
 42
2.5
  3
LiberationSerif-Bold.ttf
  4

  0
STYLE
  5
54
330
5
100
AcDbSymbolTableRecord
100
AcDbTextStyleTableRecord
  2
LiberationSerif-BoldItalic
 70
0
 40
0.0
 41
1.0
 50
0.0
 71
0
 42
2.5
  3
LiberationSerif-BoldItalic.ttf
  4

  0
STYLE
  5
55
330
5
100
AcDbSymbolTableRecord
100
AcDbTextStyleTableRecord
  2
LiberationSerif-Italic
 70
0
 40
0.0
 41
1.0
 50
0.0
 71
0
 42
2.5
  3
LiberationSerif-Italic.ttf
  4

  0
STYLE
  5
56
330
5
100
AcDbSymbolTableRecord
100
AcDbTextStyleTableRecord
  2
LiberationMono
 70
0
 40
0.0
 41
1.0
 50
0.0
 71
0
 42
2.5
  3
LiberationMono-Regular.ttf
  4

  0
STYLE
  5
57
330
5
100
AcDbSymbolTableRecord
100
AcDbTextStyleTableRecord
  2
LiberationMono-Bold
 70
0
 40
0.0
 41
1.0
 50
0.0
 71
0
 42
2.5
  3
LiberationMono-Bold.ttf
  4

  0
STYLE
  5
58
330
5
100
AcDbSymbolTableRecord
100
AcDbTextStyleTableRecord
  2
LiberationMono-BoldItalic
 70
0
 40
0.0
 41
1.0
 50
0.0
 71
0
 42
2.5
  3
LiberationMono-BoldItalic.ttf
  4

  0
STYLE
  5
59
330
5
100
AcDbSymbolTableRecord
100
AcDbTextStyleTableRecord
  2
LiberationMono-Italic
 70
0
 40
0.0
 41
1.0
 50
0.0
 71
0
 42
2.5
  3
LiberationMono-Italic.ttf
  4

  0
ENDTAB
  0
TABLE
  2
VIEW
  5
7
330
0
100
AcDbSymbolTable
 70
0
  0
ENDTAB
  0
TABLE
  2
UCS
  5
6
330
0
100
AcDbSymbolTable
 70
0
  0
ENDTAB
  0
TABLE
  2
APPID
  5
3
330
0
100
AcDbSymbolTable
 70
3
  0
APPID
  5
2A
330
3
100
AcDbSymbolTableRecord
100
AcDbRegAppTableRecord
  2
ACAD
 70
0
  0
APPID
  5
353
330
3
100
AcDbSymbolTableRecord
100
AcDbRegAppTableRecord
  2
HATCHBACKGROUNDCOLOR
 70
0
  0
APPID
  5
354
330
3
100
AcDbSymbolTableRecord
100
AcDbRegAppTableRecord
  2
EZDXF
 70
0
  0
ENDTAB
  0
TABLE
  2
DIMSTYLE
  5
4
330
0
100
AcDbSymbolTable
 70
12
100
AcDbDimStyleTable
  0
DIMSTYLE
105
2B
330
4
100
AcDbSymbolTableRecord
100
AcDbDimStyleTableRecord
  2
Standard
 70
0
 40
1.0
 41
2.5
 42
0.625
 43
3.75
 44
1.25
 45
0.0
 46
0.0
 47
0.0
 48
0.0
 49
2.5
140
2.5
141
2.5
142
0.0
143
0.03937007874
144
1.0
145
0.0
146
1.0
147
0.625
148
0.0
 69
0
 70
0
 71
0
 72
0
 73
0
 74
0
 75
0
 76
0
 77
1
 78
8
 79
3
170
0
171
3
172
1
173
0
174
0
175
0
176
0
177
0
178
0
179
2
271
2
272
2
273
2
274
3
275
0
276
0
277
2
278
44
279
0
280
0
281
0
282
0
283
0
284
8
285
0
286
0
288
0
289
3
290
0
371
-2
372
-2
  0
DIMSTYLE
105
73
330
4
100
AcDbSymbolTableRecord
100
AcDbDimStyleTableRecord
  2
EZDXF
 70
0
 40
1.0
 41
0.175
 42
0.125
 43
3.75
 44
0.375
 45
0.0
 46
0.0
 47
0.0
 48
0.0
 49
2.5
140
0.25
141
2.5
142
0.0
143
0.03937007874
144
100.0
145
0.0
146
0.5
147
0.1
148
0.0
 69
0
 70
0
 71
0
 72
0
 73
0
 74
0
 75
0
 76
0
 77
1
 78
12
 79
3
170
0
171
3
172
1
173
0
174
0
175
0
176
0
177
0
178
0
179
2
271
2
272
2
273
2
274
3
275
0
276
0
277
2
278
46
279
2
280
0
281
0
282
0
283
0
284
8
285
0
286
0
288
1
289
3
290
0
340
4C
342
74
371
-2
372
-2
  0
DIMSTYLE
105
7C
330
4
100
AcDbSymbolTableRecord
100
AcDbDimStyleTableRecord
  2
EZ_M_100_H25_CM
 70
0
 40
1.0
 41
0.25
 42
0.125
 43
3.75
 44
0.375
 45
0.0
 46
0.0
 47
0.0
 48
0.0
 49
2.5
140
0.25
141
2.5
142
0.125
143
0.03937007874
144
100.0
145
0.0
146
0.5
147
0.1
148
0.0
 69
0
 70
0
 71
0
 72
0
 73
0
 74
0
 75
0
 76
0
 77
1
 78
12
 79
3
170
0
171
3
172
1
173
0
174
0
175
0
176
0
177
0
178
0
179
2
271
2
272
2
273
2
274
3
275
0
276
0
277
2
278
46
279
2
280
0
281
0
282
0
283
0
284
8
285
0
286
0
288
1
289
3
290
0
340
4C
371
-2
372
-2
  0
DIMSTYLE
105
7D
330
4
100
AcDbSymbolTableRecord
100
AcDbDimStyleTableRecord
  2
EZ_M_50_H25_CM
 70
0
 40
1.0
 41
0.125
 42
0.0625
 43
3.75
 44
0.1875
 45
0.0
 46
0.0
 47
0.0
 48
0.0
 49
2.5
140
0.125
141
2.5
142
0.0625
143
0.03937007874
144
100.0
145
0.0
146
0.5
147
0.05
148
0.0
 69
0
 70
0
 71
0
 72
0
 73
0
 74
0
 75
0
 76
0
 77
1
 78
12
 79
3
170
0
171
3
172
1
173
0
174
0
175
0
176
0
177
0
178
0
179
2
271
2
272
2
273
2
274
3
275
0
276
0
277
2
278
46
279
2
280
0
281
0
282
0
283
0
284
8
285
0
286
0
288
1
289
3
290
0
340
4C
371
-2
372
-2
  0
DIMSTYLE
105
7E
330
4
100
AcDbSymbolTableRecord
100
AcDbDimStyleTableRecord
  2
EZ_M_25_H25_CM
 70
0
 40
1.0
 41
0.0625
 42
0.03125
 43
3.75
 44
0.09375
 45
0.0
 46
0.0
 47
0.0
 48
0.0
 49
2.5
140
0.0625
141
2.5
142
0.03125
143
0.03937007874
144
100.0
145
0.0
146
0.5
147
0.025
148
0.0
 69
0
 70
0
 71
0
 72
0
 73
0
 74
0
 75
0
 76
0
 77
1
 78
12
 79
3
170
0
171
3
172
1
173
0
174
0
175
0
176
0
177
0
178
0
179
2
271
2
272
2
273
2
274
3
275
0
276
0
277
2
278
46
279
2
280
0
281
0
282
0
283
0
284
8
285
0
286
0
288
1
289
3
290
0
340
4C
371
-2
372
-2
  0
DIMSTYLE
105
7F
330
4
100
AcDbSymbolTableRecord
100
AcDbDimStyleTableRecord
  2
EZ_M_20_H25_CM
 70
0
 40
1.0
 41
0.05
 42
0.025
 43
3.75
 44
0.07500000000000001
 45
0.0
 46
0.0
 47
0.0
 48
0.0
 49
2.5
140
0.05
141
2.5
142
0.025
143
0.03937007874
144
100.0
145
0.0
146
0.5
147
0.020000000000000004
148
0.0
 69
0
 70
0
 71
0
 72
0
 73
0
 74
0
 75
0
 76
0
 77
1
 78
12
 79
3
170
0
171
3
172
1
173
0
174
0
175
0
176
0
177
0
178
0
179
2
271
2
272
2
273
2
274
3
275
0
276
0
277
2
278
46
279
2
280
0
281
0
282
0
283
0
284
8
285
0
286
0
288
1
289
3
290
0
340
4C
371
-2
372
-2
  0
DIMSTYLE
105
80
330
4
100
AcDbSymbolTableRecord
100
AcDbDimStyleTableRecord
  2
EZ_M_10_H25_CM
 70
0
 40
1.0
 41
0.025
 42
0.0125
 43
3.75
 44
0.037500000000000006
 45
0.0
 46
0.0
 47
0.0
 48
0.0
 49
2.5
140
0.025
141
2.5
142
0.0125
143
0.03937007874
144
100.0
145
0.0
146
0.5
147
0.010000000000000002
148
0.0
 69
0
 70
0
 71
0
 72
0
 73
0
 74
0
 75
0
 76
0
 77
1
 78
12
 79
3
170
0
171
3
172
1
173
0
174
0
175
0
176
0
177
0
178
0
179
2
271
2
272
2
273
2
274
3
275
0
276
0
277
2
278
46
279
2
280
0
281
0
282
0
283
0
284
8
285
0
286
0
288
1
289
3
290
0
340
4C
371
-2
372
-2
  0
DIMSTYLE
105
81
330
4
100
AcDbSymbolTableRecord
100
AcDbDimStyleTableRecord
  2
EZ_M_5_H25_CM
 70
0
 40
1.0
 41
0.0125
 42
0.00625
 43
3.75
 44
0.018750000000000003
 45
0.0
 46
0.0
 47
0.0
 48
0.0
 49
2.5
140
0.0125
141
2.5
142
0.00625
143
0.03937007874
144
100.0
145
0.0
146
0.5
147
0.005000000000000001
148
0.0
 69
0
 70
0
 71
0
 72
0
 73
0
 74
0
 75
0
 76
0
 77
1
 78
12
 79
3
170
0
171
3
172
1
173
0
174
0
175
0
176
0
177
0
178
0
179
2
271
2
272
2
273
2
274
3
275
0
276
0
277
2
278
46
279
2
280
0
281
0
282
0
283
0
284
8
285
0
286
0
288
1
289
3
290
0
340
4C
371
-2
372
-2
  0
DIMSTYLE
105
82
330
4
100
AcDbSymbolTableRecord
100
AcDbDimStyleTableRecord
  2
EZ_M_1_H25_CM
 70
0
 40
1.0
 41
0.0025
 42
0.00125
 43
3.75
 44
0.00375
 45
0.0
 46
0.0
 47
0.0
 48
0.0
 49
2.5
140
0.0025
141
2.5
142
0.00125
143
0.03937007874
144
100.0
145
0.0
146
0.5
147
0.001
148
0.0
 69
0
 70
0
 71
0
 72
0
 73
0
 74
0
 75
0
 76
0
 77
1
 78
12
 79
3
170
0
171
3
172
1
173
0
174
0
175
0
176
0
177
0
178
0
179
2
271
2
272
2
273
2
274
3
275
0
276
0
277
2
278
46
279
2
280
0
281
0
282
0
283
0
284
8
285
0
286
0
288
1
289
3
290
0
340
4C
371
-2
372
-2
  0
DIMSTYLE
105
83
330
4
100
AcDbSymbolTableRecord
100
AcDbDimStyleTableRecord
  2
EZ_RADIUS
 70
0
 40
1.0
 41
0.25
 42
0.125
 43
3.75
 44
0.375
 45
0.0
 46
0.0
 47
0.0
 48
0.0
 49
2.5
140
0.25
141
0.0
142
0.0
143
0.03937007874
144
100.0
145
0.0
146
0.5
147
0.1
148
0.0
 69
0
 70
0
 71
0
 72
0
 73
0
 74
0
 75
0
 76
0
 77
1
 78
12
 79
3
170
0
171
3
172
0
173
0
174
0
175
0
176
0
177
0
178
0
179
2
271
2
272
2
273
2
274
3
275
0
276
0
277
2
278
46
279
1
280
0
281
0
282
0
283
0
284
8
285
0
286
0
288
1
289
3
290
0
340
4C
342
84
371
-2
372
-2
  0
DIMSTYLE
105
88
330
4
100
AcDbSymbolTableRecord
100
AcDbDimStyleTableRecord
  2
EZ_RADIUS_INSIDE
 70
0
 40
1.0
 41
0.25
 42
0.125
 43
3.75
 44
0.375
 45
0.0
 46
0.0
 47
0.0
 48
0.0
 49
2.5
140
0.25
141
0.0
142
0.0
143
0.03937007874
144
100.0
145
0.0
146
0.5
147
0.1
148
0.0
 69
0
 70
0
 71
0
 72
0
 73
0
 74
0
 75
0
 76
0
 77
0
 78
12
 79
3
170
0
171
3
172
0
173
0
174
1
175
0
176
0
177
0
178
0
179
2
271
2
272
2
273
2
274
3
275
0
276
0
277
2
278
46
279
0
280
0
281
0
282
0
283
0
284
8
285
0
286
0
288
1
289
0
290
0
340
4C
342
84
371
-2
372
-2
  0
DIMSTYLE
105
89
330
4
100
AcDbSymbolTableRecord
100
AcDbDimStyleTableRecord
  2
EZ_CURVED
 70
0
 40
1.0
 41
0.25
 42
0.125
 43
3.75
 44
0.375
 45
0.0
 46
0.0
 47
0.0
 48
0.0
 49
2.5
140
0.25
141
2.5
142
0.0
143
0.03937007874
144
100.0
145
0.0
146
0.5
147
0.1
148
0.0
 69
0
 70
0
 71
0
 72
0
 73
0
 74
0
 75
0
 76
0
 77
1
 78
12
 79
2
 90
2
170
0
171
3
172
1
173
0
174
0
175
0
176
0
177
0
178
0
179
2
271
2
272
2
273
2
274
3
275
0
276
0
277
2
278
46
279
2
280
0
281
0
282
0
283
0
284
8
285
0
286
0
288
1
289
3
290
0
340
4C
371
-2
372
-2
  0
ENDTAB
  0
TABLE
  2
BLOCK_RECORD
  5
9
330
0
100
AcDbSymbolTable
 70
5
  0
BLOCK_RECORD
  5
17
330
9
100
AcDbSymbolTableRecord
100
AcDbBlockTableRecord
  2
*Model_Space
340
1A
 70
0
280
1
281
0
  0
BLOCK_RECORD
  5
1B
330
9
100
AcDbSymbolTableRecord
100
AcDbBlockTableRecord
  2
*Paper_Space
340
1E
 70
0
280
1
281
0
  0
BLOCK_RECORD
  5
74
330
9
100
AcDbSymbolTableRecord
100
AcDbBlockTableRecord
  2
_ARCHTICK
340
0
 70
0
280
1
281
0
  0
BLOCK_RECORD
  5
78
330
9
100
AcDbSymbolTableRecord
100
AcDbBlockTableRecord
  2
_CLOSEDFILLED
340
0
 70
0
280
1
281
0
  0
BLOCK_RECORD
  5
84
330
9
100
AcDbSymbolTableRecord
100
AcDbBlockTableRecord
  2
_CLOSEDBLANK
340
0
 70
0
280
1
281
0
  0
ENDTAB
  0
ENDSEC
  0
SECTION
  2
BLOCKS
  0
BLOCK
  5
18
330
17
100
AcDbEntity
  8
0
100
AcDbBlockBegin
  2
*Model_Space
 70
0
 10
0.0
 20
0.0
 30
0.0
  3
*Model_Space
  1

  0
ENDBLK
  5
19
330
17
100
AcDbEntity
  8
0
100
AcDbBlockEnd
  0
BLOCK
  5
1C
330
1B
100
AcDbEntity
  8
0
100
AcDbBlockBegin
  2
*Paper_Space
 70
0
 10
0.0
 20
0.0
 30
0.0
  3
*Paper_Space
  1

  0
ENDBLK
  5
1D
330
1B
100
AcDbEntity
  8
0
100
AcDbBlockEnd
  0
BLOCK
  5
75
330
74
100
AcDbEntity
  8
0
100
AcDbBlockBegin
  2
_ARCHTICK
 70
0
 10
0.0
 20
0.0
 30
0.0
  3
_ARCHTICK
  1

  0
LWPOLYLINE
  5
77
330
74
100
AcDbEntity
  8
0
  6
BYBLOCK
 62
0
100
AcDbPolyline
 90
2
 70
0
 43
0.15
 10
-0.5
 20
-0.5
 10
0.5
 20
0.5
  0
ENDBLK
  5
76
330
74
100
AcDbEntity
  8
0
100
AcDbBlockEnd
  0
BLOCK
  5
79
330
78
100
AcDbEntity
  8
0
100
AcDbBlockBegin
  2
_CLOSEDFILLED
 70
0
 10
0.0
 20
0.0
 30
0.0
  3
_CLOSEDFILLED
  1

  0
SOLID
  5
7B
330
78
100
AcDbEntity
  8
0
  6
BYBLOCK
 62
0
100
AcDbTrace
 10
-1.0
 20
0.16439898372402537
 30
0.0
 11
0.0
 21
0.0
 31
0.0
 12
-1.0
 22
-0.16439898372402537
 32
0.0
 13
-1.0
 23
-0.16439898372402537
 33
0.0
  0
ENDBLK
  5
7A
330
78
100
AcDbEntity
  8
0
100
AcDbBlockEnd
  0
BLOCK
  5
85
330
84
100
AcDbEntity
  8
0
100
AcDbBlockBegin
  2
_CLOSEDBLANK
 70
0
 10
0.0
 20
0.0
 30
0.0
  3
_CLOSEDBLANK
  1

  0
LWPOLYLINE
  5
87
330
84
100
AcDbEntity
  8
0
  6
BYBLOCK
 62
0
100
AcDbPolyline
 90
3
 70
1
 10
-1.0
 20
0.16439898372402537
 10
0.0
 20
0.0
 10
-1.0
 20
-0.16439898372402537
  0
ENDBLK
  5
86
330
84
100
AcDbEntity
  8
0
100
AcDbBlockEnd
  0
ENDSEC
  0
SECTION
  2
ENTITIES
  0
LWPOLYLINE
  5
92
330
17
100
AcDbEntity
  8
HALL
100
AcDbPolyline
 90
5
 70
0
 10
0.0
 20
0.0
 10
11.0
 20
0.0
 10
11.0
 20
14.5
 10
0.0
 20
14.5
 10
0.0
 20
0.0
  0
LWPOLYLINE
  5
93
330
17
100
AcDbEntity
  8
TRACK
100
AcDbPolyline
 90
2332
 70
1
 10
9.79100016715369
 20
6.466741875513185
 10
9.79092140937569
 20
6.485797657477649
 10
9.790841090828556
 20
6.505882756530288
 10
9.790780560968706
 20
6.526055465980821
 10
9.790740368424043
 20
6.546140788153251
 10
9.790700810074158
 20
6.565963662319307
 10
9.790621454737717
 20
6.585786316977678
 10
9.790541136941481
 20
6.6058712157993815
 10
9.790480584100422
 20
6.626043925180963
 10
9.790440391305411
 20
6.646129347469297
 10
9.790400832655266
 20
6.665952321751135
 10
9.790321500099804
 20
6.685774976477692
 10
9.79024118305446
 20
6.705859675068467
 10
9.790180607232193
 20
6.726032384381112
 10
9.790140414186778
 20
6.746117906785342
 10
9.79010085523643
 20
6.765940981182972
 10
9.790021545461947
 20
6.785763635977729
 10
9.7899412291675
 20
6.805848134337561
 10
9.789880630364024
 20
6.826020843581254
 10
9.789840437068147
 20
6.8461064661013875
 10
9.789800877817651
 20
6.865929640614802
 10
9.789721590824147
 20
6.885752295477753
 10
9.789641275280594
 20
6.905836593606646
 10
9.78958065349591
 20
6.926009302781403
 10
9.789540459949515
 20
6.946095025417432
 10
9.789500900398929
 20
6.965918300046631
 10
9.789421636186404
 20
6.985740954977783
 10
9.789341321393747
 20
7.005825052875741
 10
9.789280676627856
 20
7.025997761981546
 10
9.789240482830882
 20
7.046083584733478
 10
9.789200922980266
 20
7.065906959478468
 10
9.78912168154872
 20
7.085729614477806
 10
9.789041693342947
 20
7.1057266656635045
 10
9.788961702735437
 20
7.125724317541215
 10
9.788881712127925
 20
7.145721969418933
 10
9.788801111142043
 20
7.165893915148451
 10
9.788760516633083
 20
7.186066684340397
 10
9.788720714674735
 20
7.20597841288278
 10
9.78866141774746
 20
7.2258011276508585
 10
9.788581757890386
 20
7.245710528803628
 10
9.788501157205282
 20
7.26588237441735
 10
9.788460539715114
 20
7.2860551435405085
 10
9.788420737306273
 20
7.305967072314738
 10
9.788361463159976
 20
7.3257897871511455
 10
9.788281803652847
 20
7.345699088188309
 10
9.788201203268578
 20
7.365870833686256
 10
9.788160562797202
 20
7.38604360274062
 10
9.788120759937868
 20
7.40595573174668
 10
9.78806150857255
 20
7.425778446651432
 10
9.787981849415308
 20
7.445687647572989
 10
9.78790124933193
 20
7.465859292955155
 10
9.787860585879347
 20
7.4860320619407315
 10
9.787820782569518
 20
7.505944391178622
 10
9.787761553985177
 20
7.525767106151726
 10
9.78768189517777
 20
7.545676206957694
 10
9.787601295395342
 20
7.565847752224062
 10
9.78756060896155
 20
7.586020521140835
 10
9.787520805201229
 20
7.605933050610572
 10
9.787461599397867
 20
7.625755765652021
 10
9.787381940940232
 20
7.6456647663423745
 10
9.78730134145881
 20
7.6658362114929615
 10
9.787260632043811
 20
7.686008980340939
 10
9.787220827832995
 20
7.705921710042507
 10
9.787161644810611
 20
7.725744425152308
 10
9.787081986702692
 20
7.745653325727071
 10
9.787001996095182
 20
7.765650977604781
 10
9.78692200548767
 20
7.785648629482498
 10
9.786841691510224
 20
7.805732424407141
 10
9.786780862292053
 20
7.825905132959584
 10
9.786740666481823
 20
7.845991759263947
 10
9.786701104225157
 20
7.86581593756047
 10
9.786622045638804
 20
7.885638593107151
 10
9.786541737623894
 20
7.9057208836762305
 10
9.786480885424513
 20
7.925893592159728
 10
9.78644068936319
 20
7.945980318579993
 10
9.786401126807009
 20
7.965804596992308
 10
9.786322091001637
 20
7.985627252607185
 10
9.786241783737621
 20
8.005709342945327
 10
9.786180908557032
 20
8.025882051359877
 10
9.786140712244558
 20
8.045968877896039
 10
9.78610114938892
 20
8.065793256424149
 10
9.786022136364528
 20
8.085615912107214
 10
9.785941829851405
 20
8.105697802214417
 10
9.78588093168961
 20
8.125870510560029
 10
9.785840735125927
 20
8.145957437212084
 10
9.785801171970887
 20
8.165781915855979
 10
9.785722181727474
 20
8.18560457160724
 10
9.785641875965247
 20
8.205686261483505
 10
9.785580954822242
 20
8.225858969760171
 10
9.785540758007294
 20
8.24594599652813
 10
9.78550119455291
 20
8.265770575287819
 10
9.785422227090477
 20
8.285593231107276
 10
9.785342243692465
 20
8.30558907828366
 10
9.785262253084955
 20
8.325586730161383
 10
9.785182262477445
 20
8.345584382039094
 10
9.785101665112583
 20
8.365755123753958
 10
9.78506079422651
 20
8.385927892118568
 10
9.785020986850428
 20
8.405842028693476
 10
9.784961963892256
 20
8.42566474428348
 10
9.784882308239906
 20
8.445572941423782
 10
9.784801711176511
 20
8.465743583022858
 10
9.784760817309229
 20
8.485916351318672
 10
9.784721009482652
 20
8.505830688125425
 10
9.78466200930546
 20
8.525653403783776
 10
9.784582354002367
 20
8.545561500808471
 10
9.784501757240497
 20
8.565732042291767
 10
9.784460840392006
 20
8.585904810518784
 10
9.784421032114937
 20
8.605819347557368
 10
9.784362054718722
 20
8.62564206328406
 10
9.784282399764827
 20
8.645550060193159
 10
9.784201803304539
 20
8.665720501560676
 10
9.784160863474838
 20
8.685893269718886
 10
9.784121054747276
 20
8.70580800698932
 10
9.784062100132042
 20
8.725630722784356
 10
9.783982445527288
 20
8.745538619577848
 10
9.78390184936864
 20
8.765708960829583
 10
9.783860886557731
 20
8.785881728918998
 10
9.783821077379676
 20
8.805796666421262
 10
9.783762145545417
 20
8.825619382284653
 10
9.78368249128975
 20
8.845527178962543
 10
9.783601895432797
 20
8.865697420098487
 10
9.78356090964068
 20
8.885870188119103
 10
9.78352110001213
 20
8.905785325853206
 10
9.78346219095885
 20
8.925608041784944
 10
9.783382537052212
 20
8.945515738347225
 10
9.7833025464447
 20
8.965513390224942
 10
9.78322255583719
 20
8.98551104210266
 10
9.783142246087252
 20
9.00559363301494
 10
9.78308114049197
 20
9.025766340738219
 10
9.783040941658234
 20
9.045854171058583
 10
9.783001375803329
 20
9.065679553369835
 10
9.782922591186091
 20
9.085502209736665
 10
9.782842292201611
 20
9.105582092284038
 10
9.78278116362512
 20
9.125754799938363
 10
9.782740964539602
 20
9.145842730374628
 10
9.782701398385871
 20
9.16566821280167
 10
9.782622636549611
 20
9.18549086923669
 10
9.782542338316025
 20
9.20557055155313
 10
9.782481186758327
 20
9.225743259138513
 10
9.78244098742097
 20
9.245831289690672
 10
9.782401420968469
 20
9.265656872233508
 10
9.78232268191319
 20
9.285479528736735
 10
9.7822423844305
 20
9.305559010822229
 10
9.782181209891592
 20
9.325731718338657
 10
9.782141010302338
 20
9.345819849006718
 10
9.782101443551126
 20
9.365645531665344
 10
9.782022727276825
 20
9.385468188236759
 10
9.781942430545028
 20
9.405547470091323
 10
9.781881233024913
 20
9.425720177538809
 10
9.781841033183705
 20
9.445808408322764
 10
9.781801466133839
 20
9.465634191097184
 10
9.781722772640517
 20
9.485456847736806
 10
9.781642476659618
 20
9.505535929360423
 10
9.781581256158294
 20
9.525708636738955
 10
9.781541056065073
 20
9.54579696763881
 10
9.78150148871661
 20
9.565622850529019
 10
9.781422818004266
 20
9.585445507236837
 10
9.781342839804447
 20
9.605440050288514
 10
9.781262849196937
 20
9.625437702166225
 10
9.781182858589425
 20
9.645435354043936
 10
9.781102265156024
 20
9.665604791628391
 10
9.781061094911625
 20
9.685777559096826
 10
9.781021281667314
 20
9.705694303936133
 10
9.780962555459228
 20
9.725517020416444
 10
9.780882904351886
 20
9.745423913428638
 10
9.7808023112207
 20
9.765593250897302
 10
9.780761117995091
 20
9.785766018296929
 10
9.780721304300288
 20
9.805682963368083
 10
9.78066260087318
 20
9.825505679916736
 10
9.780582950114347
 20
9.84541247281332
 10
9.780502357285432
 20
9.86558171016621
 10
9.780461141078614
 20
9.885754477497033
 10
9.780421326933316
 20
9.90567162280002
 10
9.780362646287186
 20
9.925494339417037
 10
9.780282995876808
 20
9.945401032198008
 10
9.780202403350218
 20
9.965570169435116
 10
9.780161164162195
 20
9.98574293669715
 10
9.780121349566404
 20
10.005660282231972
 10
9.780062691701252
 20
10.02548299891733
 10
9.77998304163927
 20
10.045389591582703
 10
9.779902449415067
 20
10.065558628704027
 10
9.779861187245832
 20
10.085731395897255
 10
9.779821372199548
 20
10.105648941663924
 10
9.779762737115375
 20
10.125471658417624
 10
9.77968308740173
 20
10.145378150967378
 10
9.779602495479967
 20
10.165547087972929
 10
9.779561210329526
 20
10.185719855097368
 10
9.779521394832749
 20
10.205637601095868
 10
9.779462782529553
 20
10.225460317917923
 10
9.779383133164192
 20
10.24536671035208
 10
9.779303142556682
 20
10.265364362229791
 10
9.77922315194917
 20
10.285362014107507
 10
9.779142846787611
 20
10.305443300891875
 10
9.779081441834007
 20
10.325616007717
 10
9.779041239716012
 20
10.345705142169278
 10
9.779001669973018
 20
10.36553182861106
 10
9.778923182105869
 20
10.38535448586625
 10
9.778842892902716
 20
10.40543176016097
 10
9.778781464967903
 20
10.425604466917147
 10
9.778741262597379
 20
10.445693701485324
 10
9.778701692556304
 20
10.465520488042904
 10
9.778623227470135
 20
10.485343145366294
 10
9.778542939017877
 20
10.505420219430073
 10
9.778481488101857
 20
10.5255929261173
 10
9.778441285478747
 20
10.54568226080137
 10
9.77840171513965
 20
10.565509147474748
 10
9.778323272834461
 20
10.585331804866328
 10
9.778242985133097
 20
10.605408678699169
 10
9.77818151123587
 20
10.625581385317453
 10
9.778141308360116
 20
10.645670820117404
 10
9.778101737723052
 20
10.665497806906576
 10
9.77802331819884
 20
10.685320464366372
 10
9.777943031248373
 20
10.705397137968273
 10
9.777881534369936
 20
10.725569844517596
 10
9.777841331241483
 20
10.74565937943346
 10
9.777801760306511
 20
10.765486466338427
 10
9.77772336356328
 20
10.785309123866408
 10
9.777643077363706
 20
10.805385597237368
 10
9.777581557504062
 20
10.82555830371775
 10
9.777541354122851
 20
10.845647938749506
 10
9.77750178289003
 20
10.865475125770264
 10
9.777423408927776
 20
10.885297783366445
 10
9.777343435916427
 20
10.90529102229335
 10
9.777263445308915
 20
10.925288674171076
 10
9.777183454701404
 20
10.9452863260488
 10
9.777102865209185
 20
10.96545445950287
 10
9.777061395606461
 20
10.985627226075094
 10
9.777021576493924
 20
11.005546579178798
 10
9.77696314703592
 20
11.025369296549444
 10
9.776883500463867
 20
11.045274885433482
 10
9.776802911274606
 20
11.065442918771776
 10
9.776761418690674
 20
11.085615685275206
 10
9.776721599127642
 20
11.105535238610742
 10
9.776663192450616
 20
11.125357956049735
 10
9.776583546226327
 20
11.145263444818172
 10
9.776502957340083
 20
11.16543137804069
 10
9.776461441774943
 20
11.18560414447531
 10
9.776421621761417
 20
11.205523898042694
 10
9.77636323786537
 20
11.22534661555004
 10
9.776283591988788
 20
11.24525200420286
 10
9.776203003405618
 20
11.265419837309603
 10
9.77616146485927
 20
11.285592603675422
 10
9.77612164439525
 20
11.305512557474641
 10
9.776063283280182
 20
11.325335275050342
 10
9.775983637751251
 20
11.345240563587556
 10
9.775903049471212
 20
11.36540829657851
 10
9.775861487943654
 20
11.385581062875518
 10
9.77582166702914
 20
11.405501216906586
 10
9.77576332869505
 20
11.42532393455064
 10
9.77568368351371
 20
11.445229122972238
 10
9.7756036929062
 20
11.465226774849961
 10
9.77552370229869
 20
11.485224426727674
 10
9.775443401381894
 20
11.505304509499753
 10
9.77538172005118
 20
11.525477215495666
 10
9.775341514892423
 20
11.545567553963917
 10
9.775301941568447
 20
11.565395444420481
 10
9.775223727670411
 20
11.585218102495872
 10
9.77514344749769
 20
11.605292968768861
 10
9.775081743185766
 20
11.625465674695805
 10
9.77504153777379
 20
11.645556113279955
 10
9.775001964152422
 20
11.665384103852327
 10
9.774923773035367
 20
11.685206761995913
 10
9.774843493613538
 20
11.705281428037958
 10
9.774781766320407
 20
11.725454133895965
 10
9.774741560655158
 20
11.745544672596008
 10
9.774701986736456
 20
11.765372763284166
 10
9.774623818400379
 20
11.785195421495958
 10
9.774543539729448
 20
11.805269887307066
 10
9.774481789455109
 20
11.825442593096112
 10
9.774441583536527
 20
11.845533231912052
 10
9.774401330994257
 20
11.865700586518988
 10
9.774400000083835
 20
11.885873396879251
 10
9.774400076910904
 20
11.906040695081614
 10
9.77443825249468
 20
11.926388429712008
 10
9.774518888040381
 20
11.94657200869492
 10
9.774598878647891
 20
11.96656966057263
 10
9.774678869255402
 20
11.986567312450347
 10
9.77475855131777
 20
12.006483033136556
 10
9.774819286234388
 20
12.026305743590923
 10
9.774859070898637
 20
12.046210449143844
 10
9.774898787904458
 20
12.065700071901823
 10
9.77482390989147
 20
12.08517273129692
 10
9.77474560115763
 20
12.104826233290778
 10
9.774596316977174
 20
12.124123354645095
 10
9.774360435179926
 20
12.143747106136829
 10
9.774142045927892
 20
12.162385454746898
 10
9.7736251249586
 20
12.180971692997755
 10
9.77309050686428
 20
12.200095384292714
 10
9.772407976270532
 20
12.218336895111653
 10
9.771490961213873
 20
12.237390724461406
 10
9.770641675934531
 20
12.255331447319291
 10
9.769356193734183
 20
12.273177953849634
 10
9.76801512156101
 20
12.291826873608942
 10
9.766524346266937
 20
12.309112271116748
 10
9.764621522180736
 20
12.327599610087368
 10
9.762920163539896
 20
12.344443099376479
 10
9.760590052549478
 20
12.361107203016813
 10
9.75805418985199
 20
12.379344530284945
 10
9.755450429036047
 20
12.395971292623583
 10
9.75225946716458
 20
12.414006890138843
 10
9.749390517834332
 20
12.4304445911049
 10
9.745865753189376
 20
12.446631134372184
 10
9.742008540530547
 20
12.464426206326195
 10
9.738218820386138
 20
12.48040750254892
 10
9.733649068039613
 20
12.497920270771612
 10
9.729491736199865
 20
12.514018616707753
 10
9.72468860032406
 20
12.529815414875788
 10
9.719368241164844
 20
12.54737724743832
 10
9.714234791221404
 20
12.563296980319194
 10
9.708276242278421
 20
12.580561367691732
 10
9.702725526564954
 20
12.596741989022014
 10
9.696633474851197
 20
12.612621976237255
 10
9.689987463978339
 20
12.62997481174283
 10
9.683603270769412
 20
12.645912219365616
 10
9.676425427203487
 20
12.662952099852646
 10
9.669622189960501
 20
12.67916164186713
 10
9.662379041543682
 20
12.695084055938146
 10
9.654360903854448
 20
12.712710476179877
 10
9.646459372845083
 20
12.729795158029294
 10
9.638201039442533
 20
12.747317248341774
 10
9.630066358511636
 20
12.764585123793013
 10
9.62176179551647
 20
12.781737584778995
 10
9.614187204118938
 20
12.797415975308754
 10
9.60748659653799
 20
12.810288592629163
 10
9.599072680324316
 20
12.825151531884938
 10
9.590452738490695
 20
12.840463384112619
 10
9.581430367732711
 20
12.855433821070765
 10
9.572259338145269
 20
12.870672607109263
 10
9.563982163684335
 20
12.883687959352244
 10
9.554134437639924
 20
12.898218036081586
 10
9.545694641088286
 20
12.910816082116405
 10
9.536572056890485
 20
12.922708073134242
 10
9.52537151711123
 20
12.937391876628562
 10
9.514790426338974
 20
12.950821545358423
 10
9.50310828861923
 20
12.965109449121453
 10
9.495322405073484
 20
12.974892990530137
 10
9.486704214747858
 20
12.983537725523018
 10
9.474347849385865
 20
12.99619361620415
 10
9.463148180886352
 20
13.007138711731052
 10
9.450164804893944
 20
13.019146065241939
 10
9.438959352666842
 20
13.029611916346662
 10
9.42726690075784
 20
13.039258316071317
 10
9.414698419828916
 20
13.049716862788781
 10
9.404782869910301
 20
13.057303802668088
 10
9.391621770069882
 20
13.066374085789038
 10
9.379847898522126
 20
13.074647818031494
 10
9.3676621031012
 20
13.081884050023968
 10
9.352843868856828
 20
13.090781796904333
 10
9.340129115058557
 20
13.09792088176834
 10
9.32494179083033
 20
13.105761009765333
 10
9.311835063476646
 20
13.112637454999808
 10
9.298470906829415
 20
13.118497995280748
 10
9.283035418615915
 20
13.125346904801962
 10
9.270321267211505
 20
13.130478098315374
 10
9.25465575273898
 20
13.136064662516132
 10
9.24096924153067
 20
13.141064948994327
 10
9.2271659271283
 20
13.144983595053569
 10
9.210262491925223
 20
13.149857384765882
 10
9.195483898111922
 20
13.15371413343994
 10
9.178456480924597
 20
13.157611321477003
 10
9.162687944802894
 20
13.161280281179819
 10
9.146897891624652
 20
13.164152687722378
 10
9.129147801862988
 20
13.16740913296371
 10
9.113271264854244
 20
13.169978057321616
 10
9.09553473449775
 20
13.172396995247075
 10
9.07855404236151
 20
13.174748502875802
 10
9.061619569201673
 20
13.176486114225613
 10
9.043380857808195
 20
13.178364496947596
 10
9.02679070497073
 20
13.179774049645001
 10
9.008629468031659
 20
13.180929423110934
 10
8.990693160793176
 20
13.182091375128058
 10
8.972815436871253
 20
13.18281145744868
 10
8.95355456066562
 20
13.183583044901122
 10
8.934961667603924
 20
13.18419103104132
 10
8.915723644916328
 20
13.184652042905023
 10
8.896577817511602
 20
13.185114511044471
 10
8.877460866664743
 20
13.185387201721205
 10
8.857497490032497
 20
13.185666685979811
 10
8.837501637671732
 20
13.185946627912863
 10
8.81750578531096
 20
13.186226569845912
 10
8.796668601458032
 20
13.186520313558574
 10
8.775801923887336
 20
13.1870111642382
 10
8.755615450474753
 20
13.187495710751525
 10
8.735274707394273
 20
13.188021423212383
 10
8.715096283863048
 20
13.188586317492167
 10
8.696952749141287
 20
13.189104086313002
 10
8.678879826448402
 20
13.189218788199556
 10
8.660567134664797
 20
13.18933602884201
 10
8.644073656536406
 20
13.189134807891522
 10
8.625977773256109
 20
13.188509323506175
 10
8.609187714216906
 20
13.187967720525327
 10
8.592574319925934
 20
13.186764437401388
 10
8.574538962070006
 20
13.185469643445604
 10
8.558465943547088
 20
13.18398276295849
 10
8.540665946326094
 20
13.181893107075135
 10
8.524003482499271
 20
13.17997852818667
 10
8.507569560118315
 20
13.177413580483506
 10
8.489641871868763
 20
13.174627647468107
 10
8.473636769544699
 20
13.171813624192463
 10
8.456015672048713
 20
13.168277451433996
 10
8.440276162781437
 20
13.165175144435226
 10
8.424875675701049
 20
13.161317832645238
 10
8.407711031927818
 20
13.15704899102424
 10
8.392932250658061
 20
13.152979623507004
 10
8.376224190168488
 20
13.147833190998245
 10
8.360879741578232
 20
13.143171034989269
 10
8.345969758312274
 20
13.137798330197255
 10
8.32908774740025
 20
13.131738543400784
 10
8.314249157788643
 20
13.12604563333285
 10
8.297829425349237
 20
13.119242091398759
 10
8.283212146786719
 20
13.11325360077136
 10
8.269112655742601
 20
13.106559425150527
 10
8.25291498307645
 20
13.098901845245067
 10
8.238744434099049
 20
13.091818060527515
 10
8.223092509748454
 20
13.083461008902692
 10
8.209452524780197
 20
13.076260278663836
 10
8.196443166836486
 20
13.068359055248868
 10
8.181562368603831
 20
13.059373392496488
 10
8.169199395172653
 20
13.051426515549633
 10
8.155127415258159
 20
13.041674068789321
 10
8.142313379103559
 20
13.03288873893626
 10
8.130189235317228
 20
13.02349165760787
 10
8.115854730648994
 20
13.012425206612214
 10
8.103169087494953
 20
13.00222911503481
 10
8.0894339942208
 20
12.99063605510838
 10
8.077115169492426
 20
12.98030965266129
 10
8.06546110693956
 20
12.969496621380808
 10
8.052970387587
 20
12.957955603932223
 10
8.043148485831347
 20
12.948264135375036
 10
8.03180115156428
 20
12.936106291139694
 10
8.020370832950034
 20
12.923953163741128
 10
8.009561037332913
 20
12.911455471968333
 10
7.997609690330501
 20
12.897650939424752
 10
7.987026093412796
 20
12.884965571048523
 10
7.9757417884959745
 20
12.87080760627345
 10
7.966193737955174
 20
12.858946234022373
 10
7.95754834550381
 20
12.84669767256618
 10
7.94710901340301
 20
12.83197408289802
 10
7.937999631833061
 20
12.81857045920487
 10
7.928289962735289
 20
12.803499681824368
 10
7.918738259577865
 20
12.788726811267372
 10
7.909685267147504
 20
12.773779733716735
 10
7.899812180730963
 20
12.757467946904667
 10
7.890536125022345
 20
12.74181382817963
 10
7.881032604949666
 20
12.725348171857522
 10
7.872610697101063
 20
12.710820136055396
 10
7.864854369758043
 20
12.69610950567045
 10
7.856358711825329
 20
12.680009439820369
 10
7.848982799605255
 20
12.665368996193672
 10
7.841247844644394
 20
12.649081859068358
 10
7.834314603411604
 20
12.634609759893225
 10
7.828204134928571
 20
12.619995470522182
 10
7.821332514406882
 20
12.603611968232652
 10
7.815673702421503
 20
12.589180288200208
 10
7.809756614885583
 20
12.572673283386269
 10
7.804387582991745
 20
12.557896034703166
 10
7.799907464403284
 20
12.54304292850841
 10
7.7947714339433745
 20
12.526119609068779
 10
7.790680226294676
 20
12.511352788779114
 10
7.786543272354932
 20
12.494413471828432
 10
7.782750091347129
 20
12.479175025613173
 10
7.779852183535314
 20
12.463953292202879
 10
7.776470188158382
 20
12.446339417062136
 10
7.773806964321089
 20
12.430657780610128
 10
7.771298307533271
 20
12.413067788607998
 10
7.768923776865688
 20
12.396762388934333
 10
7.767295041913807
 20
12.380538899951505
 10
7.765441863187347
 20
12.362170639445528
 10
7.764002029661659
 20
12.345232137454577
 10
7.762797546678998
 20
12.326903854850457
 10
7.761625656082021
 20
12.309456492639155
 10
7.760995321854033
 20
12.292099959901684
 10
7.760311790546327
 20
12.27318368255075
 10
7.759861136608464
 20
12.255291723112549
 10
7.7596387143163135
 20
12.236442897490072
 10
7.759408869787555
 20
12.217613454235565
 10
7.759437859005277
 20
12.198840696139044
 10
7.759476508935144
 20
12.179296713330713
 10
7.7596010495033925
 20
12.16017450902321
 10
7.759835912730662
 20
12.140657234647565
 10
7.7600691605306995
 20
12.12116047208646
 10
7.760414714675707
 20
12.101690622776452
 10
7.760774164825713
 20
12.081721271017196
 10
7.761134067139709
 20
12.061726698017397
 10
7.761493969453705
 20
12.041732125017603
 10
7.76185954188016
 20
12.021404981798284
 10
7.762148717789374
 20
12.001059322572907
 10
7.762431036541969
 20
11.980888695438221
 10
7.76267921908348
 20
11.960542487343725
 10
7.762881217412483
 20
11.940353236877808
 10
7.76308419338362
 20
11.920024077007211
 10
7.763210688951126
 20
11.899676688985437
 10
7.763331234369125
 20
11.879582989280989
 10
7.763434131647397
 20
11.859410454146516
 10
7.763514534228483
 20
11.839316441479212
 10
7.763594524835994
 20
11.819318789601493
 10
7.763674515443504
 20
11.799321137723775
 10
7.763754506051015
 20
11.779323485846062
 10
7.763834496658526
 20
11.759325833968344
 10
7.763914487266037
 20
11.739328182090624
 10
7.763994477873548
 20
11.71933053021291
 10
7.764074468481059
 20
11.699332878335188
 10
7.764154459088569
 20
11.67933522645747
 10
7.7642344496960805
 20
11.659337574579755
 10
7.7643144403035915
 20
11.63933992270204
 10
7.764393688805207
 20
11.619508143963289
 10
7.764510635686337
 20
11.59968567460477
 10
7.76463101830497
 20
11.579619023337452
 10
7.764733987337329
 20
11.559446488561798
 10
7.764814391341187
 20
11.53935216330295
 10
7.764894381948698
 20
11.519354511425234
 10
7.7649743725562095
 20
11.499356859547516
 10
7.7650543631637206
 20
11.479359207669795
 10
7.765134353771231
 20
11.459361555792078
 10
7.765214344378742
 20
11.439363903914362
 10
7.765294334986253
 20
11.419366252036648
 10
7.765374325593764
 20
11.399368600158924
 10
7.765454316201274
 20
11.379370948281208
 10
7.765534306808785
 20
11.359373296403493
 10
7.765614297416296
 20
11.339375644525775
 10
7.765693547464294
 20
11.319543553196013
 10
7.765810423216501
 20
11.299721083482268
 10
7.7659308022402564
 20
11.279655057393912
 10
7.766033843026703
 20
11.259482522977077
 10
7.766114248453893
 20
11.239387885126686
 10
7.766194239061403
 20
11.219390233248966
 10
7.766274229668914
 20
11.199392581371255
 10
7.766354220276425
 20
11.179394929493537
 10
7.766434210883936
 20
11.159397277615819
 10
7.7665142014914474
 20
11.139399625738097
 10
7.766594192098958
 20
11.11940197386038
 10
7.766674182706469
 20
11.099404321982666
 10
7.76675417331398
 20
11.079406670104948
 10
7.766834163921491
 20
11.059409018227228
 10
7.766914154529001
 20
11.03941136634951
 10
7.766993406122822
 20
11.01957896242873
 10
7.767110210746106
 20
10.999756492359756
 10
7.767230586174984
 20
10.979691091450366
 10
7.767333698715517
 20
10.959518557392355
 10
7.767414105566598
 20
10.939423606950426
 10
7.767494096174109
 20
10.919425955072708
 10
7.76757408678162
 20
10.89942830319499
 10
7.76765407738913
 20
10.87943065131727
 10
7.767734067996641
 20
10.859432999439557
 10
7.767814058604152
 20
10.839435347561839
 10
7.767894049211663
 20
10.81943769568412
 10
7.767974039819174
 20
10.7994400438064
 10
7.7680540304266845
 20
10.779442391928683
 10
7.768134021034196
 20
10.75944474005097
 10
7.768214011641707
 20
10.739447088173252
 10
7.768293264780794
 20
10.719614371661443
 10
7.768409998275153
 20
10.69979190123724
 10
7.768530370109154
 20
10.679727125506819
 10
7.768633554403774
 20
10.659554591807629
 10
7.768713962679303
 20
10.63945932877416
 10
7.7687939532868135
 20
10.619461676896442
 10
7.768873943894325
 20
10.59946402501873
 10
7.768953934501836
 20
10.579466373141011
 10
7.769033925109347
 20
10.55946872126329
 10
7.769113915716857
 20
10.539471069385574
 10
7.769193906324368
 20
10.519473417507859
 10
7.769273896931879
 20
10.499475765630143
 10
7.76935388753939
 20
10.479478113752423
 10
7.769433878146901
 20
10.459480461874705
 10
7.769513868754411
 20
10.439482809996987
 10
7.769593123438205
 20
10.41964978089415
 10
7.7697097858036415
 20
10.399827310114722
 10
7.769830154042765
 20
10.379763159563268
 10
7.769933410091472
 20
10.359590626222904
 10
7.770013819792008
 20
10.3394950505979
 10
7.770093810399519
 20
10.319497398720184
 10
7.77017380100703
 20
10.299499746842462
 10
7.77025379161454
 20
10.279502094964746
 10
7.7703337822220515
 20
10.259504443087032
 10
7.770413772829563
 20
10.239506791209315
 10
7.770493763437074
 20
10.219509139331597
 10
7.770573754044585
 20
10.199511487453876
 10
7.770653744652095
 20
10.179513835576158
 10
7.770733735259606
 20
10.159516183698445
 10
7.770813725867117
 20
10.139518531820727
 10
7.770893716474628
 20
10.119520879943005
 10
7.770973707082138
 20
10.099523228065289
 10
7.771053373805885
 20
10.079602338162521
 10
7.7711500437957675
 20
10.059779767471312
 10
7.771269466690725
 20
10.039880546820884
 10
7.771390359576297
 20
10.0197188927151
 10
7.771473614624028
 20
9.99954625941933
 10
7.771553648727245
 20
9.979537816788485
 10
7.771633639334756
 20
9.959540164910768
 10
7.771713629942267
 20
9.939542513033054
 10
7.771793620549778
 20
9.919544861155334
 10
7.7718736111572895
 20
9.899547209277616
 10
7.7719536017648005
 20
9.879549557399901
 10
7.772033592372312
 20
9.859551905522178
 10
7.772113582979822
 20
9.839554253644462
 10
7.772193573587333
 20
9.819556601766749
 10
7.772273564194844
 20
9.79955894988903
 10
7.772353230265966
 20
9.779638207004485
 10
7.772449927982972
 20
9.759816688637637
 10
7.772569585207779
 20
9.739918374456948
 10
7.772690728381918
 20
9.719755168789352
 10
7.7727738737603564
 20
9.699581482880511
 10
7.772853905829536
 20
9.679573541215758
 10
7.772933896437047
 20
9.659575889338042
 10
7.773013887044558
 20
9.63957823746032
 10
7.773093877652069
 20
9.619580585582602
 10
7.77317386825958
 20
9.599582933704891
 10
7.773253858867091
 20
9.579585281827171
 10
7.773333849474602
 20
9.559587629949455
 10
7.773413840082113
 20
9.539589978071735
 10
7.773493830689623
 20
9.519592326194015
 10
7.773573821297134
 20
9.499594674316302
 10
7.773653486911635
 20
9.479674034279384
 10
7.7737502137574435
 20
9.459851463872502
 10
7.773869638011506
 20
9.439951993357422
 10
7.773990532161632
 20
9.419790089386444
 10
7.7740737298537175
 20
9.399617455804224
 10
7.774153762942241
 20
9.379609263039494
 10
7.774233753549752
 20
9.359611611161778
 10
7.774313744157263
 20
9.339613959284062
 10
7.774393734764774
 20
9.319616307406342
 10
7.774473725372285
 20
9.299618655528624
 10
7.7745537159797955
 20
9.279621003650906
 10
7.774633706587307
 20
9.25962335177319
 10
7.774713697194818
 20
9.239625699895475
 10
7.774793687802329
 20
9.219628048017757
 10
7.77487367840984
 20
9.199630396140035
 10
7.774953345411992
 20
9.179709443511454
 10
7.7750500011288795
 20
9.159886872748872
 10
7.775169423682707
 20
9.13998771482395
 10
7.775290316250771
 20
9.119826123443813
 10
7.775373585696946
 20
9.099653490219955
 10
7.775453620054947
 20
9.079644984863235
 10
7.775533610662458
 20
9.059647332985516
 10
7.775613601269969
 20
9.039649681107795
 10
7.775693591877479
 20
9.019652029230079
 10
7.77577358248499
 20
8.999654377352364
 10
7.775853573092501
 20
8.979656725474646
 10
7.775933563700012
 20
8.959659073596926
 10
7.776013554307522
 20
8.93966142171921
 10
7.7760935449150335
 20
8.919663769841494
 10
7.7761735355225445
 20
8.899666117963779
 10
7.776253203911792
 20
8.879744852743526
 10
7.7763497884997586
 20
8.859922281625238
 10
7.776469209353908
 20
8.840023436290481
 10
7.776590100339353
 20
8.819862157501182
 10
7.776673441539617
 20
8.799689524635681
 10
7.776753477167651
 20
8.779680706686968
 10
7.7768334677751625
 20
8.759683054809253
 10
7.776913458382674
 20
8.739685402931537
 10
7.776993448990185
 20
8.71968775105382
 10
7.777073439597696
 20
8.699690099176097
 10
7.777153430205206
 20
8.679692447298383
 10
7.777233420812717
 20
8.659694795420666
 10
7.777313411420228
 20
8.63969714354295
 10
7.777393402027739
 20
8.61969949166523
 10
7.777473392635249
 20
8.59970183978751
 10
7.77755270851851
 20
8.57985633393445
 10
7.77766541710238
 20
8.560208871880043
 10
7.7778239236423445
 20
8.540409533507281
 10
7.77788163116933
 20
8.52515591650879
 10
7.778873248468334
 20
8.51027088034967
 10
7.779780481271223
 20
8.495522340633174
 10
7.780785909012079
 20
8.486921527856916
 10
7.7835383326412675
 20
8.473590584502727
 10
7.787307933038419
 20
8.454505055472229
 10
7.791189606260865
 20
8.435483197681004
 10
7.794741763823097
 20
8.418046472308367
 10
7.798104217851505
 20
8.40341096703471
 10
7.802520850041196
 20
8.386798726497384
 10
7.807542183362929
 20
8.367810387523075
 10
7.81263479034917
 20
8.348868184856155
 10
7.817216869377539
 20
8.331786551269802
 10
7.821388884723414
 20
8.317717994749387
 10
7.8268111440685075
 20
8.301635801181916
 10
7.833006538618467
 20
8.283164130319516
 10
7.839299452528521
 20
8.264766245067756
 10
7.844995375581782
 20
8.248087501812051
 10
7.85006728253956
 20
8.234441485442888
 10
7.85655114694367
 20
8.218829550405768
 10
7.863854512539766
 20
8.201158071197122
 10
7.871312835493271
 20
8.18362290540434
 10
7.878296586900926
 20
8.167200761751651
 10
7.884550937183245
 20
8.153418954643987
 10
7.892193427332696
 20
8.13797594250032
 10
7.9002586743823775
 20
8.121606714175734
 10
7.908606105342261
 20
8.105523799491786
 10
7.917040290258524
 20
8.08929723918687
 10
7.9248214379754645
 20
8.074968267763577
 10
7.933752191908704
 20
8.059463475259212
 10
7.94220722447144
 20
8.044709213062655
 10
7.951088426194088
 20
8.030467596157282
 10
7.961136450396852
 20
8.014387428154969
 10
7.9708729380165835
 20
7.999124996915394
 10
7.981248578039903
 20
7.983302508673427
 10
7.989711110712742
 20
7.9702881692568175
 10
7.998725593028411
 20
7.958056620760325
 10
8.010021311605165
 20
7.942728037556479
 10
8.021119226978096
 20
7.927892576278003
 10
8.032743975685245
 20
7.912664793092935
 10
8.043301304270095
 20
7.898801099258883
 10
8.054170628841192
 20
7.885425684647166
 10
8.065905103232394
 20
7.8710109560550325
 10
8.076916524989812
 20
7.857864204129865
 10
8.088981500817196
 20
7.844008337710556
 10
8.101117535330115
 20
7.830049491001132
 10
8.113425058623461
 20
7.816393528078624
 10
8.12624848078606
 20
7.802189729912465
 10
8.138598566342997
 20
7.788743832808859
 10
8.151616611603142
 20
7.774894907637648
 10
8.164052477295499
 20
7.761647465486047
 10
8.176673164696135
 20
7.748780915593941
 10
8.190366380838311
 20
7.734852630636399
 10
8.203914688153784
 20
7.72117195770667
 10
8.217755590000252
 20
7.707331783415039
 10
8.231571175912459
 20
7.693515346144094
 10
8.245433776572032
 20
7.67979827464417
 10
8.259477499891087
 20
7.665912615781667
 10
8.273380482039592
 20
7.6522325171036805
 10
8.287479026956971
 20
7.638449339414956
 10
8.3022680054661
 20
7.6239889609790366
 10
8.316983962715769
 20
7.60937636777808
 10
8.331504469533588
 20
7.594937182093471
 10
8.3463140902025
 20
7.580066924018841
 10
8.360730668336256
 20
7.565405206730539
 10
8.375713671210535
 20
7.5501583371014425
 10
8.390538241013484
 20
7.53460515145014
 10
8.405152678220121
 20
7.51922093317295
 10
8.420500778395082
 20
7.502649309164047
 10
8.434832989911529
 20
7.486652957368053
 10
8.450603787261695
 20
7.468982434344022
 10
8.465864594882339
 20
7.4504829913594275
 10
8.479968400670076
 20
7.433192308243922
 10
8.495149857653088
 20
7.4136838181939355
 10
8.508557861797733
 20
7.395357249743855
 10
8.523258692634249
 20
7.375101985894251
 10
8.537111479914586
 20
7.353774178438725
 10
8.549595717475583
 20
7.334194399729069
 10
8.563166263207032
 20
7.311331655817878
 10
8.574458776330784
 20
7.290405298719778
 10
8.587153119648608
 20
7.266481060689894
 10
8.598365619631155
 20
7.241188294777021
 10
8.607777016734163
 20
7.219181378165786
 10
8.61775029602343
 20
7.193172086488703
 10
8.62541148535623
 20
7.169882406472723
 10
8.63394308908687
 20
7.143136218858746
 10
8.640473928413613
 20
7.115185953674988
 10
8.645742525892908
 20
7.090928020103737
 10
8.650676484674587
 20
7.0615835400491545
 10
8.653421525649666
 20
7.036151781331937
 10
8.655983754157917
 20
7.010780316461351
 10
8.657136631059933
 20
6.98486300908722
 10
8.6579354171229
 20
6.962409450055823
 10
8.658245285224677
 20
6.937690264046416
 10
8.657857608262878
 20
6.914992253269757
 10
8.657409011789229
 20
6.891748002363831
 10
8.656143481671288
 20
6.86828081272539
 10
8.654839308758001
 20
6.846039450810236
 10
8.652823424784703
 20
6.821392130660131
 10
8.650301823360804
 20
6.798825623011218
 10
8.647770759043576
 20
6.776516195856956
 10
8.644621974696221
 20
6.754091287251458
 10
8.641624127327466
 20
6.733206644702535
 10
8.638253756735399
 20
6.711339536947892
 10
8.634735230056707
 20
6.690414687840238
 10
8.63083512316234
 20
6.66743734881938
 10
8.626077202111366
 20
6.6443554630067565
 10
8.621727297877694
 20
6.623712715505005
 10
8.616996137432132
 20
6.602276652652091
 10
8.612186555037042
 20
6.581714754963535
 10
8.607197829188042
 20
6.560446083748071
 10
8.601743550953966
 20
6.539141094322063
 10
8.596436302681854
 20
6.518604198772151
 10
8.590543099657195
 20
6.496893522708491
 10
8.58459909139679
 20
6.476303555738984
 10
8.578513704307777
 20
6.455282125156059
 10
8.571949115771563
 20
6.4342412571248655
 10
8.565762142929213
 20
6.414568533990345
 10
8.559323175354116
 20
6.394470618849725
 10
8.55288514535852
 20
6.374863905842897
 10
8.545831160130902
 20
6.353445094750664
 10
8.538117862690523
 20
6.332028007542877
 10
8.531062352548918
 20
6.312636784640606
 10
8.523786173842225
 20
6.292936373843451
 10
8.516529960194482
 20
6.273679941403177
 10
8.508819998388875
 20
6.253249654387532
 10
8.500645801032269
 20
6.232842886169683
 10
8.492877796233572
 20
6.213571171411471
 10
8.484699593211626
 20
6.1936977977338135
 10
8.476576136311927
 20
6.174487697195927
 10
8.468420297351177
 20
6.155212821890987
 10
8.460032599926032
 20
6.135951247520658
 10
8.451571235876209
 20
6.116582685526108
 10
8.442314318336079
 20
6.096071871941058
 10
8.433177868443465
 20
6.0766696725881175
 10
8.42428083782112
 20
6.057794650277734
 10
8.415169496971886
 20
6.038942573762423
 10
8.406100553335179
 20
6.020225723726554
 10
8.396468301249017
 20
6.000760485676779
 10
8.38694971249761
 20
5.982052561222473
 10
8.377185521720893
 20
5.962882758417342
 10
8.367041410692911
 20
5.943764048685099
 10
8.357389503390037
 20
5.925652166316215
 10
8.347461169379676
 20
5.907222561771971
 10
8.337609577484207
 20
5.889200614734061
 10
8.326999943691023
 20
5.869820014040236
 10
8.315859853420097
 20
5.850529695117074
 10
8.30542216279908
 20
5.832567052111189
 10
8.294540374230081
 20
5.814130009371005
 10
8.283796576099459
 20
5.796303277865785
 10
8.27291245908439
 20
5.7782539025535735
 10
8.261764683531116
 20
5.760260019592519
 10
8.250634751476536
 20
5.74234788910215
 10
8.238610934349966
 20
5.723480922481522
 10
8.226848348528797
 20
5.705634737131034
 10
8.215045168772987
 20
5.687747478142217
 10
8.202893113195133
 20
5.66995088976429
 10
8.190872530386066
 20
5.652415017610197
 10
8.177782979384922
 20
5.633843786149691
 10
8.165042384377497
 20
5.6164267356948585
 10
8.150454720712535
 20
5.5966015823324575
 10
8.134690368655871
 20
5.577195918414473
 10
8.120288291018428
 20
5.559736126765023
 10
8.103681005627656
 20
5.540619923174452
 10
8.087965321600596
 20
5.523712148183979
 10
8.070465684619418
 20
5.505059998663022
 10
8.051582903533951
 20
5.487099727593353
 10
8.034497682412823
 20
5.4711693268503065
 10
8.014307212137624
 20
5.45354059293129
 10
7.995624035504703
 20
5.43857553179759
 10
7.975138921729919
 20
5.422366491916045
 10
7.953258710193142
 20
5.407156136809935
 10
7.9338826219574985
 20
5.394000868573724
 10
7.911197032173188
 20
5.379664741159902
 10
7.890423260818269
 20
5.3677425624744055
 10
7.867800377118136
 20
5.35493367493235
 10
7.843994634837302
 20
5.343304163154094
 10
7.82305237351875
 20
5.333342768204428
 10
7.7989393279482435
 20
5.322764821375753
 10
7.776926590066348
 20
5.314126723399995
 10
7.753178720183693
 20
5.3049433916511095
 10
7.728523996670565
 20
5.296960002807874
 10
7.7070410079693525
 20
5.290216471442745
 10
7.683139942684698
 20
5.283326334677151
 10
7.661031346727635
 20
5.27768439445953
 10
7.6374132779612545
 20
5.271738258312491
 10
7.613206977811347
 20
5.266800092304225
 10
7.591632664770404
 20
5.2625454376803145
 10
7.568125505701348
 20
5.258364636525537
 10
7.5461404063214985
 20
5.255012298783268
 10
7.523608323352568
 20
5.251613918012552
 10
7.500757776970917
 20
5.248864336971719
 10
7.479418863468167
 20
5.246378470036888
 10
7.456564592171213
 20
5.244047430195322
 10
7.434919517284738
 20
5.242256912819272
 10
7.4128875981579245
 20
5.240455774770269
 10
7.3906456324326975
 20
5.2391504101311
 10
7.369834753311641
 20
5.237983864000713
 10
7.348281644705813
 20
5.236941169695062
 10
7.327388254663929
 20
5.236144849256677
 10
7.305954888127913
 20
5.235336399507686
 10
7.284388749601516
 20
5.234868821594323
 10
7.2640521699854865
 20
5.234462185237304
 10
7.243535185512835
 20
5.234103576954909
 10
7.223237003226562
 20
5.233818571665094
 10
7.203238886983798
 20
5.233538036983051
 10
7.183240581020352
 20
5.233258018974648
 10
7.163170166146448
 20
5.232977048977713
 10
7.14299913733929
 20
5.232711819009371
 10
7.122902189571304
 20
5.232470626728422
 10
7.103067597814609
 20
5.232232686424062
 10
7.083246660917809
 20
5.231958104589289
 10
7.063189774657543
 20
5.231677323424644
 10
7.043018746357954
 20
5.231412054415448
 10
7.022921628510618
 20
5.231170859995695
 10
7.002925256339287
 20
5.2309309035296385
 10
6.982928884167967
 20
5.230690947063583
 10
6.963006564801304
 20
5.230451894902699
 10
6.943185368444173
 20
5.230197275096286
 10
6.923290418599678
 20
5.229918716700664
 10
6.903133128241991
 20
5.229636589120108
 10
6.882961839689812
 20
5.229391343051953
 10
6.863025833660966
 20
5.2291521260571106
 10
6.843204636800689
 20
5.228897544951452
 10
6.823309857033673
 20
5.228618988838739
 10
6.803152736754273
 20
5.228336863482421
 10
6.782981448709405
 20
5.2280915783734105
 10
6.763045102520622
 20
5.227852357211687
 10
6.743223905157199
 20
5.227597814806783
 10
6.723329295467668
 20
5.227319260976816
 10
6.703333443106895
 20
5.227039319043764
 10
6.6833375907461186
 20
5.226759377110714
 10
6.665992690495698
 20
5.226536638530926
 10
6.65233340999702
 20
5.2259491463718355
 10
6.636057206775235
 20
5.22450539894382
 10
6.628365130055211
 20
5.224276657518013
 10
6.622034206050434
 20
5.222371300939198
 10
6.609505162503494
 20
5.219421771315674
 10
6.603996106016647
 20
5.217750510099593
 10
6.593079981846596
 20
5.212921187147686
 10
6.586897850820463
 20
5.210867280354257
 10
6.582526148701958
 20
5.207541799727694
 10
6.57202864624112
 20
5.201005207450754
 10
6.568275700723206
 20
5.198301964416502
 10
6.560015936827603
 20
5.190451015021144
 10
6.5548219625495765
 20
5.186394104373509
 10
6.551661268148886
 20
5.181628000854263
 10
6.543692730113289
 20
5.171672209671527
 10
6.5405216825540125
 20
5.167074823222706
 10
6.534855594351049
 20
5.156386996328702
 10
6.531604897298167
 20
5.151685879287963
 10
6.5305037547459905
 20
5.146793219824573
 10
6.526268280869485
 20
5.134835833078771
 10
6.524852213996762
 20
5.129592972635238
 10
6.523022480856989
 20
5.1175514423397415
 10
6.521173156167108
 20
5.108454983029971
 10
6.521123903867753
 20
5.099571979277956
 10
6.5204282536815805
 20
5.081453971560107
 10
6.520069528357889
 20
5.064618484271739
 10
6.520040950220448
 20
5.046300110398857
 10
6.520001211374226
 20
5.026471629515186
 10
6.519999999906892
 20
5.0066488187016445
 10
6.52
 20
4.986656715424162
 10
6.52
 20
4.966658903565869
 10
6.52
 20
4.946661091707574
 10
6.52
 20
4.926663279849285
 10
6.52
 20
4.906665467990992
 10
6.52
 20
4.886667656132697
 10
6.52
 20
4.866669844274408
 10
6.52
 20
4.846672032416115
 10
6.52
 20
4.826674220557819
 10
6.52
 20
4.80667640869953
 10
6.52
 20
4.786678596841234
 10
6.52
 20
4.766680784982942
 10
6.52
 20
4.746682973124654
 10
6.52
 20
4.726685161266357
 10
6.52
 20
4.706687349408065
 10
6.52
 20
4.686689537549773
 10
6.52
 20
4.66669172569148
 10
6.52
 20
4.646693913833189
 10
6.52
 20
4.626696101974896
 10
6.52
 20
4.606698290116603
 10
6.52
 20
4.586700478258311
 10
6.52
 20
4.566702666400018
 10
6.52
 20
4.546704854541726
 10
6.52
 20
4.526707042683434
 10
6.52
 20
4.506709230825141
 10
6.52
 20
4.486711418966849
 10
6.52
 20
4.466713607108557
 10
6.52
 20
4.446715795250265
 10
6.52
 20
4.426717983391972
 10
6.52
 20
4.40672017153368
 10
6.52
 20
4.386722359675384
 10
6.52
 20
4.366724547817095
 10
6.52
 20
4.346726735958799
 10
6.52
 20
4.3267289241005065
 10
6.52
 20
4.306731112242217
 10
6.52
 20
4.286733300383922
 10
6.52
 20
4.2667354885256294
 10
6.52
 20
4.246737676667341
 10
6.52
 20
4.226739864809045
 10
6.52
 20
4.206742052950752
 10
6.52
 20
4.186744241092464
 10
6.52
 20
4.166746429234168
 10
6.52
 20
4.146748617375876
 10
6.52
 20
4.126750805517584
 10
6.52
 20
4.106752993659291
 10
6.52
 20
4.086755181800998
 10
6.52
 20
4.066757369942706
 10
6.52
 20
4.046759558084414
 10
6.52
 20
4.026761746226121
 10
6.52
 20
4.006763934367829
 10
6.519997744614477
 20
3.9858776520000387
 10
6.5197743404061
 20
3.9639574433629114
 10
6.519314771901695
 20
3.9429285011275117
 10
6.518707447848159
 20
3.9182177631949084
 10
6.516880721617622
 20
3.893374792451625
 10
6.515089299788056
 20
3.870731419437739
 10
6.51236574339205
 20
3.845434585280551
 10
6.509179821040244
 20
3.8227305342777647
 10
6.5056155930647135
 20
3.798028447670258
 10
6.500757969359839
 20
3.7733543802607326
 10
6.496176873315508
 20
3.7507953727644283
 10
6.4901749205570045
 20
3.7253933698566133
 10
6.484012537857173
 20
3.702944874261141
 10
6.477055496510367
 20
3.678094551741684
 10
6.468573719916498
 20
3.6534866731667184
 10
6.460920094537634
 20
3.631790893766934
 10
6.451498785653362
 20
3.6075243693177548
 10
6.442315470871847
 20
3.5861592345711393
 10
6.431427679190027
 20
3.561288417673188
 10
6.418668241783519
 20
3.53699928855328
 10
6.4074149739216315
 20
3.516090418980333
 10
6.393492823168928
 20
3.4924522966261047
 10
6.380436753838426
 20
3.472330590752913
 10
6.36523665454179
 20
3.44930341082645
 10
6.348181515350826
 20
3.427254121766944
 10
6.33306978326489
 20
3.4081592440079196
 10
6.314275658296207
 20
3.386493912136607
 10
6.297228601990016
 20
3.368719947350375
 10
6.27632787209553
 20
3.34743451209498
 10
6.253269830321819
 20
3.3279931709803114
 10
6.2337962893323615
 20
3.312086008509658
 10
6.209398799095333
 20
3.2942277244213978
 10
6.1880334984751615
 20
3.28042511417218
 10
6.162612521121821
 20
3.2644627902029377
 10
6.135497717777836
 20
3.250854589150771
 10
6.112649706154578
 20
3.23984179335795
 10
6.084348330142497
 20
3.2280848495114034
 10
6.060138940220307
 20
3.2196977451231956
 10
6.031111851104354
 20
3.2100941675702415
 10
6.000982607750684
 20
3.2033761063336144
 10
5.976327948981169
 20
3.198302589483528
 10
5.94641131564772
 20
3.1938011850964503
 10
5.921123926643448
 20
3.1914834405670427
 10
5.8945581010913415
 20
3.189263540763969
 10
5.867732409226429
 20
3.188815271692191
 10
5.847143310593277
 20
3.188609388317038
 10
5.8262693040379325
 20
3.1885005951791436
 10
5.805815079706176
 20
3.1885000000000003
 10
5.785817267847883
 20
3.1885000000000003
 10
5.765819455989591
 20
3.1885000000000003
 10
5.745821644131299
 20
3.1885000000000003
 10
5.725823832273006
 20
3.1885000000000003
 10
5.7058260204147135
 20
3.1885000000000003
 10
5.685828208556421
 20
3.1885000000000003
 10
5.665830396698128
 20
3.1885000000000003
 10
5.6458325848398365
 20
3.1885000000000003
 10
5.62583477298154
 20
3.1885000000000003
 10
5.605836961123249
 20
3.1885000000000003
 10
5.5858391492649595
 20
3.1885000000000003
 10
5.565841337406663
 20
3.1885000000000003
 10
5.545843525548372
 20
3.1885000000000003
 10
5.5258457136900825
 20
3.1885000000000003
 10
5.505847901831787
 20
3.1885000000000003
 10
5.4858500899734945
 20
3.1885000000000003
 10
5.465852278115202
 20
3.1885000000000003
 10
5.445854466256909
 20
3.1885000000000003
 10
5.425856654398617
 20
3.1885000000000003
 10
5.405858842540325
 20
3.1885000000000003
 10
5.385861030682032
 20
3.1885000000000003
 10
5.36586321882374
 20
3.1885000000000003
 10
5.345865406965448
 20
3.1885000000000003
 10
5.325867595107155
 20
3.1885000000000003
 10
5.3058697832488635
 20
3.1885000000000003
 10
5.285871971390571
 20
3.1885000000000003
 10
5.265874159532278
 20
3.1885000000000003
 10
5.245876347673983
 20
3.1885000000000003
 10
5.225878535815694
 20
3.1885000000000003
 10
5.205880723957401
 20
3.1885000000000003
 10
5.185882912099105
 20
3.1885000000000003
 10
5.165885100240816
 20
3.1885000000000003
 10
5.145887288382524
 20
3.1885000000000003
 10
5.125889476524228
 20
3.1885000000000003
 10
5.10589166466594
 20
3.1885000000000003
 10
5.085893852807647
 20
3.1885000000000003
 10
5.065896040949351
 20
3.1885000000000003
 10
5.045898229091063
 20
3.1885000000000003
 10
5.025900417232767
 20
3.1885000000000003
 10
5.005902605374475
 20
3.1885000000000003
 10
4.985904793516182
 20
3.1885000000000003
 10
4.96590698165789
 20
3.1885000000000003
 10
4.945909169799597
 20
3.1885000000000003
 10
4.925911357941304
 20
3.1885000000000003
 10
4.9059135460830126
 20
3.1885000000000003
 10
4.88591573422472
 20
3.1885000000000003
 10
4.865917922366427
 20
3.1885000000000003
 10
4.8459201105081355
 20
3.1885000000000003
 10
4.825922298649843
 20
3.1885000000000003
 10
4.805924486791551
 20
3.1885000000000003
 10
4.7859266749332585
 20
3.1885000000000003
 10
4.765928863074966
 20
3.1885000000000003
 10
4.745599687027419
 20
3.188500313720927
 10
4.724902196004032
 20
3.18857877075998
 10
4.704536415119004
 20
3.188741308768645
 10
4.681477056980774
 20
3.1889525833930272
 10
4.658352425723448
 20
3.1899207957692757
 10
4.636556362363432
 20
3.19088840980931
 10
4.612921960619752
 20
3.192400673965094
 10
4.5910509188538535
 20
3.19427819130918
 10
4.567392528156795
 20
3.196361361570636
 10
4.543723421941993
 20
3.1993915946002423
 10
4.521629459324431
 20
3.20230055592853
 10
4.49730114859038
 20
3.2061096516526897
 10
4.47521796991082
 20
3.2101849003296405
 10
4.450810443047297
 20
3.2147765151250014
 10
4.426528897097885
 20
3.2206126250564275
 10
4.404473133150606
 20
3.2260325761104123
 10
4.37992475398202
 20
3.232820768480928
 10
4.358058547270125
 20
3.2396258683881447
 10
4.333656567069807
 20
3.247342012944219
 10
4.309579853278163
 20
3.256493991431752
 10
4.288009260382974
 20
3.2648529210883686
 10
4.263845390961733
 20
3.2751490863873514
 10
4.242750997978678
 20
3.285055046803904
 10
4.219054159135745
 20
3.296345376652903
 10
4.195973218139854
 20
3.309183467417995
 10
4.175779942284083
 20
3.320607150283316
 10
4.153221862968875
 20
3.3343975779655355
 10
4.133718956605524
 20
3.3473439473873206
 10
4.11206001350207
 20
3.3618934041118056
 10
4.0911987935081084
 20
3.377853564836306
 10
4.072893156269476
 20
3.3920671228648214
 10
4.05264695684357
 20
3.408902551685229
 10
4.0352605565976765
 20
3.424470093350676
 10
4.0162274144860595
 20
3.4416821885926066
 10
3.9981094429946493
 20
3.4600709987343845
 10
3.9822117303751985
 20
3.4764071762302615
 10
3.9649249691189934
 20
3.49525327021702
 10
3.9499746309988315
 20
3.5126497208381653
 10
3.9337759175975
 20
3.531648304996118
 10
3.9184984061229517
 20
3.5515435221113325
 10
3.9050926278772913
 20
3.5691718193897546
 10
3.890848806740121
 20
3.588815514123305
 10
3.878245903167502
 20
3.607137872004223
 10
3.8646057465037016
 20
3.6270832004298152
 10
3.8517923884848755
 20
3.6476895634740103
 10
3.840655330104168
 20
3.6657356519634803
 10
3.8291632819807315
 20
3.6848891927827783
 10
3.818492885750563
 20
3.7032455098948445
 10
3.8072700632206042
 20
3.7225932098019516
 10
3.796516986237742
 20
3.7422774186935026
 10
3.786871094960225
 20
3.7599952376293313
 10
3.777218569407857
 20
3.7777796726073203
 10
3.7676449108483565
 20
3.795478780001857
 10
3.7580593517809557
 20
3.8132001165081886
 10
3.7485020841675394
 20
3.8309414233468098
 10
3.7385265532529663
 20
3.849467906405494
 10
3.728237423933395
 20
3.8691274751479203
 10
3.7186735350808293
 20
3.8879929352440286
 10
3.7093939323443355
 20
3.906307579087671
 10
3.7002183184558044
 20
3.9246905799630505
 10
3.6912680547619376
 20
3.9426312505716816
 10
3.682313561227014
 20
3.960599483165448
 10
3.673384014963702
 20
3.978538650576025
 10
3.6641679960814644
 20
3.9970563649461592
 10
3.655086902805582
 20
4.01566148285376
 10
3.6460525669749644
 20
4.034186229290344
 10
3.636868426099638
 20
4.053345191457035
 10
3.628079188165003
 20
4.072034911542093
 10
3.619535209082214
 20
4.090205954117575
 10
3.6110071698410233
 20
4.10838706769807
 10
3.602499321147488
 20
4.126526451578376
 10
3.59398326218667
 20
4.14470242213769
 10
3.5854902678705862
 20
4.162850178065786
 10
3.5765327238521327
 20
4.181999395481183
 10
3.567807009373635
 20
4.201288005791732
 10
3.559454880488928
 20
4.219776676621632
 10
3.551051073079821
 20
4.23852773721154
 10
3.5428148068515894
 20
4.257068885997318
 10
3.5346966368902253
 20
4.275344766156645
 10
3.5265784669288607
 20
4.293620646315973
 10
3.5184296889323936
 20
4.3119654722984375
 10
3.510262441342978
 20
4.330394656494171
 10
3.502143488511335
 20
4.348762731864015
 10
3.493600992601191
 20
4.368098267754276
 10
3.4852919584676756
 20
4.387569901033632
 10
3.477410741163644
 20
4.406066670342286
 10
3.4695248378507837
 20
4.42461915143272
 10
3.4616866426592994
 20
4.443109200023445
 10
3.453916882388243
 20
4.461437924893948
 10
3.44612912096616
 20
4.479756395919333
 10
3.4382885691575322
 20
4.498197707545917
 10
3.430437013434718
 20
4.516690394366125
 10
3.422612807501357
 20
4.535147477831925
 10
3.4143673964092174
 20
4.554607657012181
 10
3.406355771636657
 20
4.5742022795383885
 10
3.398813750394342
 20
4.59267827118405
 10
3.391301156786726
 20
4.61103651784214
 10
3.3837416582197424
 20
4.629457766849315
 10
3.376114513597468
 20
4.648043978399596
 10
3.3685057943433176
 20
4.666641112411886
 10
3.3609209655188783
 20
4.685181812375593
 10
3.353330680812125
 20
4.703754751081292
 10
3.3457596267030385
 20
4.722301821448348
 10
3.3379173487688325
 20
4.741517656478618
 10
3.3302300137060348
 20
4.760820701549591
 10
3.3228008691501234
 20
4.779493997454328
 10
3.31536452933657
 20
4.798232775512373
 10
3.3079746840249307
 20
4.816908141719544
 10
3.300697722066715
 20
4.83529866566407
 10
3.2933770573014622
 20
4.853663841521566
 10
3.285934022735484
 20
4.872331864308395
 10
3.27846647488754
 20
4.891127913636167
 10
3.2710640568342058
 20
4.909834998478714
 10
3.263509819231886
 20
4.928928096636872
 10
3.2560647798410587
 20
4.948082537154513
 10
3.2488181228297526
 20
4.966739673851441
 10
3.241577712929231
 20
4.985380729175433
 10
3.2343373030287097
 20
5.004021784499427
 10
3.2270968931281914
 20
5.022662839823415
 10
3.219856483227669
 20
5.0413038951474105
 10
3.212616073327149
 20
5.059944950471402
 10
3.205375663426631
 20
5.078586005795389
 10
3.198135253526109
 20
5.0972270611193835
 10
3.190736714579364
 20
5.116276748232965
 10
3.183427687509514
 20
5.1353757854081605
 10
3.176261997623458
 20
5.154110677763154
 10
3.169091958435818
 20
5.172887042804585
 10
3.1619502089036136
 20
5.191624081256651
 10
3.1548277535529734
 20
5.210310523103553
 10
3.14770529820233
 20
5.228996964950467
 10
3.1406099612937823
 20
5.247612305428711
 10
3.1335296241721573
 20
5.266139828937387
 10
3.1264035233141216
 20
5.28473132720132
 10
3.119133477827459
 20
5.303699224237087
 10
3.1119272521036168
 20
5.322703857657187
 10
3.1047983260237397
 20
5.341513033632842
 10
3.0976536735705404
 20
5.360432394436971
 10
3.0905720825816005
 20
5.379262871317108
 10
3.083588630829794
 20
5.397832707707398
 10
3.076573383081341
 20
5.416384765825071
 10
3.0695010656571418
 20
5.43508445233701
 10
3.0624268329058437
 20
5.453789203340441
 10
3.055352600154548
 20
5.472493954343867
 10
3.048222681750808
 20
5.491346142602392
 10
3.0411244574837593
 20
5.510216783809323
 10
3.0340830868223616
 20
5.5289404282223575
 10
3.0270438570482447
 20
5.547658380121714
 10
3.0200046272741243
 20
5.566376332021079
 10
3.0129653975000044
 20
5.5850942839204425
 10
3.0059261677258844
 20
5.603812235819808
 10
2.9988869379517666
 20
5.622530187719166
 10
2.991847708177648
 20
5.6412481396185274
 10
2.9848084784035276
 20
5.659966091517893
 10
2.977845769670371
 20
5.678480949339778
 10
2.970839966594849
 20
5.696970311030021
 10
2.963745346956648
 20
5.715688889825473
 10
2.9566420726360567
 20
5.734448917361102
 10
2.9495560937085803
 20
5.753184717150156
 10
2.9424262038319364
 20
5.7720368297753675
 10
2.935327962208168
 20
5.790907464436544
 10
2.9283232965029216
 20
5.8095335952812
 10
2.921341466800283
 20
5.828032007774377
 10
2.9142969693146594
 20
5.846618218507642
 10
2.9072442098772897
 20
5.865226423771642
 10
2.9001718578719284
 20
5.8838233602892345
 10
2.8930741693838224
 20
5.902484705072229
 10
2.8859810267550947
 20
5.921115708621611
 10
2.8788705188557993
 20
5.939770796157376
 10
2.871748063505157
 20
5.9584572380042875
 10
2.8646256081545176
 20
5.9771436798511886
 10
2.8575301050235438
 20
5.995759455862427
 10
2.8504498670155662
 20
6.0142870172550325
 10
2.8433239327867645
 20
6.032878080141409
 10
2.8362445758950137
 20
6.051348065141824
 10
2.8291221830882667
 20
6.069792207319331
 10
2.821936406285605
 20
6.0883954014992625
 10
2.814756998360375
 20
6.106952829319523
 10
2.8075494447469835
 20
6.12554909130481
 10
2.800287868412487
 20
6.1442848333903095
 10
2.7930453156990724
 20
6.163032319097497
 10
2.7859302939080863
 20
6.181452835547516
 10
2.778871240204116
 20
6.199570844196844
 10
2.7716567752515635
 20
6.2179019881449005
 10
2.7644483090046057
 20
6.2362193475733285
 10
2.7571783656328726
 20
6.254499165417625
 10
2.749801374344271
 20
6.273041338392537
 10
2.742426472452114
 20
6.291559911998893
 10
2.7350331372974273
 20
6.310103186403679
 10
2.7276616329759427
 20
6.328591784123916
 10
2.720271636994462
 20
6.347068986996274
 10
2.7129624159628487
 20
6.365342791754919
 10
2.7057254101303623
 20
6.383249756082719
 10
2.698293640582976
 20
6.401415265974764
 10
2.69084000284218
 20
6.419636001417525
 10
2.683325822707115
 20
6.437818304280755
 10
2.6757188045255207
 20
6.4562185666988805
 10
2.6681246299403747
 20
6.47454348118772
 10
2.6604835790556707
 20
6.492929703475321
 10
2.6530129394695794
 20
6.510908014330851
 10
2.6454409160917844
 20
6.52881969488603
 10
2.637769449335644
 20
6.546956413410388
 10
2.6301627777665813
 20
6.5647786586603925
 10
2.6223749621203294
 20
6.582831412634729
 10
2.6146025313696146
 20
6.600850329527052
 10
2.6067591454399657
 20
6.618820107720724
 10
2.598906647992561
 20
6.636803240765062
 10
2.591145001665126
 20
6.65438123094652
 10
2.5831512941987573
 20
6.6722482598042765
 10
2.575419302085387
 20
6.6895393488902055
 10
2.567491844794719
 20
6.706692921046887
 10
2.5591149515918534
 20
6.7248029530408235
 10
2.550719496664838
 20
6.7429531270258956
 10
2.542324041737825
 20
6.761103301010963
 10
2.534723537398449
 20
6.777558715625141
 10
2.5267917068290924
 20
6.793763448543059
 10
2.5181872100946694
 20
6.811325228577429
 10
2.509662336039517
 20
6.828545620390832
 10
2.5008930320685367
 20
6.846043927253304
 10
2.4922705968570376
 20
6.8632538793862405
 10
2.483513850848537
 20
6.88035773259346
 10
2.4750341647330303
 20
6.896919536290079
 10
2.467041199297091
 20
6.911945609107255
 10
2.4581020790086203
 20
6.9280059322219385
 10
2.4487884830228004
 20
6.94475912222209
 10
2.439331926153393
 20
6.961388023434689
 10
2.4300492486361254
 20
6.977706587803476
 10
2.4212340470667364
 20
6.992721846145588
 10
2.4115560735691712
 20
7.008605317185631
 10
2.4016203914378074
 20
7.0249271133432405
 10
2.391535586609023
 20
7.041112279208364
 10
2.3814542342639853
 20
7.057284874087865
 10
2.37176842272937
 20
7.072469642235769
 10
2.361396289581463
 20
7.088286707875
 10
2.350841171739712
 20
7.104391909956038
 10
2.34016662097567
 20
7.120376286421496
 10
2.329676430730916
 20
7.13607980614892
 10
2.319709492460281
 20
7.150606466749805
 10
2.308898281944315
 20
7.165860989640469
 10
2.297879766189773
 20
7.181420832230984
 10
2.2867191850452975
 20
7.196822288500965
 10
2.275619575802417
 20
7.212132139988277
 10
2.2650481104137574
 20
7.226351339537684
 10
2.253637928687762
 20
7.2412449586195
 10
2.2427293899289134
 20
7.2555102016114015
 10
2.231530362540156
 20
7.26943074931394
 10
2.219679025440202
 20
7.284155124308668
 10
2.2083719614266593
 20
7.297875464644728
 10
2.196220810704199
 20
7.312202064042375
 10
2.1849935731020467
 20
7.325475504971924
 10
2.1734277529208867
 20
7.338290978918525
 10
2.1612864364036963
 20
7.3517500277979835
 10
2.1502257154672835
 20
7.363522797113883
 10
2.1376429395973764
 20
7.376267063242155
 10
2.1259500045246247
 20
7.3881711952330456
 10
2.1138838097007495
 20
7.399473702983984
 10
2.1008520307757146
 20
7.411699504247593
 10
2.0892006947575417
 20
7.4221390727032945
 10
2.0757441149986766
 20
7.433526106087703
 10
2.064348860884583
 20
7.443280241991286
 10
2.052510009331364
 20
7.4521176728566685
 10
2.038813705434537
 20
7.4624145801223465
 10
2.027200534126125
 20
7.4705992302588
 10
2.013059287522115
 20
7.4797793936126675
 10
2.002417416662068
 20
7.486889965470279
 10
1.9913812405779847
 20
7.492681664939219
 10
1.9772293778414232
 20
7.500296559475341
 10
1.9663759918613373
 20
7.505560565014832
 10
1.9519121902758942
 20
7.511634288095761
 10
1.9424340119486445
 20
7.515937926079923
 10
1.9328161911874342
 20
7.518547012013364
 10
1.9184306403023221
 20
7.5228426592861
 10
1.9086585337475992
 20
7.525197896546463
 10
1.8942149789071685
 20
7.527639558738151
 10
1.88459312848474
 20
7.529622162544246
 10
1.8751814023607882
 20
7.529859432265679
 10
1.8597450672506297
 20
7.530712235694285
 10
1.8487132914131712
 20
7.530781337675641
 10
1.8335294055731441
 20
7.529954929130172
 10
1.8216944286008219
 20
7.529552465436629
 10
1.810300109420066
 20
7.527716049904945
 10
1.7933515064623808
 20
7.525230351618306
 10
1.7790867155498724
 20
7.522697483776223
 10
1.7623929354029524
 20
7.519122067436748
 10
1.7458814497483797
 20
7.51563891303602
 10
1.729619259616536
 20
7.5115399836735905
 10
1.7139765156547917
 20
7.507647052513365
 10
1.7025812685560056
 20
7.504264437100337
 10
1.6878001467172483
 20
7.498998753850305
 10
1.6803523032560568
 20
7.4968291518171135
 10
1.674022785121938
 20
7.493058163064992
 10
1.6607049480289895
 20
7.486135871115579
 10
1.6519098545770003
 20
7.480927390300186
 10
1.6396297642765885
 20
7.472531500684101
 10
1.6303969986988827
 20
7.466567227377146
 10
1.6223091059670687
 20
7.459484395474969
 10
1.6099273882263574
 20
7.449095629964928
 10
1.6007681756858059
 20
7.440717478695432
 10
1.5894760232593654
 20
7.42932985330974
 10
1.579638683858978
 20
7.419618998086504
 10
1.5707753122774077
 20
7.409211117089497
 10
1.5597402897228922
 20
7.396454657365794
 10
1.5511015515452744
 20
7.385726308727182
 10
1.5411007258417289
 20
7.372264040803845
 10
1.5327513666051844
 20
7.361248790888455
 10
1.5254563433517
 20
7.349668118320698
 10
1.5162262280094865
 20
7.335262663936723
 10
1.5089324812171516
 20
7.323020863783235
 10
1.5007503192540883
 20
7.308097783476404
 10
1.4935576640218908
 20
7.2951871244070015
 10
1.4873327771519762
 20
7.281897814139141
 10
1.479929471764147
 20
7.266307238647064
 10
1.4741221580297108
 20
7.253029179611537
 10
1.4677957070109757
 20
7.237098774290701
 10
1.4622328666887698
 20
7.223352739780137
 10
1.4576665019659294
 20
7.209344996461479
 10
1.4521720676148415
 20
7.192776132528218
 10
1.4478927022405035
 20
7.178511142818784
 10
1.4434350078997347
 20
7.161743098241799
 10
1.4395617287993294
 20
7.147550305286016
 10
1.4367303099269468
 20
7.133222166964532
 10
1.4332486103965574
 20
7.116071905544288
 10
1.4306765920842133
 20
7.10128326803423
 10
1.4282232066518892
 20
7.08404419795612
 10
1.4260425034323263
 20
7.069379028104886
 10
1.4248931749638687
 20
7.054703887309623
 10
1.4234332833857397
 20
7.037152192670183
 10
1.4225760223753912
 20
7.0219247785972065
 10
1.4221023209759882
 20
7.00439051486858
 10
1.4216111366409732
 20
6.98920571560364
 10
1.4220835355738457
 20
6.974118864434248
 10
1.4225554627110615
 20
6.956683360795418
 10
1.4233896092065936
 20
6.941800483824145
 10
1.424903881449553
 20
6.92449158733571
 10
1.426139919177842
 20
6.909394902036016
 10
1.4283327642817645
 20
6.894486230056551
 10
1.430828670172515
 20
6.876984230410618
 10
1.4333955006230534
 20
6.861845017462459
 10
1.4368303021529465
 20
6.844578192931965
 10
1.4396948833855054
 20
6.8297543190202
 10
1.443500025863536
 20
6.815216833249009
 10
1.447860191929682
 20
6.798233846138511
 10
1.4520013011470294
 20
6.783801728180388
 10
1.4573179651355956
 20
6.767214675420911
 10
1.4617201192514802
 20
6.753167363827623
 10
1.467075576725458
 20
6.7395560367643
 10
1.4734322740699266
 20
6.723148186290047
 10
1.4793081289655277
 20
6.70912231495985
 10
1.486552022464576
 20
6.693164824672632
 10
1.4936990398540253
 20
6.677331168522492
 10
1.501335957579106
 20
6.66177194467939
 10
1.5094952823404273
 20
6.645106732776608
 10
1.5172645883166322
 20
6.629871873774901
 10
1.5259585641172728
 20
6.613533314980438
 10
1.5341720728342243
 20
6.598047827526345
 10
1.542826694669331
 20
6.582857554028044
 10
1.5524135205521556
 20
6.566010832079728
 10
1.5618306461120657
 20
6.549711109057498
 10
1.5716491137841175
 20
6.5329868486058675
 10
1.5805927546821485
 20
6.517720858574945
 10
1.5899431682066092
 20
6.502740662807875
 10
1.6003217070698486
 20
6.486095188777714
 10
1.6105846335807925
 20
6.469780529085931
 10
1.6211044883476158
 20
6.453216434462066
 10
1.631157684479126
 20
6.437378228118254
 10
1.6414283106908778
 20
6.421708607013336
 10
1.6521471171441082
 20
6.405355637414726
 10
1.6627077614201788
 20
6.389412658493152
 10
1.6735859150135954
 20
6.373174741146411
 10
1.6842891205824273
 20
6.357193938785612
 10
1.6951272062257494
 20
6.34131928048657
 10
1.706224773646307
 20
6.325065989961696
 10
1.7172013181891688
 20
6.309110009596621
 10
1.7284112931968072
 20
6.292944578129477
 10
1.7396702364277115
 20
6.276707709769617
 10
1.750971344801328
 20
6.260505408083285
 10
1.762303079346634
 20
6.244260439706449
 10
1.7735570578951416
 20
6.228200250545377
 10
1.7849554223163078
 20
6.212013188948749
 10
1.7963310967789554
 20
6.195857867175194
 10
1.807748517808205
 20
6.179737645898968
 10
1.819237057042375
 20
6.16351846366315
 10
1.8306766572261628
 20
6.147414281254661
 10
1.8422077403878798
 20
6.131231081487654
 10
1.8537310935930382
 20
6.11505855499043
 10
1.8652788789673422
 20
6.098906622700788
 10
1.8769481928036809
 20
6.082585600692356
 10
1.8886492725340402
 20
6.066193111093574
 10
1.90029681726007
 20
6.049846411532545
 10
1.911901375088842
 20
6.033560014855614
 10
1.9235059329176114
 20
6.017273618178686
 10
1.9351787289115727
 20
6.000891384617677
 10
1.9469027323583767
 20
5.98439044056553
 10
1.9585349313289946
 20
5.96796859162074
 10
1.970232264023645
 20
5.951454426845578
 10
1.9818871889750553
 20
5.934904881339201
 10
1.993403302599823
 20
5.918550400629451
 10
2.0049168622935643
 20
5.902199546758826
 10
2.016430421987302
 20
5.885848692888204
 10
2.028298525947256
 20
5.868992445569872
 10
2.0400567331782886
 20
5.852043258541125
 10
2.051498894136476
 20
5.835542435146384
 10
2.0629633121947903
 20
5.818981740464951
 10
2.0743744143868166
 20
5.80246781460537
 10
2.086362547111672
 20
5.785112763605718
 10
2.0981507662076746
 20
5.767594195473366
 10
2.109320637830667
 20
5.750979514473383
 10
2.120477944180347
 20
5.73438352115755
 10
2.1316352505300267
 20
5.717787527841719
 10
2.1433987013897142
 20
5.700283820789068
 10
2.1549616161822747
 20
5.682618562368353
 10
2.165995724190507
 20
5.665745138248485
 10
2.1770739769694325
 20
5.648745252185539
 10
2.1880465393100867
 20
5.631842789583428
 10
2.1995254719092596
 20
5.614153944146583
 10
2.210802621183071
 20
5.59630573783788
 10
2.22168791267932
 20
5.579059768594178
 10
2.2327032341646507
 20
5.5614434597077285
 10
2.243441719685581
 20
5.544091299255768
 10
2.2544871009592136
 20
5.526236902559816
 10
2.265345534275954
 20
5.50824030773323
 10
2.2759547817962047
 20
5.490638920486971
 10
2.286741599587824
 20
5.4724966540669735
 10
2.2971414260327476
 20
5.454740746726919
 10
2.307778584454039
 20
5.436571385590276
 10
2.3182150359849194
 20
5.418253755490048
 10
2.328472250780713
 20
5.400228017611654
 10
2.338950612616726
 20
5.381461510234244
 10
2.3489203637072804
 20
5.363228822132901
 10
2.359058528029612
 20
5.3446766380384245
 10
2.368973551055734
 20
5.325971310688125
 10
2.378758584983981
 20
5.307483631191725
 10
2.388795605524426
 20
5.288047883668258
 10
2.398216455962117
 20
5.2692965004334145
 10
2.4077709848468656
 20
5.250261990481906
 10
2.4170627235279616
 20
5.231066220501255
 10
2.426228348943712
 20
5.21209719762755
 10
2.435648105079076
 20
5.192001100013235
 10
2.4443767036356765
 20
5.172731184221901
 10
2.453248470418022
 20
5.153119622048895
 10
2.46180366461016
 20
5.133327215301883
 10
2.4702381367123576
 20
5.113762956171831
 10
2.478910222927416
 20
5.092826833028505
 10
2.486786897114125
 20
5.072936232032298
 10
2.4949477141162526
 20
5.0522742454682
 10
2.5026276638138443
 20
5.031370073807239
 10
2.5099023121302095
 20
5.011481186363512
 10
2.5173198869651583
 20
4.990372994472625
 10
2.5240824273681333
 20
4.970227069835862
 10
2.531475748854379
 20
4.948086075056321
 10
2.5381048209180976
 20
4.925607801475362
 10
2.5440404079560865
 20
4.905287859510931
 10
2.5500193546385694
 20
4.883851319429731
 10
2.5554378074979303
 20
4.863378356114107
 10
2.561531050840908
 20
4.840158746419387
 10
2.566666776343764
 20
4.816599774336606
 10
2.57109604808826
 20
4.795958390677447
 10
2.5754909965265322
 20
4.774274864181662
 10
2.57942482558301
 20
4.753525245960735
 10
2.583897740279937
 20
4.729623819498349
 10
2.5873071639435365
 20
4.705432182944918
 10
2.59011260923287
 20
4.6850050895969835
 10
2.59285811874805
 20
4.664122978902813
 10
2.595408659758986
 20
4.64372582788036
 10
2.5983182923734995
 20
4.620118113319302
 10
2.600292525567191
 20
4.59632072984701
 10
2.601929896549847
 20
4.575888933659401
 10
2.60349978726162
 20
4.55509096448868
 10
2.604934158125217
 20
4.534690287592773
 10
2.6065431936869308
 20
4.511316015022597
 10
2.6073042393832653
 20
4.487815769292793
 10
2.607916067661314
 20
4.467411639077885
 10
2.608458084991339
 20
4.4467215592492515
 10
2.6089063948116897
 20
4.42636136660001
 10
2.609383799026216
 20
4.403812198373607
 10
2.6092391103979486
 20
4.381190470542532
 10
2.6090747954011433
 20
4.360710765327087
 10
2.6088088626962143
 20
4.3398400474369785
 10
2.60844127923778
 20
4.31938508520878
 10
2.6080325232386907
 20
4.2973426065390266
 10
2.607129479755129
 20
4.275258074291487
 10
2.6062721240804847
 20
4.254892790479025
 10
2.6053245214307745
 20
4.234225678215296
 10
2.604308150584871
 20
4.213890742659779
 10
2.6032057523463017
 20
4.192044245117358
 10
2.601651354873879
 20
4.170171406966244
 10
2.600196164404829
 20
4.150001886833766
 10
2.598691579887143
 20
4.129697701272338
 10
2.5971555791366994
 20
4.109566626111219
 10
2.5955112246583414
 20
4.088104514584234
 10
2.5935018278458326
 20
4.06663076171355
 10
2.5915868832887905
 20
4.046343888308964
 10
2.589561432555074
 20
4.025731604323264
 10
2.587481953171182
 20
4.005462889497241
 10
2.585333936819229
 20
3.984559151869232
 10
2.5829460284902273
 20
3.963653314432027
 10
2.5806254793722867
 20
3.9434225923330066
 10
2.57818591253961
 20
3.9228533435029793
 10
2.5756991367401496
 20
3.902629654656726
 10
2.573195539174317
 20
3.882278543491722
 10
2.5705737650907374
 20
3.8619279682742187
 10
2.567958521751757
 20
3.8416637701085845
 10
2.5651858530369016
 20
3.820960452537673
 10
2.5623606582641827
 20
3.800688171862353
 10
2.559552914930416
 20
3.7805480172623325
 10
2.5566668947597906
 20
3.760409349252459
 10
2.55376599768189
 20
3.7401883453371565
 10
2.5507006527152636
 20
3.7195255906599374
 10
2.547588908813773
 20
3.6992950939675064
 10
2.54455202540727
 20
3.679555364373187
 10
2.541521085875554
 20
3.6598154553922906
 10
2.5384330242337945
 20
3.6397047201880324
 10
2.5352031186635684
 20
3.619214250066761
 10
2.531936873919937
 20
3.599083212891673
 10
2.5287380455070854
 20
3.5793704459859774
 10
2.5255454776469666
 20
3.559657489954679
 10
2.5222945949787405
 20
3.5395853159916064
 10
2.5189040790866914
 20
3.5191481730052536
 10
2.5154813842427335
 20
3.4990577304837793
 10
2.512122457151181
 20
3.479344027434551
 10
2.508763530059628
 20
3.4596303243853157
 10
2.5054022934931908
 20
3.4399030701324413
 10
2.5020353188295803
 20
3.4201608687459895
 10
2.4986671164183254
 20
3.4004328218673487
 10
2.4952781375358044
 20
3.3805834155925525
 10
2.491857074382501
 20
3.360735303838713
 10
2.4884586028318574
 20
3.34102416855542
 10
2.4850608362821136
 20
3.321317122566908
 10
2.481663069732371
 20
3.301610076578401
 10
2.478265303182629
 20
3.281903030589899
 10
2.4748675366328863
 20
3.2621959846013895
 10
2.471483404844797
 20
3.2425681288108326
 10
2.4681328728061027
 20
3.223027920632951
 10
2.464789433084768
 20
3.203404969520959
 10
2.4614861573206612
 20
3.1840197751698107
 10
2.458259317844964
 20
3.1646338771307243
 10
2.4549933494468883
 20
3.1449983482732304
 10
2.451758559469002
 20
3.1254389950707218
 10
2.448531362054535
 20
3.10579676705145
 10
2.4453474274120057
 20
3.0864203073934835
 10
2.4422462125194784
 20
3.067042627996372
 10
2.439140828110676
 20
3.047626026490808
 10
2.4361623494819056
 20
3.0285512058845145
 10
2.4332164556958507
 20
3.0091449898476306
 10
2.4302684138440642
 20
2.989729687307603
 10
2.4274027656085617
 20
2.9703142616352554
 10
2.4245568679139553
 20
2.9510213214054892
 10
2.4218945872974778
 20
2.932251535822718
 10
2.419287690842611
 20
2.9129850498748975
 10
2.416653053144661
 20
2.893522921835273
 10
2.4141003857397787
 20
2.8740619490911374
 10
2.411608057227137
 20
2.855058328907306
 10
2.409407028777226
 20
2.8369527544534288
 10
2.4073131326112267
 20
2.8180086747284725
 10
2.4051862030921636
 20
2.798800712136904
 10
2.4032119633520073
 20
2.7796004556150398
 10
2.401279350617462
 20
2.760799202800063
 10
2.399687845306919
 20
2.7431719525602616
 10
2.3982665147313016
 20
2.724451328275956
 10
2.3968678593089288
 20
2.706191552218064
 10
2.3958406457800545
 20
2.687968596116344
 10
2.394763437982038
 20
2.668798680486303
 10
2.3938860118690135
 20
2.6504038978420024
 10
2.3931607606887897
 20
2.631264638637823
 10
2.392505687815162
 20
2.6151568658632116
 10
2.392649670594938
 20
2.5991835291181835
 10
2.3927907425567008
 20
2.580794122104619
 10
2.39320463924584
 20
2.5639600757732928
 10
2.3940190536095463
 20
2.545673672117871
 10
2.394717998849406
 20
2.5290765399808377
 10
2.3961138047221526
 20
2.512645120254333
 10
2.3976158585553904
 20
2.494714854556676
 10
2.399295373457021
 20
2.478851113596773
 10
2.401626988897029
 20
2.461161205350689
 10
2.4037982627986287
 20
2.444384008867114
 10
2.4065937735342238
 20
2.4278132668958676
 10
2.4096842204405755
 20
2.4094302888882577
 10
2.4128006273565306
 20
2.3923953867629857
 10
2.4164473555004307
 20
2.3741916373765823
 10
2.4197384767908967
 20
2.357597751242763
 10
2.423639544757757
 20
2.341247688538333
 10
2.4278677859968143
 20
2.3234644947519376
 10
2.4319864472482418
 20
2.307474426788764
 10
2.4368946503195055
 20
2.2900236531641243
 10
2.4411555831536385
 20
2.2746676537020605
 10
2.4461668836453243
 20
2.259697739529151
 10
2.4517797811994786
 20
2.242820786289243
 10
2.457044887273329
 20
2.228174119974419
 10
2.463475366535526
 20
2.2117531070446304
 10
2.468930245563075
 20
2.197602768033013
 10
2.4752051297147797
 20
2.1839935512360524
 10
2.482361549289861
 20
2.1683272542930565
 10
2.4887528414919835
 20
2.155391315803251
 10
2.4968404742938897
 20
2.1403950506112137
 10
2.5031942007369925
 20
2.12832802025503
 10
2.510473532621655
 20
2.1170820955582483
 10
2.5195465004622037
 20
2.1028389342961455
 10
2.527355586991535
 20
2.091445430022354
 10
2.537342001615875
 20
2.078059412839152
 10
2.5455899849485855
 20
2.0667863925717773
 10
2.5546184746951988
 20
2.0564000378532645
 10
2.5654671394208424
 20
2.0437450243030835
 10
2.5744831442471816
 20
2.0339785426830512
 10
2.5861473624918823
 20
2.022398460609726
 10
2.5959923205918645
 20
2.0124363886079033
 10
2.606477092555735
 20
2.0034597929112437
 10
2.6195395345478745
 20
1.9921361117497374
 10
2.630867559020145
 20
1.9828841892950513
 10
2.6445122710305036
 20
1.9724994270326417
 10
2.656617017684946
 20
1.9631806468043573
 10
2.6691601798497655
 20
1.9547142833501925
 10
2.684153345429831
 20
1.9445275053036837
 10
2.697819613554915
 20
1.9356381107803682
 10
2.7131636672727333
 20
1.9261557601833175
 10
2.7276310408411053
 20
1.9171733929237957
 10
2.7423383647848905
 20
1.90877734936501
 10
2.7587868035898833
 20
1.8993752479148005
 10
2.7744740025003316
 20
1.8906368326717395
 10
2.7911141507417745
 20
1.8816398220675885
 10
2.808036738370057
 20
1.8724843774883668
 10
2.8250176112667496
 20
1.8634902162259008
 10
2.8413734837384244
 20
1.8548243043945858
 10
2.856406962578637
 20
1.847182475547478
 10
2.872907750745264
 20
1.8391975783038608
 10
2.8870615136592956
 20
1.8322836300284857
 10
2.90144075888966
 20
1.8262160276033956
 10
2.9179197600060425
 20
1.819218622183013
 10
2.9326271111873927
 20
1.813363917545826
 10
2.949319945859734
 20
1.8072213160944564
 10
2.964190588027867
 20
1.8016840382798904
 10
2.979208618023267
 20
1.796987541413132
 10
2.9964483006953238
 20
1.7915567028156498
 10
3.011969105351674
 20
1.7870201705157251
 10
3.0293305141539326
 20
1.7823954716698192
 10
3.0451048884332206
 20
1.7781428146610179
 10
3.0609437918664604
 20
1.774654188577927
 10
3.0789526922078285
 20
1.7706626396695961
 10
3.0955500050552947
 20
1.7672720502306545
 10
3.1136219923094264
 20
1.7639370993594046
 10
3.130270132820936
 20
1.7608306194332706
 10
3.1469220300357508
 20
1.758376884470758
 10
3.165197385871179
 20
1.7556704834701022
 10
3.1820280287610947
 20
1.753460253858875
 10
3.2003115658308903
 20
1.7514074922236655
 10
3.2172983529123944
 20
1.7494692920095662
 10
3.234251776566142
 20
1.7481504428569634
 10
3.252716044139526
 20
1.7467018717642098
 10
3.2697082320337545
 20
1.7456424138168287
 10
3.288104005271314
 20
1.7448385579594943
 10
3.305366799485301
 20
1.7440563544539902
 10
3.3225579383951613
 20
1.7438538822488248
 10
3.341155708142348
 20
1.7436258213096214
 10
3.358351034410703
 20
1.7436756838720522
 10
3.3768563357587262
 20
1.7440521232158743
 10
3.394137272308053
 20
1.7443766938177314
 10
3.4113061762434986
 20
1.745274359564691
 10
3.4298719238925464
 20
1.7462367829720487
 10
3.447021345472968
 20
1.7473877763573664
 10
3.4654621441339932
 20
1.7489493988555316
 10
3.4828501247431976
 20
1.750397214377278
 10
3.5001048708574003
 20
1.7523788871645423
 10
3.5185823646325214
 20
1.754493043015241
 10
3.5356141701280555
 20
1.7567057506124635
 10
3.5539132685691714
 20
1.7594109024055806
 10
3.5709791477841177
 20
1.7619058378996713
 10
3.5878551176431137
 20
1.7649613152742436
 10
3.6061337062517467
 20
1.7682627226147767
 10
3.622958555979936
 20
1.7715688907289657
 10
3.6410219594004354
 20
1.775454298584529
 10
3.657656677805273
 20
1.7790000536028714
 10
3.6740421574634583
 20
1.7831349104973613
 10
3.6918627169685956
 20
1.7876201621547398
 10
3.708049246233525
 20
1.791997293900676
 10
3.725600053679094
 20
1.7971250156564025
 10
3.7407478167272994
 20
1.8014897561972234
 10
3.7555029034854925
 20
1.8066339451137459
 10
3.771109109686801
 20
1.8120110069350521
 10
3.783004192780683
 20
1.8166423977660802
 10
3.7977512009003496
 20
1.8232072133384227
 10
3.810408126374413
 20
1.8286813027273827
 10
3.822351088969652
 20
1.8351325976848136
 10
3.837550031782252
 20
1.843210539345219
 10
3.8501333577629278
 20
1.850392275333029
 10
3.8646538084020507
 20
1.8593724215322254
 10
3.878010103180164
 20
1.8675429338380882
 10
3.8907773371034113
 20
1.876381340370318
 10
3.905830626797736
 20
1.8867491492364847
 10
3.9193260816747517
 20
1.8964160673431933
 10
3.933890558085049
 20
1.9073237663961429
 10
3.947828136658001
 20
1.9177266488359963
 10
3.9613507769675995
 20
1.9285107945562057
 10
3.976079735830393
 20
1.940252072107531
 10
3.9898056394548864
 20
1.9514728591867025
 10
4.004190756715443
 20
1.963572256743979
 10
4.018404376933165
 20
1.9755144207509532
 10
4.032377216854945
 20
1.9876657415060681
 10
4.047032796542977
 20
2.0004154470686624
 10
4.061200312583782
 20
2.0128915546140274
 10
4.0756743233752
 20
2.0258147443089634
 10
4.089963881803001
 20
2.0385691818577834
 10
4.104107034196966
 20
2.0514456919638686
 10
4.11883095828197
 20
2.064856392323819
 10
4.1335198935175255
 20
2.078252129268009
 10
4.14823979288536
 20
2.0916955215121216
 10
4.163090408120705
 20
2.1052582281676404
 10
4.1779614753151035
 20
2.118804199197477
 10
4.192837942769994
 20
2.1323537905240353
 10
4.207832862783492
 20
2.1459735739838313
 10
4.222759999105455
 20
2.159488758056664
 10
4.238286270114393
 20
2.173542888871168
 10
4.253982582620242
 20
2.1874524405189057
 10
4.26941365588779
 20
2.201112800454468
 10
4.28541581834341
 20
2.2150912666748215
 10
4.301083517172119
 20
2.2285696580272707
 10
4.317247332928604
 20
2.2424665450606507
 10
4.333649477973394
 20
2.2561568384825454
 10
4.349626714903121
 20
2.2694691183431592
 10
4.366346402928677
 20
2.283160344483764
 10
4.382614204460424
 20
2.2962190260591093
 10
4.400009627017987
 20
2.310160670939957
 10
4.417813701394924
 20
2.323716333374267
 10
4.434880838501195
 20
2.3366603789356706
 10
4.453306676601192
 20
2.3502008561446646
 10
4.470872086784255
 20
2.3626512451991997
 10
4.489693235077649
 20
2.375950365016234
 10
4.509026552900351
 20
2.388689119573841
 10
4.5272284537555665
 20
2.4006112085575557
 10
4.547155526616763
 20
2.413138730986995
 10
4.565926528286301
 20
2.4243957257630173
 10
4.586413410114664
 20
2.4366191611486387
 10
4.607498064781314
 20
2.4480667740037494
 10
4.62703054908626
 20
2.458574162573874
 10
4.648756275399896
 20
2.4696250408551745
 10
4.6689183751402545
 20
2.479232691890982
 10
4.6911010350857705
 20
2.4897189980966807
 10
4.713909009833454
 20
2.4992143597486196
 10
4.734908287060754
 20
2.507830732667585
 10
4.758691854881511
 20
2.5168105745250107
 10
4.780361613467217
 20
2.5242119414708295
 10
4.804697463144397
 20
2.532398068854079
 10
4.829648946499992
 20
2.539215964611598
 10
4.851283573390832
 20
2.5449799504897643
 10
4.875299755819022
 20
2.5507470885512515
 10
4.897319133321846
 20
2.555393995688765
 10
4.919029183367228
 20
2.5599436124945036
 10
4.940921923516283
 20
2.5639916921654033
 10
4.961746252964939
 20
2.5678053448911173
 10
4.983757913949648
 20
2.57155613296209
 10
5.004743899842808
 20
2.5748316904321986
 10
5.026705059823085
 20
2.5782404532176786
 10
5.048816490647477
 20
2.5811271071445203
 10
5.069868781846794
 20
2.5838397155604187
 10
5.0921885554237445
 20
2.5864198708476716
 10
5.113398173429735
 20
2.5885543459105196
 10
5.135638612180443
 20
2.5907714245174733
 10
5.158016373997833
 20
2.5924276956038166
 10
5.179280926467714
 20
2.5939605568777004
 10
5.2018799943236855
 20
2.595272973109718
 10
5.223266636024685
 20
2.596176880704657
 10
5.245437648078454
 20
2.5970943202582104
 10
5.26770472519368
 20
2.5974848555506638
 10
5.288835827379333
 20
2.597819789948445
 10
5.311106720687312
 20
2.597906433113592
 10
5.332323030080245
 20
2.5976985194804585
 10
5.354516265560549
 20
2.5974627991387687
 10
5.376780525847756
 20
2.596694660940931
 10
5.397822352327693
 20
2.5959329415072627
 10
5.419882945911613
 20
2.5948901873959525
 10
5.440957187524471
 20
2.593629285757687
 10
5.462784790074734
 20
2.5923096240153787
 10
5.484654629012544
 20
2.590537771032805
 10
5.505390719199241
 20
2.588829052643895
 10
5.526884990786509
 20
2.586877160858352
 10
5.547629592993763
 20
2.5847922597981006
 10
5.5688633885361565
 20
2.5826508783935056
 10
5.590110872551483
 20
2.5801883636403895
 10
5.610670298473406
 20
2.5777878546429793
 10
5.631913883988043
 20
2.5751474607883424
 10
5.652487413073106
 20
2.5724115051168868
 10
5.673158390951112
 20
2.56965882121065
 10
5.693836356712124
 20
2.56670336604458
 10
5.714242099839688
 20
2.5637755067176093
 10
5.735267925567296
 20
2.560616391827505
 10
5.755694155320134
 20
2.5573860022532635
 10
5.776077750629147
 20
2.554159828472917
 10
5.796460806435828
 20
2.5507832229816945
 10
5.8165519060048885
 20
2.547447920585872
 10
5.837004616360246
 20
2.5439699573872336
 10
5.85710176129068
 20
2.5404575151297046
 10
5.877291302918406
 20
2.536927729675941
 10
5.897479572108842
 20
2.5332810823492578
 10
5.917504816147907
 20
2.529658308221974
 10
5.937877739099688
 20
2.5258926549261194
 10
5.957906602622203
 20
2.5220994362357256
 10
5.977880565763396
 20
2.5183158612249605
 10
5.9978524130645186
 20
2.514454925806255
 10
6.0176543568645755
 20
2.510623519439026
 10
6.037617994345406
 20
2.506723246362179
 10
6.057417522271137
 20
2.502811829660543
 10
6.077229924607849
 20
2.498897656902404
 10
6.09704150843434
 20
2.4949373810936497
 10
6.116736657168698
 20
2.4909983332672594
 10
6.136510828832532
 20
2.487024875561463
 10
6.156203179966864
 20
2.4830462417709507
 10
6.176128035061591
 20
2.4790202909106305
 10
6.19605058043291
 20
2.474917245476247
 10
6.215742721673964
 20
2.4708582271886237
 10
6.23552698906021
 20
2.4667578011562217
 10
6.255212874881973
 20
2.4626515792231265
 10
6.2747557240410305
 20
2.4585751532573568
 10
6.294298843508008
 20
2.454506680717344
 10
6.313891692303135
 20
2.4504281685567677
 10
6.333504006302523
 20
2.4463417715812494
 10
6.353099372740753
 20
2.442254395620682
 10
6.372803231281491
 20
2.4381443388833803
 10
6.39250610488792
 20
2.4340039965562505
 10
6.412097484996799
 20
2.4298858077801726
 10
6.431702081095559
 20
2.425760986375311
 10
6.451289633084862
 20
2.421635184106065
 10
6.470697276678914
 20
2.4175471967195636
 10
6.490105634423817
 20
2.413497261134446
 10
6.509906794742586
 20
2.4093667944206847
 10
6.529974729946096
 20
2.405124110198329
 10
6.549797871272924
 20
2.400867831875525
 10
6.572052945598314
 20
2.3960667236277455
 10
6.59426818199906
 20
2.3905783040425086
 10
6.614011331667437
 20
2.385652572140071
 10
6.633894612909391
 20
2.3806354060127246
 10
6.653535432324401
 20
2.375614058262812
 10
6.676996577093494
 20
2.369562943566663
 10
6.700349788229414
 20
2.3624264105957127
 10
6.720167113136878
 20
2.35627680831375
 10
6.7403910401304135
 20
2.349859197267242
 10
6.760033920247322
 20
2.343464189553266
 10
6.7801040412571405
 20
2.336925043917761
 10
6.80014009610759
 20
2.3301219225169807
 10
6.820316662704358
 20
2.3232493819437137
 10
6.841756417030104
 20
2.3156018189294203
 10
6.861881726660093
 20
2.3080402053585973
 10
6.881094747268595
 20
2.3008139409692765
 10
6.900286342333177
 20
2.2934646487519745
 10
6.919382775778068
 20
2.2861444669310464
 10
6.9388982328315985
 20
2.2785538152971294
 10
6.95796976360761
 20
2.2710080373079804
 10
6.97789022687136
 20
2.263119267138097
 10
6.997744884831295
 20
2.2548919031231014
 10
7.01639697514547
 20
2.2471403425999084
 10
7.0351254345213725
 20
2.239323252954272
 10
7.053715329629492
 20
2.231523660882818
 10
7.072867773844856
 20
2.2234861110066224
 10
7.091979909633757
 20
2.215269920466042
 10
7.110800869409605
 20
2.2071680695677856
 10
7.130053790668187
 20
2.198760385208972
 10
7.148833635590305
 20
2.1904193028151777
 10
7.167171584752256
 20
2.1822735472979153
 10
7.18550617616956
 20
2.1741122655131573
 10
7.2039790875923275
 20
2.1658884281058457
 10
7.222665138370707
 20
2.157513510956915
 10
7.2411261907281395
 20
2.1491738607693076
 10
7.260031248147302
 20
2.140631666101912
 10
7.278894929452176
 20
2.1319168612086745
 10
7.29717204902633
 20
2.123462655420128
 10
7.315522874830182
 20
2.1149474342930192
 10
7.333765534041815
 20
2.10645035221365
 10
7.351691850593715
 20
2.0981004111655897
 10
7.369630161149031
 20
2.0898005679479112
 10
7.388093686375347
 20
2.0812597730103164
 10
7.4069178592701554
 20
2.0724593284865187
 10
7.42537795158568
 20
2.0637199482544566
 10
7.443653383420304
 20
2.055067264317372
 10
7.461916573419444
 20
2.0463637739543126
 10
7.47988189030483
 20
2.037799341408159
 10
7.497733186659029
 20
2.029315870053877
 10
7.515692841365577
 20
2.020812898668399
 10
7.534104636018251
 20
2.012095369105128
 10
7.552495353861516
 20
2.0032924114187476
 10
7.570547287056098
 20
1.9946466971782097
 10
7.588583257368843
 20
1.9860086271392898
 10
7.606619227681594
 20
1.9773705571003668
 10
7.6247907859904
 20
1.9686674775019624
 10
7.6429540036940145
 20
1.9599301311432553
 10
7.660916891111005
 20
1.9512872182347882
 10
7.678802153655865
 20
1.9426995532866904
 10
7.696760048437388
 20
1.934098900153025
 10
7.714996195565676
 20
1.925364802137358
 10
7.73322068862968
 20
1.9165796795330554
 10
7.751148822187346
 20
1.9079343001652194
 10
7.768961566000094
 20
1.8993710704460343
 10
7.786882123744085
 20
1.8907883275005932
 10
7.80491809405683
 20
1.882150257461673
 10
7.822954064369581
 20
1.8735121874227498
 10
7.840990034682324
 20
1.864874117383831
 10
7.859026004995074
 20
1.8562360473449087
 10
7.877061975307827
 20
1.8475979773059854
 10
7.894762449118794
 20
1.8391201505977053
 10
7.91248160372249
 20
1.8307266250380925
 10
7.93053849780347
 20
1.8221775657531136
 10
7.948612905203304
 20
1.8136202135770858
 10
7.966687312603131
 20
1.805062861401061
 10
7.98462595062556
 20
1.7965697181128952
 10
8.002571880076463
 20
1.788110941870725
 10
8.020654423009095
 20
1.7795897437483184
 10
8.038744279566371
 20
1.7710650989547347
 10
8.056834136123653
 20
1.762540454161148
 10
8.074249500064377
 20
1.7543319040451482
 10
8.091701025245976
 20
1.7462906419891515
 10
8.109802002302226
 20
1.7379578144134837
 10
8.127904156026917
 20
1.7296327296615783
 10
8.14604016034314
 20
1.7213021305163303
 10
8.164412428712664
 20
1.712862848411116
 10
8.182774355203478
 20
1.704372636657847
 10
8.200647217303946
 20
1.6961051371853482
 10
8.218182421840659
 20
1.6880710454218693
 10
8.236042948971392
 20
1.679985223331511
 10
8.253582921454973
 20
1.6720423166666936
 10
8.27115493209481
 20
1.6642675173177879
 10
8.289475621275493
 20
1.6561695207329243
 10
8.307905959150295
 20
1.6480048767583966
 10
8.326262129538817
 20
1.6398510658971301
 10
8.344337534504133
 20
1.6318217969229538
 10
8.362422676351981
 20
1.6238427135274947
 10
8.380192019331593
 20
1.6160045828270988
 10
8.397381387804666
 20
1.608554966184034
 10
8.415151173225588
 20
1.6010236338981751
 10
8.433221417316402
 20
1.5933629950249086
 10
8.451305892875054
 20
1.5857874248313226
 10
8.469800962962458
 20
1.5780443543586162
 10
8.488389811078834
 20
1.5702438960475138
 10
8.50690383485945
 20
1.5624527694686452
 10
8.524653054547477
 20
1.554981767626578
 10
8.542429093426387
 20
1.5476792797304373
 10
8.560369441303253
 20
1.540316167754801
 10
8.577742896160856
 20
1.5333169525674932
 10
8.595699193370134
 20
1.5262517920231649
 10
8.613963987313484
 20
1.519063292998645
 10
8.63224011975761
 20
1.5119601105524871
 10
8.650862060278916
 20
1.5047271263599589
 10
8.669503115602913
 20
1.4974867164594372
 10
8.6881441709269
 20
1.4902463065589178
 10
8.705117373925292
 20
1.4836439364892893
 10
8.722135180034421
 20
1.477440301806525
 10
8.740439879996105
 20
1.4707799987060421
 10
8.758378677915026
 20
1.464350490417036
 10
8.776752723036227
 20
1.4578892537282435
 10
8.795470683824899
 20
1.4513061684260697
 10
8.814191779622487
 20
1.4447596000618146
 10
8.832689373053265
 20
1.438292812459344
 10
8.850759443033047
 20
1.4320666815078287
 10
8.869237298627008
 20
1.4258169731957442
 10
8.885990114074634
 20
1.4201340005811354
 10
8.902773361802574
 20
1.4149616442386985
 10
8.921600833976747
 20
1.409171565867697
 10
8.940357857439137
 20
1.4034435440974888
 10
8.959293777287627
 20
1.397711512163614
 10
8.978479711861816
 20
1.3919036545507963
 10
8.997665178955245
 20
1.386084480772737
 10
9.01500470630911
 20
1.3808140537055904
 10
9.030202071885695
 20
1.3765523014113148
 10
9.047340426882094
 20
1.3722571976116757
 10
9.066422533509446
 20
1.3674568586373788
 10
9.085504301279862
 20
1.3627316159374245
 10
9.104806862986258
 20
1.357955699004016
 10
9.124018859374655
 20
1.3532242568958324
 10
9.143329160526433
 20
1.3484960547524487
 10
9.158488535428559
 20
1.344727822635635
 10
9.173586499210408
 20
1.3418782085936232
 10
9.192429235323164
 20
1.3383084759470778
 10
9.21085372510047
 20
1.334941410131411
 10
9.229862635013257
 20
1.3316268839052596
 10
9.249590938039555
 20
1.3281854331664165
 10
9.269319794806997
 20
1.3247372897506158
 10
9.286135212590468
 20
1.3217731947407272
 10
9.299424897671038
 20
1.3198922894298668
 10
9.31571536609478
 20
1.3183272959441923
 10
9.334635036640663
 20
1.316462927937133
 10
9.353516373052928
 20
1.3148226149450624
 10
9.372371171541454
 20
1.3131916524076015
 10
9.39003557573176
 20
1.3118707577952733
 10
9.408731518620032
 20
1.310751358168105
 10
9.422414897699005
 20
1.3098156832584693
 10
9.435754196687698
 20
1.310085276044261
 10
9.45506968094916
 20
1.3103944378353636
 10
9.474363932357367
 20
1.3107714943430695
 10
9.493966950816771
 20
1.3112423995640918
 10
9.50932968526508
 20
1.3115497722690885
 10
9.524363350743076
 20
1.3127700686463744
 10
9.53931409141113
 20
1.313907194690312
 10
9.548551230156727
 20
1.3151179283983683
 10
9.562340894683585
 20
1.3180395276440837
 10
9.570001357754045
 20
1.3191667169452477
 10
9.576500473318632
 20
1.321936876013691
 10
9.58874560541592
 20
1.3262804179044845
 10
9.594117058496098
 20
1.328634598726289
 10
9.604783179513689
 20
1.3347969543226625
 10
9.61141726222352
 20
1.3379848366093354
 10
9.61646860431362
 20
1.3424412726808983
 10
9.6273578659865
 20
1.3508115352843793
 10
9.633005627139974
 20
1.3557800631035322
 10
9.642113009925298
 20
1.3654157307173855
 10
9.648958331369265
 20
1.372066777929676
 10
9.654166277596538
 20
1.3794725528682144
 10
9.663356526101467
 20
1.3916827103850697
 10
9.669370809263082
 20
1.4005621478935433
 10
9.676973670191392
 20
1.41349255515281
 10
9.683473245662961
 20
1.424108105455496
 10
9.688612378655375
 20
1.4351223972501561
 10
9.69571260540571
 20
1.4498742937073832
 10
9.700791458991183
 20
1.461579784680479
 10
9.706492609460831
 20
1.4766579471715557
 10
9.711774483490133
 20
1.4902827450314304
 10
9.715988556675752
 20
1.5040590809664063
 10
9.721218869360646
 20
1.5209072435053341
 10
9.725394162984342
 20
1.5356502417352027
 10
9.729649987938005
 20
1.5526079058106141
 10
9.733483890044187
 20
1.5675761447583907
 10
9.736387322707714
 20
1.5825843404183355
 10
9.739900718839989
 20
1.6005180898065225
 10
9.742802529721981
 20
1.6168918036948392
 10
9.745595174437096
 20
1.6348687137342262
 10
9.74816044518413
 20
1.6510891966420953
 10
9.749972767639674
 20
1.667273400381112
 10
9.7520477606409
 20
1.6856410221495783
 10
9.753688426756936
 20
1.7025771976868358
 10
9.755117385131284
 20
1.7209177762422991
 10
9.756487656001655
 20
1.7381450956678495
 10
9.757275757226502
 20
1.7553082771841206
 10
9.758141797814252
 20
1.7740565448094037
 10
9.758723130392688
 20
1.7915953477968223
 10
9.759054357694605
 20
1.81027252214601
 10
9.759401150114574
 20
1.8294265865954245
 10
9.759559594334778
 20
1.8485488621126072
 10
9.759718668395786
 20
1.8684312188585297
 10
9.75985899668856
 20
1.88825353267063
 10
9.759978389516926
 20
1.908156581429364
 10
9.76009837422837
 20
1.928154033336765
 10
9.760218358939815
 20
1.9481514852441588
 10
9.760338844994624
 20
1.9682294104198053
 10
9.76047843938032
 20
1.9884017207499853
 10
9.760639147340616
 20
2.0084934063772497
 10
9.760797862039913
 20
2.0283226744254343
 10
9.760918320935948
 20
2.048145127378187
 10
9.761038763592317
 20
2.0682158523763805
 10
9.761178330981048
 20
2.088388162895517
 10
9.761339039818658
 20
2.108479966132489
 10
9.761497755346026
 20
2.1283093517907776
 10
9.761618241003816
 20
2.1481318045560283
 10
9.761738682190089
 20
2.1682022943329327
 10
9.761878222581855
 20
2.1883746050410555
 10
9.7620389322967
 20
2.2084665258877507
 10
9.762197648652217
 20
2.2282960291561125
 10
9.76231816107176
 20
2.24811848173387
 10
9.762438101723466
 20
2.268108615852827
 10
9.762558086434911
 20
2.288106067760214
 10
9.762678071146354
 20
2.3081035196676147
 10
9.762799141429827
 20
2.3282685300032897
 10
9.762958725850096
 20
2.348440700348836
 10
9.763118140774042
 20
2.3683652995179667
 10
9.76325860148186
 20
2.3881876124032346
 10
9.763377990503757
 20
2.408090079234707
 10
9.763499059968993
 20
2.4282549719602082
 10
9.763658617392297
 20
2.448427142494902
 10
9.763818034139229
 20
2.4683519768828446
 10
9.763958521608805
 20
2.4881742895807806
 10
9.76407790986116
 20
2.5080766388017897
 10
9.764197894572604
 20
2.528074090709199
 10
9.764317879284048
 20
2.548071542616593
 10
9.76443836082133
 20
2.568148768254194
 10
9.764577794631222
 20
2.588321079708307
 10
9.764738507808548
 20
2.6084134648688098
 10
9.764897234518664
 20
2.628244437706033
 10
9.76501808770323
 20
2.6480679402174148
 10
9.765138765732981
 20
2.6681377023333317
 10
9.765278496955393
 20
2.688308959742027
 10
9.765439200246563
 20
2.708400019620707
 10
9.765597914538441
 20
2.728229229799094
 10
9.76571836026641
 20
2.748051682844103
 10
9.765838302688676
 20
2.768042110054691
 10
9.765958287400121
 20
2.7880395619620852
 10
9.766078272111566
 20
2.808037013869486
 10
9.76619934443447
 20
2.828202317295305
 10
9.766358996132464
 20
2.848374487169505
 10
9.76651840651344
 20
2.868298500162112
 10
9.766658800529681
 20
2.888120813514184
 10
9.766778191468969
 20
2.9080235734365703
 10
9.766899262973439
 20
2.9281887592522247
 10
9.767058887674468
 20
2.948360929315572
 10
9.767218299878431
 20
2.9682851775269836
 10
9.767358720656427
 20
2.9881074906917306
 10
9.76747811082637
 20
3.0080101330036615
 10
9.767598095537815
 20
3.028007584911063
 10
9.76771808024926
 20
3.048005036818457
 10
9.767838563678946
 20
3.068082555547109
 10
9.767978064766567
 20
3.0882548665303173
 10
9.768138775758413
 20
3.108346958601781
 10
9.76829749331975
 20
3.128176633095493
 10
9.768418044701004
 20
3.1479990854002833
 10
9.768538482276911
 20
3.1680689975036604
 10
9.768677956367567
 20
3.1882413086758543
 10
9.768838668236455
 20
3.2083335183570356
 10
9.768997386626134
 20
3.228163310460819
 10
9.769117964769144
 20
3.2479857625781237
 10
9.76923790367551
 20
3.2679756078600337
 10
9.769357888386955
 20
3.2879730597674204
 10
9.769477873098397
 20
3.3079705116748213
 10
9.769598941372525
 20
3.3281352331748923
 10
9.769758459491685
 20
3.3483074039849487
 10
9.769917878892654
 20
3.368232580821541
 10
9.770058405323942
 20
3.3880548932467827
 10
9.7701777924558
 20
3.40795707124192
 10
9.770298859911886
 20
3.428121675131817
 10
9.770458351034081
 20
3.448293846131013
 10
9.770617772258037
 20
3.468219258186417
 10
9.77075832545108
 20
3.4880415704243273
 10
9.770877711813203
 20
3.507943630808996
 10
9.770997696524647
 20
3.5279410827164055
 10
9.771117681236092
 20
3.5479385346237997
 10
9.771238160908919
 20
3.5680154714249177
 10
9.7713775284177
 20
3.5881877833430997
 10
9.771538243748303
 20
3.6082804573381018
 10
9.771696965408985
 20
3.628110713757199
 10
9.771817649205278
 20
3.647933165134298
 10
9.771938079507276
 20
3.6680019133814743
 10
9.772077420019091
 20
3.6881742254886256
 10
9.772238136226344
 20
3.708267017093356
 10
9.772396858715762
 20
3.7280973911225384
 10
9.77251756927381
 20
3.747919842312129
 10
9.77263750466234
 20
3.7679091056653684
 10
9.772757489373785
 20
3.7879065575727857
 10
9.77287747408523
 20
3.8079040094801795
 10
9.772998538312518
 20
3.828068149054466
 10
9.773157922852844
 20
3.848240320800367
 10
9.773317351273805
 20
3.868166661480953
 10
9.773458010120137
 20
3.887988972979371
 10
9.773577393442633
 20
3.907890569047263
 10
9.773698456852266
 20
3.928054591011396
 10
9.773857814395631
 20
3.9482267629464274
 10
9.774017244639579
 20
3.9681533388458177
 10
9.774157930247666
 20
3.9879756501569212
 10
9.774277312800036
 20
4.007877128614355
 10
9.774398375392096
 20
4.028041032968318
 10
9.774557705938497
 20
4.048213205092487
 10
9.774717138005432
 20
4.06814001621069
 10
9.774857850375275
 20
4.087962327334471
 10
9.774977232157438
 20
4.107863688181431
 10
9.775097216868883
 20
4.127861140088832
 10
9.775217201580327
 20
4.147858591996234
 10
9.775337676739577
 20
4.167934829259262
 10
9.775476883672551
 20
4.188107142301381
 10
9.775637604216234
 20
4.2082005158296685
 10
9.775796330807323
 20
4.228031471784242
 10
9.775917173780414
 20
4.24785392204615
 10
9.776037595338403
 20
4.267921271215831
 10
9.776176775274415
 20
4.28809358444691
 10
9.776337496694277
 20
4.308187075584915
 10
9.77649622411457
 20
4.328018149149563
 10
9.776617093849413
 20
4.347840599223987
 10
9.776737025006575
 20
4.367829163037803
 10
9.77685700971802
 20
4.3878266149452045
 10
9.776976994429464
 20
4.407824066852606
 10
9.777098053794582
 20
4.427987506890962
 10
9.777257277759114
 20
4.44815967976183
 10
9.777416717023055
 20
4.468087419505218
 10
9.77755753504619
 20
4.4879097298894965
 10
9.777676913786868
 20
4.5078106264196816
 10
9.777797972334803
 20
4.5279739488478805
 10
9.777957169302372
 20
4.548146121907893
 10
9.778116610389299
 20
4.568074096870071
 10
9.778257455174188
 20
4.587896407067043
 10
9.77837683314427
 20
4.60779718598678
 10
9.778496817855714
 20
4.627794637894175
 10
9.778616802567159
 20
4.647792089801569
 10
9.778737273973809
 20
4.667867745137055
 10
9.778876347327946
 20
4.688040059114143
 10
9.779037072206126
 20
4.708134014565997
 10
9.779195802900823
 20
4.727965552445919
 10
9.779316778288951
 20
4.747788001780139
 10
9.779437192573027
 20
4.767854187093614
 10
9.7795762389302
 20
4.788026501259654
 10
9.779736964684167
 20
4.808120574321243
 10
9.779895696208461
 20
4.827952229811252
 10
9.780016698358343
 20
4.847774678957974
 10
9.780136625993407
 20
4.8677626608431375
 10
9.780256610704852
 20
4.887760112750547
 10
9.780376595416296
 20
4.907757564657956
 10
9.780497650738836
 20
4.927920422770515
 10
9.780656741124533
 20
4.948092596577205
 10
9.780816189408467
 20
4.9680215001645935
 10
9.780957139846647
 20
4.987843809622061
 10
9.7810765147737
 20
5.007744124225033
 10
9.781197569279446
 20
5.027906864727431
 10
9.781356632668182
 20
5.048079038723265
 10
9.781516082775102
 20
5.068008177529443
 10
9.781657059975037
 20
5.087830486799605
 10
9.781776434131102
 20
5.1077306837921235
 10
9.781896418842546
 20
5.127728135699518
 10
9.78201640355399
 20
5.147725587606919
 10
9.782136871209978
 20
5.167800661014831
 10
9.782275810985277
 20
5.187972975926858
 10
9.782436540196016
 20
5.208067513302309
 10
9.782595274996256
 20
5.227899633107589
 10
9.782716382799423
 20
5.247722081514128
 10
9.782836789809588
 20
5.267787102971388
 10
9.78297570258792
 20
5.287959418072382
 10
9.783136432674057
 20
5.308054073057556
 10
9.783295168304283
 20
5.327886310472919
 10
9.783416302869208
 20
5.347708758691977
 10
9.78353622698024
 20
5.367696158648489
 10
9.783656211691685
 20
5.38769361055589
 10
9.78377619640313
 20
5.407691062463283
 10
9.783897247685019
 20
5.427853338650046
 10
9.784056204491888
 20
5.448025513392586
 10
9.784215661795816
 20
5.4679555808239515
 10
9.784356744649038
 20
5.487777889354613
 10
9.784476115760532
 20
5.507677622030375
 10
9.784597166226023
 20
5.527839780606966
 10
9.784756096035927
 20
5.548011955538626
 10
9.78491555516284
 20
5.567942258188806
 10
9.785056664777821
 20
5.587764566532164
 10
9.785176035117935
 20
5.607664181597458
 10
9.785297084767103
 20
5.627826222563872
 10
9.785455987580045
 20
5.647998397684672
 10
9.785615448529944
 20
5.66792893555366
 10
9.785756584906682
 20
5.687751243709708
 10
9.785875954475337
 20
5.70765074116455
 10
9.785995939186781
 20
5.727648193071952
 10
9.786115923898226
 20
5.747645644979338
 10
9.786236387048083
 20
5.767720018849142
 10
9.786375166247577
 20
5.787892334885093
 10
9.78653590066395
 20
5.807987571793876
 10
9.786694640402043
 20
5.827820391134564
 10
9.786815907382007
 20
5.847642838425947
 10
9.786936305648164
 20
5.867706460805705
 10
9.787075057850693
 20
5.887878777030597
 10
9.78723579314199
 20
5.90797413154913
 10
9.787394533710543
 20
5.927807068499898
 10
9.78751582745226
 20
5.947629515603772
 10
9.787635747324474
 20
5.9676162160209145
 10
9.787755732035919
 20
5.987613667928324
 10
9.787875716747363
 20
6.00761111983571
 10
9.787996763174535
 20
6.02777269648649
 10
9.788155559405606
 20
6.047944872353975
 10
9.788315027552514
 20
6.067876338848144
 10
9.78845626958254
 20
6.0876986462646965
 10
9.788575636104765
 20
6.107597679402801
 10
9.788696681716008
 20
6.1277591384434
 10
9.788855450950116
 20
6.147931314500017
 10
9.78901492092001
 20
6.167863016212994
 10
9.789156189711791
 20
6.1876853234422375
 10
9.789275555462169
 20
6.207584238969885
 10
9.789395540173611
 20
6.227581690877295
 10
9.789515524885058
 20
6.247579142784697
 10
9.789635984288514
 20
6.267652934726903
 10
9.789774629909171
 20
6.28782525169778
 10
9.78993536865384
 20
6.307921070530196
 10
9.790094112501738
 20
6.327754471796203
 10
9.79021551189674
 20
6.347576918159919
 10
9.790335606167808
 20
6.3675922857708604
 10
9.790462673955457
 20
6.3876565738602
 10
9.79059819480972
 20
6.4076916753505975
 10
9.790733464399503
 20
6.427689029707067
 10
9.790868733989289
 20
6.4476863840635215
  0
LWPOLYLINE
  5
94
330
17
100
AcDbEntity
  8
TRACK
100
AcDbPolyline
 90
2332
 70
1
 10
10.140999832846308
 20
6.4662581244868145
 10
10.140918609409288
 20
6.487197646277787
 10
10.140838946741399
 20
6.507107850980582
 10
10.140779466968933
 20
6.526930565200113
 10
10.140739668426143
 20
6.54684078675326
 10
10.140699235688578
 20
6.567013456312784
 10
10.140618655572183
 20
6.587186105547134
 10
10.140538992153399
 20
6.607096510480866
 10
10.140479489599954
 20
6.626919224632062
 10
10.140439691307511
 20
6.646829346069306
 10
10.140399258870207
 20
6.667001915513046
 10
10.14031870173502
 20
6.687174564816496
 10
10.140239037565339
 20
6.707085169981157
 10
10.140179512230917
 20
6.726907884064003
 10
10.140139714188878
 20
6.746817905385351
 10
10.140099282051777
 20
6.7669903747132985
 10
10.140018747897798
 20
6.787163024085836
 10
10.139939082977225
 20
6.807073829481441
 10
10.139879534861823
 20
6.826896543495952
 10
10.139839737070247
 20
6.846806464701396
 10
10.139799305233293
 20
6.86697883391356
 10
10.13971879406052
 20
6.88715148335519
 10
10.139639128389053
 20
6.907062488981732
 10
10.13957955749267
 20
6.926885202927893
 10
10.139539759951615
 20
6.946795024017441
 10
10.139499328414749
 20
6.966967293113822
 10
10.139418840223186
 20
6.987139942624537
 10
10.139339173800822
 20
7.007051148482015
 10
10.139279580123462
 20
7.0268738623598415
 10
10.139239782832982
 20
7.046783583333487
 10
10.13919935159615
 20
7.066955752314074
 10
10.139118886385793
 20
7.0871284018938905
 10
10.139038893376545
 20
7.1071266544636265
 10
10.138958902769035
 20
7.1271243063413525
 10
10.138878912161523
 20
7.147121958219071
 10
10.138799531932385
 20
7.166945316244987
 10
10.13875981381861
 20
7.186768089814014
 10
10.138719624689504
 20
7.206851904997208
 10
10.138659279281931
 20
7.227024615001086
 10
10.138578957923984
 20
7.24711051760375
 10
10.138499577394068
 20
7.266933975745465
 10
10.138459836499312
 20
7.286756749245994
 10
10.138419647820703
 20
7.306840364197342
 10
10.13835932539434
 20
7.327013074270176
 10
10.138279003686446
 20
7.347099076988447
 10
10.138199622855694
 20
7.366922635245936
 10
10.13815985917996
 20
7.386745408677972
 10
10.138119670951845
 20
7.40682882339749
 10
10.138059371506689
 20
7.427001533539267
 10
10.137979049448907
 20
7.447087636373143
 10
10.13789966831726
 20
7.466911294746414
 10
10.13785988186055
 20
7.48673406810995
 10
10.137819694082928
 20
7.5068172825976385
 10
10.13775941761898
 20
7.526989992808348
 10
10.137679095211368
 20
7.547076195757816
 10
10.137599713778775
 20
7.5668999542468836
 10
10.137559904541083
 20
7.586722727541938
 10
10.137519717213955
 20
7.606805741797778
 10
10.137459463731217
 20
7.62697845207743
 10
10.137379140973831
 20
7.647064755142512
 10
10.137299759240229
 20
7.6668886137473615
 10
10.13725992722156
 20
7.686711386973925
 10
10.137219740344923
 20
7.706794200997935
 10
10.137159509843391
 20
7.72696691134652
 10
10.13707918673629
 20
7.747053314527193
 10
10.13699919612878
 20
7.767050966404919
 10
10.136919205521268
 20
7.787048618282636
 10
10.136839538283693
 20
7.806960127113429
 10
10.136779761761142
 20
7.826782840442726
 10
10.136739966483923
 20
7.84669175786394
 10
10.136699537653138
 20
7.8668631232929975
 10
10.136619256895056
 20
7.88703577342736
 10
10.136539583694946
 20
7.906948786613717
 10
10.136479784391415
 20
7.926771499874674
 10
10.13643998936529
 20
7.946680317179986
 10
10.13639956083402
 20
7.966851582493248
 10
10.136319303057146
 20
7.987024232696704
 10
10.136239629106141
 20
8.006937446113998
 10
10.136179807021634
 20
8.026760159306614
 10
10.136140012246658
 20
8.04666887649603
 10
10.136099584014847
 20
8.066840041693501
 10
10.13601934921918
 20
8.087012691966054
 10
10.13593967451728
 20
8.106926105614287
 10
10.135879829651794
 20
8.126748818738553
 10
10.135840035128027
 20
8.146657435812076
 10
10.135799607195617
 20
8.16682850089376
 10
10.135719395381157
 20
8.187001151235403
 10
10.13563971992836
 20
8.206914765114574
 10
10.135579852281895
 20
8.226737478170502
 10
10.135540058009394
 20
8.246645995128121
 10
10.135499630376327
 20
8.26681696009401
 10
10.135419441543077
 20
8.286989610504746
 10
10.135339443726064
 20
8.306989067083798
 10
10.135259453118554
 20
8.326986718961507
 10
10.135179462511044
 20
8.346984370839232
 10
10.135100078660882
 20
8.366808932879804
 10
10.135060086578005
 20
8.38663170562513
 10
10.135019902866636
 20
8.406713112775803
 10
10.134959833836175
 20
8.426885823608789
 10
10.134879508273505
 20
8.44697293022392
 10
10.134800124121876
 20
8.46679759238028
 10
10.13476010925802
 20
8.486620365057117
 10
10.134719925997146
 20
8.506701571975942
 10
10.134659879947893
 20
8.526874282877868
 10
10.134579554035966
 20
8.54696148960861
 10
10.134500169582813
 20
8.56678625188075
 10
10.13446013193798
 20
8.586609024489096
 10
10.134419949127599
 20
8.60669003117609
 10
10.134359926059554
 20
8.626862742146963
 10
10.134279599798425
 20
8.646950048993297
 10
10.134200215043693
 20
8.666774911381216
 10
10.13416015461788
 20
8.686597683921082
 10
10.134119972257993
 20
8.706678490376229
 10
10.134059972171157
 20
8.726851201416043
 10
10.133979645560887
 20
8.746938608377986
 10
10.133900260504515
 20
8.766763570881684
 10
10.133860177297725
 20
8.786586343353061
 10
10.13381999538833
 20
8.806666949576375
 10
10.133760018282704
 20
8.82683966068512
 10
10.13367969132335
 20
8.846927167762667
 10
10.133600305965283
 20
8.86675223038216
 10
10.133560199977513
 20
8.886575002785047
 10
10.133520018518613
 20
8.906655408776523
 10
10.133460064394193
 20
8.926828119954209
 10
10.13337973708581
 20
8.946915727147363
 10
10.133299746478299
 20
8.96691337902508
 10
10.133219755870789
 20
8.986911030902798
 10
10.133140084405703
 20
9.006823743745954
 10
10.133080033914048
 20
9.026646456253378
 10
10.133040241660334
 20
9.046554169658592
 10
10.132999816427786
 20
9.066724331072917
 10
10.13291981204681
 20
9.086896982038168
 10
10.13284012981627
 20
9.10681240324623
 10
10.132780056543634
 20
9.126635115685325
 10
10.132740264541702
 20
9.146542728974637
 10
10.13269983960798
 20
9.166712790273174
 10
10.132619858208212
 20
9.186885441307522
 10
10.132540175226774
 20
9.206801062746518
 10
10.132480079173162
 20
9.226623775117263
 10
10.13244028742307
 20
9.246531288290681
 10
10.132399862788116
 20
9.266701249473423
 10
10.132319904369556
 20
9.286873900576852
 10
10.132240220637225
 20
9.306789722246794
 10
10.132180101802634
 20
9.32661243454921
 10
10.132140310304438
 20
9.346519847606727
 10
10.132099885968197
 20
9.366689708673679
 10
10.132019950530843
 20
9.386862359846207
 10
10.131940266047616
 20
9.40677838174708
 10
10.131880124432046
 20
9.426601093981146
 10
10.131840333185805
 20
9.446508406922772
 10
10.131799909148217
 20
9.46667816787393
 10
10.131719996692073
 20
9.486850819115535
 10
10.131640311457952
 20
9.506767041247354
 10
10.131580147061403
 20
9.526589753413095
 10
10.131540356067173
 20
9.546496966238818
 10
10.131499932328182
 20
9.566666627074186
 10
10.131420042853247
 20
9.586839278384879
 10
10.131340039838046
 20
9.606840039088638
 10
10.131260049230535
 20
9.626837690966363
 10
10.131180058623023
 20
9.646835342844089
 10
10.1311006708414
 20
9.66666120901507
 10
10.131060382008442
 20
9.686483980868248
 10
10.131020204165303
 20
9.706562779754519
 10
10.130960434493163
 20
9.72673549148552
 10
10.130880104385485
 20
9.746823902228762
 10
10.13080071630165
 20
9.766649868515534
 10
10.130760404687713
 20
9.786472640300232
 10
10.130720227295066
 20
9.806551238954656
 10
10.130660480604137
 20
9.826723950754607
 10
10.130580150147946
 20
9.846812461613458
 10
10.13050076176184
 20
9.866638528016
 10
10.130460427366927
 20
9.88646129973222
 10
10.130420250424772
 20
9.90653969815481
 10
10.13036052671505
 20
9.926712410023681
 10
10.130280195910407
 20
9.946801020998146
 10
10.130200807221973
 20
9.966627187516474
 10
10.13016045004608
 20
9.98644995916419
 10
10.130120273554422
 20
10.00652815735495
 10
10.130060572825906
 20
10.026700869292764
 10
10.129980241672868
 20
10.046789580382827
 10
10.12990085268205
 20
10.066615847016939
 10
10.12986047272518
 20
10.086438618596176
 10
10.129820296684015
 20
10.106516616555089
 10
10.129760618936709
 20
10.126689328561849
 10
10.12968028743533
 20
10.14677813976753
 10
10.129600898142069
 20
10.166604506517412
 10
10.12956049540422
 20
10.186427278028155
 10
10.129520319813548
 20
10.206505075755233
 10
10.12946066504745
 20
10.226677787830925
 10
10.12938033319779
 20
10.246766699152204
 10
10.12930034259028
 20
10.266764351029929
 10
10.129220351982768
 20
10.286762002907645
 10
10.129140675929307
 20
10.306676019878717
 10
10.129080328687566
 20
10.326498731495969
 10
10.129040539718112
 20
10.346405140769269
 10
10.129000118373655
 20
10.366573998053065
 10
10.128920413350992
 20
10.386746649918281
 10
10.128840721339124
 20
10.406664679378997
 10
10.128780351316404
 20
10.426487390927914
 10
10.128740562599479
 20
10.446393700085315
 10
10.128700141553104
 20
10.466562457253312
 10
10.128620459511648
 20
10.486735109187617
 10
10.128540766748886
 20
10.50665333887927
 10
10.128480373945187
 20
10.526476050359852
 10
10.128440585480847
 20
10.54638225940136
 10
10.128400164732495
 20
10.56655091645356
 10
10.128320505672248
 20
10.586723568456957
 10
10.128240812158587
 20
10.606641998379553
 10
10.128180396573912
 20
10.62646470979179
 10
10.128140608362216
 20
10.646370818717413
 10
10.128100187911826
 20
10.666539375653823
 10
10.128020551832787
 20
10.686712027726292
 10
10.127940857568234
 20
10.706630657879824
 10
10.12788041920258
 20
10.726453369223735
 10
10.127840631243583
 20
10.746359378033452
 10
10.127800211091104
 20
10.766527834854063
 10
10.127720597993273
 20
10.786700486995631
 10
10.127640902977824
 20
10.806619317380108
 10
10.12758044183119
 20
10.826442028655672
 10
10.127540654124951
 20
10.846347937349497
 10
10.127500234270324
 20
10.866516294054318
 10
10.1274206441537
 20
10.886688946264973
 10
10.127340635950025
 20
10.906691011093502
 10
10.127260645342513
 20
10.926688662971214
 10
10.127180654735003
 20
10.946686314848924
 10
10.127101263012202
 20
10.966513485150289
 10
10.127060677429165
 20
10.986336256111356
 10
10.127020505454253
 20
11.006412446733233
 10
10.126961035140434
 20
11.026585159362222
 10
10.126880700497466
 20
11.04667487423362
 10
10.126801308471704
 20
11.066502144650762
 10
10.12676070010769
 20
11.086324915543338
 10
10.126720528583272
 20
11.106400905933377
 10
10.12666108125066
 20
11.12657361863131
 10
10.126580746259926
 20
11.14666343361831
 10
10.126501353931149
 20
11.166490804151227
 10
10.126460722786154
 20
11.186313574975323
 10
10.126420551712231
 20
11.206389365133516
 10
10.126361127360829
 20
11.226562077900384
 10
10.126280792022387
 20
11.246651993002997
 10
10.126201399390537
 20
11.26647946365169
 10
10.126160745464565
 20
11.286302234407302
 10
10.126120574841135
 20
11.30637782433366
 10
10.126061173470939
 20
11.326550537169457
 10
10.12598083778485
 20
11.34664055238768
 10
10.125901444849868
 20
11.366468123152162
 10
10.125860768142918
 20
11.386290893839297
 10
10.125820597969978
 20
11.406366283533806
 10
10.125761219580994
 20
11.426538996438538
 10
10.125680883547309
 20
11.446629111772376
 10
10.125600892939799
 20
11.466626763650085
 10
10.125520902332289
 20
11.486624415527812
 10
10.12544122203406
 20
11.506539636511166
 10
10.125380600823215
 20
11.526362347306598
 10
10.125340814894523
 20
11.546267552563926
 10
10.125300397131046
 20
11.566435205832938
 10
10.12522096848549
 20
11.58660785852899
 10
10.12514126744319
 20
11.606528296011437
 10
10.125080623451368
 20
11.62635100673855
 10
10.12504083777589
 20
11.646256111879978
 10
10.125000420309805
 20
11.666423665033184
 10
10.124921014645457
 20
11.686596317798328
 10
10.124841312852261
 20
11.706516955511715
 10
10.12478064607946
 20
11.726339666170478
 10
10.124740860657258
 20
11.746244671196017
 10
10.124700443488507
 20
11.766412124233437
 10
10.124621060805367
 20
11.786584777067658
 10
10.124541358261277
 20
11.806505615011986
 10
10.124480668707495
 20
11.826328325602423
 10
10.124440883538627
 20
11.84623323051206
 10
10.124401144993444
 20
11.866061419630705
 10
10.124399999916166
 20
11.885884230511042
 10
10.124399923089097
 20
11.905712556025264
 10
10.124436742404658
 20
11.925360295122259
 10
10.12451608807398
 20
11.945172019894782
 10
10.12459607868149
 20
11.965169671772506
 10
10.124676069289
 20
11.985167323650224
 10
10.124756368441652
 20
12.005246906719451
 10
10.124818164477537
 20
12.025419612371197
 10
10.124858370900737
 20
12.045510450543853
 10
10.124898644982366
 20
12.066016371511452
 10
10.124821243089048
 20
12.08653902357303
 10
10.124739570607868
 20
12.106880825334608
 10
10.124579269036062
 20
12.127577810918575
 10
10.1243352379012
 20
12.14794680376949
 10
10.124073714221119
 20
12.169301199502064
 10
10.123490030243941
 20
12.190695275140179
 10
10.122902968006718
 20
12.211551475662388
 10
10.122089023706486
 20
12.233275605367067
 10
10.121088456608442
 20
12.254171404240346
 10
10.120020159733077
 20
12.276180309605499
 10
10.118458635550539
 20
12.29822760689826
 10
10.116921731826377
 20
12.319470630827032
 10
10.114973117400144
 20
12.342028131970716
 10
10.112793202087584
 20
12.363327488709597
 10
10.110411821329663
 20
12.386270695129989
 10
10.10726669240234
 20
12.40922484406797
 10
10.104280795207742
 20
12.430600142112647
 10
10.100693403701877
 20
12.453480321861521
 10
10.096933712750856
 20
12.474831757007024
 10
10.092852009258614
 20
12.49778108870173
 10
10.087940866267497
 20
12.520689334543347
 10
10.083308473052208
 20
12.541978485858845
 10
10.077866145297964
 20
12.56490421656929
 10
10.07235966024354
 20
12.586096995188342
 10
10.066440754682336
 20
12.608704196093944
 10
10.059684367831041
 20
12.63119507630947
 10
10.053394589353818
 20
12.65190666298982
 10
10.046251343260675
 20
12.674044482196003
 10
10.039179082921388
 20
12.694593424826621
 10
10.03169898935258
 20
12.7162261334995
 10
10.02351815592218
 20
12.737707568057901
 10
10.015849454845897
 20
12.757700936352602
 10
10.00735973508707
 20
12.77888496774862
 10
9.999024147103924
 20
12.798709478726135
 10
9.990313952797843
 20
12.819364328176194
 10
9.981030989709824
 20
12.839862976813816
 10
9.97248676493903
 20
12.858641749419006
 10
9.96359912444268
 20
12.877857232702773
 10
9.954808168258063
 20
12.896514855504845
 10
9.94589355960179
 20
12.915426693168163
 10
9.93677360885037
 20
12.93427465391331
 10
9.926910945275623
 20
12.954590597041927
 10
9.915139689094731
 20
12.977170510883575
 10
9.903899799993116
 20
12.997141145276043
 10
9.892865936511447
 20
13.016662866696597
 10
9.881276516094875
 20
13.035967162347038
 10
9.869799394552587
 20
13.054981898337708
 10
9.856611715484439
 20
13.075698233591073
 10
9.84405274845107
 20
13.094298053055303
 10
9.830085851924931
 20
13.114829903214059
 10
9.815007578218115
 20
13.134778015518851
 10
9.801942508397692
 20
13.151887766516515
 10
9.78777175746364
 20
13.169867642921027
 10
9.774148895981334
 20
13.186552419569338
 10
9.756629780325035
 20
13.207741558571996
 10
9.73738891790702
 20
13.227785918150932
 10
9.721786368040949
 20
13.243729834737477
 10
9.704383818336664
 20
13.260723741304844
 10
9.688027360047158
 20
13.275897705657309
 10
9.669892977992351
 20
13.292613172415939
 10
9.650840219070265
 20
13.308544356071112
 10
9.632611207395552
 20
13.32360373179666
 10
9.610769248720468
 20
13.340269545726635
 10
9.591063541572726
 20
13.353990114166818
 10
9.569970606132323
 20
13.368507233485495
 10
9.547899839218807
 20
13.38190797986824
 10
9.528408003571206
 20
13.393564284181904
 10
9.506256432830162
 20
13.405982100181197
 10
9.48593020008212
 20
13.416538634581821
 10
9.46352337045953
 20
13.428058851744966
 10
9.440346976796615
 20
13.438452962066172
 10
9.41920106862849
 20
13.44777351002655
 10
9.394840862237517
 20
13.457578802158332
 10
9.37286075409201
 20
13.465499902973386
 10
9.34890164268229
 20
13.474007281511003
 10
9.324297372615547
 20
13.481235706270075
 10
9.302762241573083
 20
13.487413004353355
 10
9.278852221484938
 20
13.493640188131213
 10
9.256901521308079
 20
13.498707166715896
 10
9.233691940065594
 20
13.50400237363482
 10
9.210152111844943
 20
13.508389384813672
 10
9.188559410189438
 20
13.512329791660845
 10
9.164962364057036
 20
13.516139912908288
 10
9.1430739232305
 20
13.519153430709535
 10
9.120429644183709
 20
13.522234378807513
 10
9.0975838852591
 20
13.524633450809597
 10
9.076035900943076
 20
13.526837807486379
 10
9.05278074801379
 20
13.528807740945169
 10
9.03102834811566
 20
13.530211959420699
 10
9.009051018516947
 20
13.53160959934504
 10
8.98696701238856
 20
13.532525244580926
 10
8.966264223031903
 20
13.533352203750978
 10
8.944884086954781
 20
13.534050353618591
 10
8.92413804586529
 20
13.53455088236676
 10
8.903299809492925
 20
13.535049954839184
 10
8.882425337992386
 20
13.535351991413592
 10
8.862397009903088
 20
13.535632391021089
 10
8.842401157542305
 20
13.53591233295414
 10
8.822405305181533
 20
13.53619227488719
 10
8.803250784312917
 20
13.53645841504063
 10
8.784133063388442
 20
13.536911996067182
 10
8.764335426850362
 20
13.537387068192674
 10
8.744693975634116
 20
13.537894653662821
 10
8.724892444520439
 20
13.538449198113096
 10
8.7030560245973
 20
13.539050868022318
 10
8.681134645022645
 20
13.539211524971618
 10
8.659452432991452
 20
13.539334253752052
 10
8.635961288487788
 20
13.539040780239299
 10
8.614084645498453
 20
13.53830719873148
 10
8.590902178268015
 20
13.53748973581916
 10
8.567620619759253
 20
13.535873751009591
 10
8.545764449105024
 20
13.534284820012832
 10
8.52202222826055
 20
13.532080243006988
 10
8.500096200076364
 20
13.529533863732395
 10
8.477032638498006
 20
13.526812407462913
 10
8.453939568937903
 20
13.52328035258801
 10
8.432348814567657
 20
13.519906528352955
 10
8.40897286298305
 20
13.515788302313087
 10
8.387375024750346
 20
13.511480687925816
 10
8.363895598288934
 20
13.506739207778848
 10
8.340473386135816
 20
13.500988634328497
 10
8.318831873460049
 20
13.49557594001067
 10
8.295067138268985
 20
13.48901893635161
 10
8.273539601858653
 20
13.482431271273132
 10
8.250648453549003
 20
13.475359329694871
 10
8.227894877277633
 20
13.467280230259542
 10
8.207140407878311
 20
13.459806899667464
 10
8.184651134351478
 20
13.451167690906896
 10
8.164109365835737
 20
13.44269061231624
 10
8.141765143443108
 20
13.433398482418893
 10
8.119681139225461
 20
13.423056221139662
 10
8.099729997091947
 20
13.41359909669307
 10
8.078140674802954
 20
13.402794639227523
 10
8.058495698352413
 20
13.3923426847565
 10
8.036838782519538
 20
13.380734408899512
 10
8.01558443860113
 20
13.36800905177997
 10
7.996247113734238
 20
13.35628795312398
 10
7.974991288292583
 20
13.342602083243865
 10
7.956159016730269
 20
13.329617772292709
 10
7.936068801408066
 20
13.315666344434304
 10
7.91649223511456
 20
13.300680387725784
 10
7.899178802614533
 20
13.287291614545968
 10
7.880702620407321
 20
13.272430282725749
 10
7.863857072533682
 20
13.258245943569483
 10
7.845595256114258
 20
13.242794946933873
 10
7.827856313979724
 20
13.22648682034278
 10
7.811007199050373
 20
13.210846519928012
 10
7.792397013104659
 20
13.192443780156081
 10
7.77639767583846
 20
13.175415849217032
 10
7.760481322919438
 20
13.1583832014412
 10
7.745070173904903
 20
13.140681524508407
 10
7.730854594735533
 20
13.124238050651583
 10
7.715826611508174
 20
13.106213940567182
 10
7.702164870421897
 20
13.089109392562728
 10
7.686766874959599
 20
13.069708252034282
 10
7.672209061277638
 20
13.049383372301747
 10
7.659530229314926
 20
13.031469553880244
 10
7.6461712818482335
 20
13.011796270485696
 10
7.634196426115957
 20
12.993260035214464
 10
7.622063604443334
 20
12.974425893119728
 10
7.610364661037892
 20
12.955183081971873
 10
7.599530986046062
 20
12.937276745684395
 10
7.588420668281602
 20
12.918523337822805
 10
7.577925936529609
 20
12.900352021984581
 10
7.566349592553538
 20
12.880243085626372
 10
7.555390313389455
 20
12.859608734463432
 10
7.545235062444886
 20
12.840328106220122
 10
7.534627061983106
 20
12.819253596540927
 10
7.525182065529282
 20
12.799422882320021
 10
7.5149353553473865
 20
12.777777130148932
 10
7.505514592425088
 20
12.755536826421013
 10
7.496940795665348
 20
12.735027388986513
 10
7.488017408217438
 20
12.712230492866674
 10
7.48040137836481
 20
12.691101017369263
 10
7.472237292870102
 20
12.668241785741024
 10
7.465039659031855
 20
12.644844465460086
 10
7.458587753542165
 20
12.623487637866212
 10
7.4520193122005685
 20
12.599720120214112
 10
7.4466255968389765
 20
12.577815953037502
 10
7.440888108545444
 20
12.554210915125466
 10
7.436173163883814
 20
12.53017059697576
 10
7.432034733507719
 20
12.508502248236328
 10
7.428014008729505
 20
12.484761679390493
 10
7.424844036479137
 20
12.462761229506667
 10
7.421539938108531
 20
12.439476187294373
 10
7.419087384297884
 20
12.415914416592704
 10
7.41693706728764
 20
12.394487929475853
 10
7.414995156870983
 20
12.371579864963277
 10
7.413560403708109
 20
12.34999969797277
 10
7.4120930581595506
 20
12.327538610589444
 10
7.41123049075448
 20
12.304928168112546
 10
7.410475111720384
 20
12.283874713746757
 10
7.4099214022350015
 20
12.2617865138429
 10
7.40966391159504
 20
12.240642595122733
 10
7.409413843191685
 20
12.219479294034592
 10
7.40943834632066
 20
12.198256640892744
 10
7.409479687478244
 20
12.177805079975498
 10
7.409616060304546
 20
12.156933006981916
 10
7.4098611100093885
 20
12.13645753701491
 10
7.410107775141462
 20
12.115961555233367
 10
7.4104704965733434
 20
12.095442085609584
 10
7.410830851051332
 20
12.075422291369248
 10
7.411190753365329
 20
12.055427718369463
 10
7.411550655679324
 20
12.03543314536967
 10
7.411904887880862
 20
12.015771142589404
 10
7.412183498565096
 20
11.996125223536371
 10
7.412461063678602
 20
11.976304145949513
 10
7.412700778188241
 20
11.956657785484138
 10
7.412898716100091
 20
11.936853411864686
 10
7.4130956763698075
 20
11.917188947649914
 10
7.413217201937339
 20
11.897541496270328
 10
7.41333662594223
 20
11.87764029215998
 10
7.413437755560947
 20
11.857817743767207
 10
7.413517334194884
 20
11.837916452679075
 10
7.413597324802395
 20
11.817918800801362
 10
7.413677315409905
 20
11.797921148923644
 10
7.413757306017416
 20
11.777923497045924
 10
7.413837296624927
 20
11.757925845168206
 10
7.413917287232438
 20
11.737928193290486
 10
7.413997277839949
 20
11.717930541412771
 10
7.4140772684474605
 20
11.697932889535057
 10
7.414157259054971
 20
11.677935237657339
 10
7.414237249662482
 20
11.657937585779617
 10
7.414317240269993
 20
11.637939933901903
 10
7.4143979729834
 20
11.617776408885215
 10
7.41451682654453
 20
11.597603953584057
 10
7.414636413348786
 20
11.577675701036577
 10
7.414737614096425
 20
11.557853152999401
 10
7.414817191307589
 20
11.537952174502813
 10
7.4148971819151
 20
11.517954522625097
 10
7.414977172522611
 20
11.497956870747378
 10
7.415057163130122
 20
11.477959218869664
 10
7.415137153737632
 20
11.457961566991948
 10
7.415217144345143
 20
11.437963915114224
 10
7.415297134952654
 20
11.41796626323651
 10
7.415377125560165
 20
11.397968611358793
 10
7.4154571161676754
 20
11.377970959481077
 10
7.4155371067751865
 20
11.357973307603356
 10
7.415617097382698
 20
11.337975655725637
 10
7.415697828549722
 20
11.317812443299967
 10
7.415816610356768
 20
11.29763998763962
 10
7.415936200755902
 20
11.277711109913179
 10
7.416037472632462
 20
11.257888562231596
 10
7.416117048420294
 20
11.237987896326555
 10
7.4161970390278045
 20
11.217990244448835
 10
7.4162770296353155
 20
11.197992592571117
 10
7.416357020242827
 20
11.177994940693399
 10
7.416437010850338
 20
11.15799728881568
 10
7.416517001457849
 20
11.137999636937966
 10
7.416596992065359
 20
11.11800198506025
 10
7.41667698267287
 20
11.098004333182528
 10
7.416756973280381
 20
11.07800668130481
 10
7.416836963887892
 20
11.058009029427097
 10
7.416916954495402
 20
11.03801137754938
 10
7.416997684116604
 20
11.017848477714727
 10
7.417116394169565
 20
10.997676021695193
 10
7.417235988163576
 20
10.977746518789786
 10
7.417337331169057
 20
10.957923971463794
 10
7.417416905532999
 20
10.938023618150288
 10
7.41749689614051
 20
10.91802596627257
 10
7.417576886748021
 20
10.898028314394859
 10
7.417656877355531
 20
10.878030662517139
 10
7.417736867963042
 20
10.858033010639419
 10
7.4178168585705535
 20
10.8380353587617
 10
7.417896849178065
 20
10.818037706883983
 10
7.417976839785576
 20
10.79804005500627
 10
7.418056830393086
 20
10.778042403128552
 10
7.418136821000597
 20
10.758044751250832
 10
7.418216811608108
 20
10.738047099373114
 10
7.418297539684043
 20
10.71788451212949
 10
7.41841617798292
 20
10.697712055750767
 10
7.418535775571808
 20
10.677781927666395
 10
7.418637189706212
 20
10.657959380695994
 10
7.418716762645705
 20
10.63805933997403
 10
7.418796753253215
 20
10.618061688096311
 10
7.418876743860726
 20
10.598064036218592
 10
7.418956734468237
 20
10.578066384340874
 10
7.419036725075748
 20
10.558068732463159
 10
7.419116715683258
 20
10.538071080585443
 10
7.419196706290769
 20
10.518073428707721
 10
7.41927669689828
 20
10.498075776830005
 10
7.4193566875057915
 20
10.478078124952285
 10
7.4194366781133025
 20
10.458080473074574
 10
7.419516668720813
 20
10.438082821196856
 10
7.419597395252041
 20
10.417920546544252
 10
7.4197159617968325
 20
10.397748089806347
 10
7.419835562980598
 20
10.377817336543007
 10
7.4199370482439235
 20
10.357994789928195
 10
7.420016619758409
 20
10.338095061797762
 10
7.4200966103659205
 20
10.318097409920046
 10
7.420176600973432
 20
10.298099758042332
 10
7.420256591580942
 20
10.278102106164615
 10
7.420336582188453
 20
10.258104454286894
 10
7.420416572795964
 20
10.238106802409177
 10
7.420496563403475
 20
10.21810915053146
 10
7.420576554010986
 20
10.198111498653745
 10
7.420656544618496
 20
10.178113846776027
 10
7.420736535226007
 20
10.158116194898307
 10
7.420816525833518
 20
10.138118543020589
 10
7.420896516441029
 20
10.118120891142874
 10
7.42097650704854
 20
10.098123239265158
 10
7.421056821539815
 20
10.07804882541249
 10
7.4211552199926984
 20
10.057876267784227
 10
7.42127576652063
 20
10.037780584619862
 10
7.421394843057947
 20
10.017947334910845
 10
7.421476501581843
 20
9.998124689112942
 10
7.4215564486936465
 20
9.978137827988354
 10
7.421636439301158
 20
9.95814017611063
 10
7.421716429908669
 20
9.938142524232916
 10
7.42179642051618
 20
9.918144872355196
 10
7.421876411123691
 20
9.898147220477478
 10
7.421956401731202
 20
9.878149568599763
 10
7.422036392338713
 20
9.858151916722047
 10
7.422116382946223
 20
9.83815426484433
 10
7.422196373553734
 20
9.818156612966611
 10
7.422276364161245
 20
9.798158961088893
 10
7.422356679305145
 20
9.778084400218003
 10
7.422455117230754
 20
9.757910790812724
 10
7.422575910312118
 20
9.737814204066805
 10
7.42269521744415
 20
9.7179825088078
 10
7.422776756650095
 20
9.6981609145063
 10
7.422856705795938
 20
9.67817355241562
 10
7.422936696403449
 20
9.658175900537904
 10
7.42301668701096
 20
9.63817824866019
 10
7.42309667761847
 20
9.618180596782471
 10
7.423176668225981
 20
9.598182944904753
 10
7.423256658833492
 20
9.578185293027033
 10
7.423336649441003
 20
9.558187641149317
 10
7.423416640048514
 20
9.538189989271604
 10
7.423496630656024
 20
9.518192337393884
 10
7.4235766212635355
 20
9.498194685516165
 10
7.423656936864057
 20
9.478120021797643
 10
7.423755392672584
 20
9.457947464456117
 10
7.4238759378414105
 20
9.4378520311564
 10
7.423995013114174
 20
9.418019031312577
 10
7.4240766147821455
 20
9.398196385230063
 10
7.424156562908642
 20
9.378209274239364
 10
7.424236553516153
 20
9.35821162236164
 10
7.4243165441236645
 20
9.338213970483924
 10
7.424396534731176
 20
9.318216318606204
 10
7.424476525338687
 20
9.298218666728493
 10
7.424556515946197
 20
9.278221014850775
 10
7.424636506553708
 20
9.258223362973052
 10
7.424716497161219
 20
9.238225711095337
 10
7.42479648776873
 20
9.21822805921762
 10
7.424876478376241
 20
9.198230407339905
 10
7.424956792589109
 20
9.178156056213053
 10
7.425055176643549
 20
9.157983498512808
 10
7.425175723512611
 20
9.137887752622929
 10
7.4252948003674355
 20
9.118054440188269
 10
7.425376473164326
 20
9.098231794461805
 10
7.425456420021348
 20
9.078244996063097
 10
7.425536410628859
 20
9.058247344185379
 10
7.42561640123637
 20
9.038249692307664
 10
7.42569639184388
 20
9.018252040429948
 10
7.425776382451391
 20
8.998254388552226
 10
7.4258563730589024
 20
8.978256736674508
 10
7.4259363636664135
 20
8.958259084796795
 10
7.426016354273924
 20
8.938261432919079
 10
7.426096344881435
 20
8.918263781041356
 10
7.426176335488946
 20
8.898266129163641
 10
7.4262566483147205
 20
8.878192090628454
 10
7.426354960615073
 20
8.8580195325695
 10
7.426475509183812
 20
8.83792347408946
 10
7.426594587621256
 20
8.818089849063961
 10
7.426676331547067
 20
8.798267203693559
 10
7.426756277134053
 20
8.778280717886837
 10
7.426836267741564
 20
8.758283066009115
 10
7.426916258349075
 20
8.738285414131399
 10
7.426996248956586
 20
8.718287762253683
 10
7.427076239564097
 20
8.698290110375966
 10
7.427156230171607
 20
8.678292458498252
 10
7.427236220779118
 20
8.658294806620528
 10
7.427316211386629
 20
8.638297154742812
 10
7.42739620199414
 20
8.6182995028651
 10
7.427476192601651
 20
8.59830185098738
 10
7.427556857933412
 20
8.578152053085008
 10
7.427673674893393
 20
8.557804628648285
 10
7.427835123104773
 20
8.537609623102986
 10
7.428097370329131
 20
8.51286889618342
 10
7.429592775671357
 20
8.487839845538046
 10
7.431324779014004
 20
8.462679935659912
 10
7.435175529750926
 20
8.43166335428086
 10
7.440174664314382
 20
8.405757028845478
 10
7.444156622109873
 20
8.38560528908641
 10
7.448270098489212
 20
8.365438846091122
 10
7.452731165323295
 20
8.343690904165781
 10
7.458344516353349
 20
8.319367256753189
 10
7.464153683178633
 20
8.29731319476514
 10
7.469358148871875
 20
8.27763523121407
 10
7.474648903011872
 20
8.25795316981013
 10
7.480461757607259
 20
8.236413626932828
 10
7.487685162648771
 20
8.212163147046738
 10
7.494982605586991
 20
8.190326228146976
 10
7.501506913320344
 20
8.17087878654214
 10
7.50815658290107
 20
8.151433108276711
 10
7.5154199417521
 20
8.130273948194578
 10
7.524305869905553
 20
8.106459056810296
 10
7.5331026260261895
 20
8.085109490892268
 10
7.5410798809548405
 20
8.065819469145767
 10
7.54927164438169
 20
8.046548213256466
 10
7.557965675789913
 20
8.02617556050454
 10
7.568255976637498
 20
8.00356069516736
 10
7.578307661202713
 20
7.98313497304781
 10
7.5879365888676995
 20
7.963635467109178
 10
7.597996678451845
 20
7.944211109579283
 10
7.608022131922426
 20
7.924956806491305
 10
7.619335142093942
 20
7.904152217497255
 10
7.6303425560852745
 20
7.884985416783386
 10
7.6418256914471065
 20
7.86506808576172
 10
7.654055770830686
 20
7.845341688603081
 10
7.66520538480248
 20
7.8275056355261
 10
7.676980733691231
 20
7.809052978362465
 10
7.688531467769055
 20
7.791425742610718
 10
7.701995309197354
 20
7.770990358033619
 10
7.716586188276652
 20
7.750939851071524
 10
7.729018560369771
 20
7.734071732120628
 10
7.741879073306394
 20
7.716883248101725
 10
7.754519934198921
 20
7.70031747679481
 10
7.768228215213748
 20
7.682387616136875
 10
7.782547675972005
 20
7.664697409442961
 10
7.79607023821617
 20
7.648100333558759
 10
7.810742665247218
 20
7.630594592457451
 10
7.824929891669224
 20
7.6142764337303595
 10
7.839046059405696
 20
7.598061255293377
 10
7.853504171257554
 20
7.581998280023296
 10
7.867485001487561
 20
7.566517368823316
 10
7.882190939859702
 20
7.550510482748037
 10
7.896562057982403
 20
7.53521350519406
 10
7.911515355672897
 20
7.519315044620471
 10
7.926886206788156
 20
7.503614695124894
 10
7.941232804867284
 20
7.489022483331623
 10
7.955827941683633
 20
7.474285412455912
 10
7.970268216584952
 20
7.459844409999755
 10
7.984733807420524
 20
7.44537967052292
 10
7.999300324357616
 20
7.4309643466901765
 10
8.013697554602892
 20
7.4167295134369615
 10
8.028303372778154
 20
7.402358127627574
 10
8.042803740271028
 20
7.388181474747615
 10
8.056613674172151
 20
7.374682022614853
 10
8.070276505378436
 20
7.361111528354235
 10
8.084117178155957
 20
7.347349767096587
 10
8.097530985478977
 20
7.333882101570084
 10
8.111154906209212
 20
7.320023995227489
 10
8.12421240219892
 20
7.306751041225691
 10
8.136975197554442
 20
7.2933464044754714
 10
8.149911934127951
 20
7.279737817786343
 10
8.161741625720259
 20
7.2669721976173225
 10
8.174089963498075
 20
7.253172606638589
 10
8.18499971544217
 20
7.241047186887886
 10
8.195138710714373
 20
7.228655365393967
 10
8.20633111839552
 20
7.214966192140936
 10
8.215716024815551
 20
7.202931041069355
 10
8.225894072924987
 20
7.188956710839268
 10
8.234779294342554
 20
7.176911076008702
 10
8.242614541864864
 20
7.164640486359978
 10
8.251665098387313
 20
7.150517111504096
 10
8.258518490298938
 20
7.139024562341905
 10
8.266159305467964
 20
7.124720549072428
 10
8.272398290442915
 20
7.113414416734739
 10
8.27720185604724
 20
7.102070226358088
 10
8.283564832764073
 20
7.08732365269873
 10
8.287932348489921
 20
7.076039164196191
 10
8.29267849068326
 20
7.061306376632073
 10
8.296554218478754
 20
7.050030096665957
 10
8.298868890536177
 20
7.038988853357747
 10
8.302166332128257
 20
7.024179244248327
 10
8.303905470817448
 20
7.014150809277119
 10
8.305314097274096
 20
6.999803214513595
 10
8.306905536197567
 20
6.98539532590345
 10
8.307397307902319
 20
6.97135723857039
 10
8.308040312025508
 20
6.953841169663338
 10
8.308246422154689
 20
6.93858236814062
 10
8.307914294488496
 20
6.921291232917698
 10
8.307643086334151
 20
6.904546337824034
 10
8.30670399077085
 20
6.888080868261753
 10
8.305687684121137
 20
6.870393978386017
 10
8.304459280433736
 20
6.855191878153532
 10
8.302502670494421
 20
6.8380142599539
 10
8.300555523448432
 20
6.820579561259613
 10
8.298113141192637
 20
6.80340283056523
 10
8.295432359523206
 20
6.784697031228196
 10
8.292713999977018
 20
6.767037620392107
 10
8.289592429695675
 20
6.74852189358054
 10
8.286852439630012
 20
6.732058656682176
 10
8.283484546404933
 20
6.715981381891013
 10
8.279590899432776
 20
6.697487269784518
 10
8.27570540841197
 20
6.679869424769646
 10
8.271398996381638
 20
6.661488433991703
 10
8.267271727805213
 20
6.643814216740666
 10
8.26278974298208
 20
6.626378219798302
 10
8.25809570473553
 20
6.608190133947961
 10
8.253517052755884
 20
6.5913045586633805
 10
8.24835741268432
 20
6.57347110946255
 10
8.243339151441365
 20
6.556069123875145
 10
8.237974441958805
 20
6.5389356564576975
 10
8.23216342354949
 20
6.520454767411931
 10
8.226400785375105
 20
6.50246451798604
 10
8.220359207323732
 20
6.484072424439596
 10
8.21493358450438
 20
6.46749242897856
 10
8.20906461769102
 20
6.451292260172473
 10
8.202445480228597
 20
6.433098194338529
 10
8.195865583825068
 20
6.4152805058760105
 10
8.189016937127857
 20
6.397110973650987
 10
8.182622038588514
 20
6.380115296001333
 10
8.17590826405141
 20
6.363401425053988
 10
8.16872582721549
 20
6.345576856825775
 10
8.161685779411709
 20
6.328464544724431
 10
8.154227948548247
 20
6.310838882909408
 10
8.146802499745835
 20
6.293277995861433
 10
8.139217706742835
 20
6.275871954751049
 10
8.131673264781831
 20
6.258587220980797
 10
8.124483579322492
 20
6.242644793512806
 10
8.116570739627935
 20
6.225867279751192
 10
8.108418480663113
 20
6.208562588947022
 10
8.100122133202861
 20
6.191406204121231
 10
8.09175382186729
 20
6.174128720498725
 10
8.083650485433255
 20
6.157747791240811
 10
8.075027200106558
 20
6.140811328739905
 10
8.066649516805175
 20
6.124336744589826
 10
8.058037392478818
 20
6.108131067054191
 10
8.048880293685853
 20
6.090946048621944
 10
8.039840668593696
 20
6.074164550187654
 10
8.030506674300264
 20
6.05709286248837
 10
8.021930721904559
 20
6.041379828445011
 10
8.013050319399127
 20
6.026047176029956
 10
8.003395131600236
 20
6.009427653787233
 10
7.993949816447806
 20
5.993421159660527
 10
7.9840454634486955
 20
5.976994369136578
 10
7.974281429334033
 20
5.960790222419624
 10
7.964360259504296
 20
5.9447880894607
 10
7.954386046751086
 20
5.928725744408227
 10
7.944920627492271
 20
5.913864754930164
 10
7.934664207383829
 20
5.898322120380114
 10
7.924448381210029
 20
5.882820559468394
 10
7.914037931328914
 20
5.867593708781409
 10
7.903450723415987
 20
5.852136585994922
 10
7.893506084623595
 20
5.838016867394152
 10
7.88262250391788
 20
5.823160891366282
 10
7.873585991869696
 20
5.8107130182459805
 10
7.864060020242142
 20
5.7991400882353155
 10
7.853030983930946
 20
5.785730666098051
 10
7.84343508535361
 20
5.774654238993124
 10
7.8318866741257676
 20
5.762299084765726
 10
7.8221222158520405
 20
5.751688305068809
 10
7.811936717599263
 20
5.742187370506445
 10
7.79979624414269
 20
5.730813766178267
 10
7.789901585362019
 20
5.722133434741059
 10
7.777322249215414
 20
5.712152449871659
 10
7.7665448502106775
 20
5.7034154437501074
 10
7.755500981400564
 20
5.695932660618228
 10
7.741809586389093
 20
5.6865892295991385
 10
7.730726787045379
 20
5.6795488698221375
 10
7.716774632393375
 20
5.671627662217964
 10
7.704671590086593
 20
5.664593163470353
 10
7.692480227987438
 20
5.658809130653709
 10
7.677319421511446
 20
5.651559528761187
 10
7.664840200617542
 20
5.646056367892429
 10
7.649597874193266
 20
5.640144204701399
 10
7.636090679769752
 20
5.634777275283497
 10
7.622660997619243
 20
5.630566096025398
 10
7.605990374140171
 20
5.625311636138866
 10
7.591480124165316
 20
5.62111099636118
 10
7.574825247935183
 20
5.616901888894865
 10
7.559679844514369
 20
5.612996977357967
 10
7.544684237815262
 20
5.610026889194311
 10
7.527021282066637
 20
5.606529985625578
 10
7.511162170838963
 20
5.6036980674026475
 10
7.4936047750804295
 20
5.601046989891114
 10
7.47659436291097
 20
5.598441955408026
 10
7.459732820383089
 20
5.596451668353296
 10
7.441345708480661
 20
5.594301500130179
 10
7.424417105710524
 20
5.592567930473655
 10
7.406201419180238
 20
5.591076738576438
 10
7.388372576890285
 20
5.589596167352174
 10
7.370687266422365
 20
5.588580894814675
 10
7.351565338273777
 20
5.587506722300674
 10
7.333171234947234
 20
5.5866148397317525
 10
7.314097846876817
 20
5.585892422601871
 10
7.295564435300538
 20
5.585182134782595
 10
7.277144574047509
 20
5.584793844878658
 10
7.257493526672757
 20
5.584400728695861
 10
7.238021173323212
 20
5.58406013950171
 10
7.2183276666087535
 20
5.5837841391342
 10
7.1983340938507885
 20
5.583503668158917
 10
7.178340696261375
 20
5.583223718907296
 10
7.158419406413736
 20
5.582944805038129
 10
7.138598288513304
 20
5.58268415010086
 10
7.1187024919386435
 20
5.582445429449696
 10
7.098544339352691
 20
5.582203456821944
 10
7.078373493231907
 20
5.581924177568807
 10
7.058438674770628
 20
5.5816450748673505
 10
7.038617557373267
 20
5.581384381229328
 10
7.018721930877957
 20
5.581145662716969
 10
6.998725558706633
 20
5.580905706250912
 10
6.978729186535313
 20
5.580665749784857
 10
6.958658761559327
 20
5.580424889013629
 10
6.938487653606147
 20
5.580165747212419
 10
6.918390898729105
 20
5.57988442174194
 10
6.898556484365241
 20
5.579606665456394
 10
6.87873510889209
 20
5.579365820331031
 10
6.8586783705782945
 20
5.5791251243937605
 10
6.83850726211762
 20
5.578866021633405
 10
6.818410337163091
 20
5.578584693880015
 10
6.798575752720954
 20
5.5783069353702315
 10
6.778754377751124
 20
5.578066051544116
 10
6.758697979597261
 20
5.577825359773727
 10
6.738526870629105
 20
5.577566296054226
 10
6.718429775597086
 20
5.577284966018092
 10
6.698433923236313
 20
5.57700502408504
 10
6.678438070875545
 20
5.57672508215199
 10
6.655791266404422
 20
5.576387936865676
 10
6.629519508316568
 20
5.575204820470503
 10
6.605948353470732
 20
5.5732079325633626
 10
6.573793072123137
 20
5.569996038654013
 10
6.54118807624931
 20
5.5629060323487565
 10
6.5148596565079995
 20
5.556382048195393
 10
6.4823849692456035
 20
5.545943641370274
 10
6.4564774915305705
 20
5.535162959175243
 10
6.425836020671618
 20
5.521606860821735
 10
6.39625603309491
 20
5.503858258993353
 10
6.373014068480603
 20
5.488916995745022
 10
6.344875874645985
 20
5.467731951071046
 10
6.323639394107835
 20
5.448571394014841
 10
6.299337123952101
 20
5.425616798210909
 10
6.277502229141391
 20
5.399198268424274
 10
6.260760608861929
 20
5.377704767206023
 10
6.241663324648482
 20
5.349238710725168
 10
6.228076332072396
 20
5.32486988636732
 10
6.212073948346231
 20
5.29451435215621
 10
6.199905071844618
 20
5.261704102093738
 10
6.191156698456193
 20
5.2358320079195
 10
6.182530114411617
 20
5.202500997815034
 10
6.177784607515738
 20
5.175091087896615
 10
6.173058692169966
 20
5.144736106992469
 10
6.1714079784945515
 20
5.113670615395165
 10
6.170581851951943
 20
5.091821960604539
 10
6.170093063168358
 20
5.068677278851561
 10
6.170041650218348
 20
5.047000108998866
 10
6.170001397977118
 20
5.026833046156957
 10
6.170000000093108
 20
5.006660235863262
 10
6.17
 20
4.986656715424162
 10
6.17
 20
4.966658903565869
 10
6.17
 20
4.946661091707574
 10
6.17
 20
4.926663279849285
 10
6.17
 20
4.906665467990992
 10
6.17
 20
4.886667656132697
 10
6.17
 20
4.866669844274408
 10
6.17
 20
4.846672032416115
 10
6.17
 20
4.826674220557819
 10
6.17
 20
4.80667640869953
 10
6.17
 20
4.786678596841234
 10
6.17
 20
4.766680784982942
 10
6.17
 20
4.746682973124654
 10
6.17
 20
4.726685161266357
 10
6.17
 20
4.706687349408065
 10
6.17
 20
4.686689537549773
 10
6.17
 20
4.66669172569148
 10
6.17
 20
4.646693913833189
 10
6.17
 20
4.626696101974896
 10
6.17
 20
4.606698290116603
 10
6.17
 20
4.586700478258311
 10
6.17
 20
4.566702666400018
 10
6.17
 20
4.546704854541726
 10
6.17
 20
4.526707042683434
 10
6.17
 20
4.506709230825141
 10
6.17
 20
4.486711418966849
 10
6.17
 20
4.466713607108557
 10
6.17
 20
4.446715795250265
 10
6.17
 20
4.426717983391972
 10
6.17
 20
4.40672017153368
 10
6.17
 20
4.386722359675384
 10
6.17
 20
4.366724547817095
 10
6.17
 20
4.346726735958799
 10
6.17
 20
4.3267289241005065
 10
6.17
 20
4.306731112242217
 10
6.17
 20
4.286733300383922
 10
6.17
 20
4.2667354885256294
 10
6.17
 20
4.246737676667341
 10
6.17
 20
4.226739864809045
 10
6.17
 20
4.206742052950752
 10
6.17
 20
4.186744241092464
 10
6.17
 20
4.166746429234168
 10
6.17
 20
4.146748617375876
 10
6.17
 20
4.126750805517584
 10
6.17
 20
4.106752993659291
 10
6.17
 20
4.086755181800998
 10
6.17
 20
4.066757369942706
 10
6.17
 20
4.046759558084414
 10
6.17
 20
4.026761746226121
 10
6.17
 20
4.006763934367829
 10
6.170002255385523
 20
3.9876545930190352
 10
6.169819563525914
 20
3.969583644455942
 10
6.16939944116799
 20
3.9506266384036564
 10
6.169127074359197
 20
3.935351428048574
 10
6.167919194831497
 20
3.92031644836021
 10
6.1665879901055165
 20
3.9030862822801984
 10
6.165042139408585
 20
3.8886354430953736
 10
6.162627834342945
 20
3.8717378859319243
 10
6.160591834901029
 20
3.8568383643732083
 10
6.157614705185328
 20
3.8422942109224163
 10
6.154275099279496
 20
3.8256497441199295
 10
6.151097486524899
 20
3.812148737011638
 10
6.146621309915065
 20
3.796042453755542
 10
6.142939791952205
 20
3.78233799742343
 10
6.138249798447373
 20
3.7691850176028416
 10
6.132633896964766
 20
3.75315057604712
 10
6.127600142635828
 20
3.7401504189890034
 10
6.120941546366916
 20
3.724791123573271
 10
6.115987426998312
 20
3.7129375103088735
 10
6.109961209879033
 20
3.7019234179362255
 10
6.102309906945766
 20
3.6875864775521046
 10
6.095967145098165
 20
3.6767847975274193
 10
6.087189533588321
 20
3.6633962020375876
 10
6.08055595204461
 20
3.6529130806010275
 10
6.07295763980654
 20
3.6434758096948276
 10
6.063309701136723
 20
3.6311603607993033
 10
6.055942544808817
 20
3.6226379412288354
 10
6.045233137867546
 20
3.6116155752684196
 10
6.038377404514563
 20
3.6041046797771616
 10
6.030629775408333
 20
3.5980513238809793
 10
6.019194842748425
 20
3.588575102551506
 10
6.011388295784244
 20
3.582830982508497
 10
5.9990867739406974
 20
3.57504204390925
 10
5.990840928830332
 20
3.569412819030034
 10
5.982048995327814
 20
3.565423325007429
 10
5.968917918258764
 20
3.558967431858327
 10
5.960361329539905
 20
3.555387803487644
 10
5.946732816124248
 20
3.550815625971557
 10
5.9379220019023595
 20
3.5474599216202187
 10
5.928934243121979
 20
3.5458801693085364
 10
5.914435968925783
 20
3.5427868167056515
 10
5.904873263333054
 20
3.5413275728857863
 10
5.8903202299780375
 20
3.540125280098309
 10
5.877045633170855
 20
3.538825142584498
 10
5.8638815685140315
 20
3.5387940868022025
 10
5.844477051083794
 20
3.53859923254145
 10
5.825356479091003
 20
3.5384994048208567
 10
5.805815079706176
 20
3.5385
 10
5.785817267847883
 20
3.5385
 10
5.765819455989591
 20
3.5385
 10
5.745821644131299
 20
3.5385
 10
5.725823832273006
 20
3.5385
 10
5.7058260204147135
 20
3.5385
 10
5.685828208556421
 20
3.5385
 10
5.665830396698128
 20
3.5385
 10
5.6458325848398365
 20
3.5385
 10
5.62583477298154
 20
3.5385
 10
5.605836961123249
 20
3.5385
 10
5.5858391492649595
 20
3.5385
 10
5.565841337406663
 20
3.5385
 10
5.545843525548372
 20
3.5385
 10
5.5258457136900825
 20
3.5385
 10
5.505847901831787
 20
3.5385
 10
5.4858500899734945
 20
3.5385
 10
5.465852278115202
 20
3.5385
 10
5.445854466256909
 20
3.5385
 10
5.425856654398617
 20
3.5385
 10
5.405858842540325
 20
3.5385
 10
5.385861030682032
 20
3.5385
 10
5.36586321882374
 20
3.5385
 10
5.345865406965448
 20
3.5385
 10
5.325867595107155
 20
3.5385
 10
5.3058697832488635
 20
3.5385
 10
5.285871971390571
 20
3.5385
 10
5.265874159532278
 20
3.5385
 10
5.245876347673983
 20
3.5385
 10
5.225878535815694
 20
3.5385
 10
5.205880723957401
 20
3.5385
 10
5.185882912099105
 20
3.5385
 10
5.165885100240816
 20
3.5385
 10
5.145887288382524
 20
3.5385
 10
5.125889476524228
 20
3.5385
 10
5.10589166466594
 20
3.5385
 10
5.085893852807647
 20
3.5385
 10
5.065896040949351
 20
3.5385
 10
5.045898229091063
 20
3.5385
 10
5.025900417232767
 20
3.5385
 10
5.005902605374475
 20
3.5385
 10
4.985904793516182
 20
3.5385
 10
4.96590698165789
 20
3.5385
 10
4.945909169799597
 20
3.5385
 10
4.925911357941304
 20
3.5385
 10
4.9059135460830126
 20
3.5385
 10
4.88591573422472
 20
3.5385
 10
4.865917922366427
 20
3.5385
 10
4.8459201105081355
 20
3.5385
 10
4.825922298649843
 20
3.5385
 10
4.805924486791551
 20
3.5385
 10
4.7859266749332585
 20
3.5385
 10
4.765928863074966
 20
3.5385
 10
4.746262415405929
 20
3.5384996862790734
 10
4.726964888556332
 20
3.5385726925635375
 10
4.707336325523303
 20
3.5387301093062162
 10
4.690401339743468
 20
3.538838789433179
 10
4.673567999023268
 20
3.539589905541869
 10
4.655407098305707
 20
3.540380397921248
 10
4.639136088460067
 20
3.5414176069376526
 10
4.621159772158353
 20
3.5429807249287224
 10
4.604970804787785
 20
3.5443381900024225
 10
4.588977791504649
 20
3.546453609282758
 10
4.5714152052475585
 20
3.5487415747223183
 10
4.556242142747217
 20
3.5511110418061262
 10
4.538999407014631
 20
3.554324302724909
 10
4.524081019466015
 20
3.5570211975252817
 10
4.509501283099663
 20
3.5606355406976706
 10
4.492709028384528
 20
3.5647277588223427
 10
4.478725154095675
 20
3.568586283293545
 10
4.462414914932041
 20
3.573706320567573
 10
4.448640449256829
 20
3.5779153131927433
 10
4.4353831720565635
 20
3.5831031232458215
 10
4.419644698473866
 20
3.5891554209840972
 10
4.407033925273246
 20
3.594518846448821
 10
4.391948605141746
 20
3.601662175619436
 10
4.379465730870124
 20
3.6074211353576056
 10
4.36767887184794
 20
3.6141706285980666
 10
4.3530385740554705
 20
3.6224007510480374
 10
4.341490158061266
 20
3.6294485041850684
 10
4.327702387422255
 20
3.638669244209568
 10
4.316070653523356
 20
3.6462868969313593
 10
4.305267125151135
 20
3.6547556222276714
 10
4.291954775386401
 20
3.6650359984346768
 10
4.281462532900174
 20
3.673748605372808
 10
4.269088617648767
 20
3.6849013469764413
 10
4.2583614442630795
 20
3.6944095350035973
 10
4.248511705473743
 20
3.704608740086003
 10
4.236490518347634
 20
3.7169114339623626
 10
4.226750016456928
 20
3.727519592757521
 10
4.215664951094278
 20
3.7404844280440233
 10
4.205828261012798
 20
3.7518471297937195
 10
4.196836777832546
 20
3.7637409557292996
 10
4.1860155266231285
 20
3.7779356212334556
 10
4.176784461227302
 20
3.790659021556632
 10
4.166742277053506
 20
3.805304070571554
 10
4.157737345970893
 20
3.8183261490418006
 10
4.1495008928458645
 20
3.83172664243133
 10
4.1396273393815655
 20
3.8477129518352937
 10
4.130542423409656
 20
3.8628515851907377
 10
4.121119941219918
 20
3.8790774333272733
 10
4.112249885329972
 20
3.894311898668767
 10
4.103853936902386
 20
3.9097408438231662
 10
4.094375875919341
 20
3.9271502844789135
 10
4.084949691402753
 20
3.9445176603478536
 10
4.075494716781475
 20
3.961997538665681
 10
4.0660516426681035
 20
3.9794551878717006
 10
4.05664055659065
 20
3.996925403937564
 10
4.047649397227552
 20
4.013611341647553
 10
4.03939295272334
 20
4.029384259414453
 10
4.030878530400717
 20
4.04619546650478
 10
4.022079821962017
 20
4.063557489847579
 10
4.0133950187139895
 20
4.080960712795254
 10
4.004490728993957
 20
4.098809214276368
 10
3.995605863836863
 20
4.1166377256748365
 10
3.9867127896345957
 20
4.1345036433251545
 10
3.978106188051247
 20
4.151791014015927
 10
3.9696461384875157
 20
4.169129679061305
 10
3.961147025095477
 20
4.186552506601765
 10
3.953042490742151
 20
4.2034583515977495
 10
3.9448132549710513
 20
4.2209628502389736
 10
3.936338760348105
 20
4.238986026389773
 10
3.927882124142624
 20
4.257015003619815
 10
3.919406265647062
 20
4.275086165255886
 10
3.9109532431140184
 20
4.293127592479235
 10
3.9024932797858485
 20
4.311204788498531
 10
3.8944978661600476
 20
4.328280523030527
 10
3.886745260242631
 20
4.345435125543136
 10
3.878631438269682
 20
4.363395355640864
 10
3.870677778601699
 20
4.381141793732033
 10
3.862677704907203
 20
4.399152405264908
 10
3.8545595349458397
 20
4.417428285424234
 10
3.846441364984474
 20
4.435704165583565
 10
3.838353803058214
 20
4.453911099919752
 10
3.830316235141969
 20
4.472047644725528
 10
3.8222657304920156
 20
4.490260965737315
 10
3.8146387689205663
 20
4.507506826228679
 10
3.8072566481384036
 20
4.524824185503122
 10
3.7994600826265543
 20
4.543122212599087
 10
3.7917002246423057
 20
4.561378137045121
 10
3.783928414686854
 20
4.579711690339476
 10
3.7760881698109694
 20
4.5982065673540635
 10
3.768227956985616
 20
4.616695578898172
 10
3.760419523069317
 20
4.6350613204307285
 10
3.752640378742489
 20
4.6533834497286675
 10
3.7448545795289125
 20
4.671749968147953
 10
3.7374899854741135
 20
4.689113390852781
 10
3.7303714994404182
 20
4.70654202464846
 10
3.7227978954855683
 20
4.725095315893209
 10
3.7151626819204493
 20
4.743753180466164
 10
3.7075380794883053
 20
4.762333188104231
 10
3.69998112311145
 20
4.780748233199199
 10
3.6924448653699007
 20
4.799168386066912
 10
3.6848860373701635
 20
4.817645513895638
 10
3.677345875537648
 20
4.836095801352861
 10
3.669801304449575
 20
4.854578013876201
 10
3.6625279571866187
 20
4.872391461736334
 10
3.655420474215763
 20
4.890246990971296
 10
3.648064538586131
 20
4.908736193911304
 10
3.640748126251318
 20
4.927172741616062
 10
3.6334219658351063
 20
4.945687281188514
 10
3.6259829220654747
 20
4.964486663023604
 10
3.6184941629806535
 20
4.983274287068156
 10
3.6111246195179962
 20
5.001757811336931
 10
3.603824926318892
 20
5.020131317010621
 10
3.5965113386443814
 20
5.038614137947683
 10
3.589349570518851
 20
5.056710945569147
 10
3.5823064483063654
 20
5.0748357373388595
 10
3.575072285516634
 20
5.093460711289909
 10
3.5678318756161116
 20
5.112101766613905
 10
3.560591465715593
 20
5.130742821937893
 10
3.5533510558150736
 20
5.149383877261881
 10
3.546110645914552
 20
5.168024932585877
 10
3.538870236014032
 20
5.186665987909868
 10
3.5316298261135124
 20
5.205307043233857
 10
3.5243894162129905
 20
5.223948098557852
 10
3.5173071353586955
 20
5.242180522092252
 10
3.51032222119077
 20
5.260435626481601
 10
3.5031998789518823
 20
5.2790571533136115
 10
3.496101883818206
 20
5.297644842967162
 10
3.4889987226491286
 20
5.316280688208908
 10
3.4818762672984893
 20
5.33496713005581
 10
3.474753811947848
 20
5.353653571902717
 10
3.4676042381551144
 20
5.372411115118285
 10
3.4604071735385333
 20
5.39124405636489
 10
3.4532185624474234
 20
5.40999876190124
 10
3.446173895984944
 20
5.428377068665749
 10
3.439200208248895
 20
5.446770018135904
 10
3.4321541742655923
 20
5.4653603130614075
 10
3.4251689511408965
 20
5.483857444398527
 10
3.418172082581601
 20
5.502462871317107
 10
3.4110770747851675
 20
5.5213289387255475
 10
3.403946172779134
 20
5.540187255967573
 10
3.3968700247007435
 20
5.558897071462479
 10
3.3897957919494472
 20
5.577601822465907
 10
3.3827215591981514
 20
5.596306573469334
 10
3.3757030120993026
 20
5.614863887217654
 10
3.3687201757092016
 20
5.633428168836668
 10
3.361683086822362
 20
5.652140428222356
 10
3.3546438570482433
 20
5.670858380121716
 10
3.347604627274123
 20
5.6895763320210815
 10
3.3405653975000047
 20
5.708294283920441
 10
3.3335261677258847
 20
5.727012235819807
 10
3.326486937951767
 20
5.745730187719165
 10
3.3194477081776483
 20
5.764448139618526
 10
3.312408478403528
 20
5.7831660915178915
 10
3.30529272758845
 20
5.8020871374947225
 10
3.2981272617193143
 20
5.820998640254079
 10
3.291046921294335
 20
5.839679532359786
 10
3.283987539327301
 20
5.858323634057817
 10
3.276925052752184
 20
5.876997336275623
 10
3.269906477126235
 20
5.895554725657264
 10
3.262923623520971
 20
5.914119000783701
 10
3.2558498296779765
 20
5.932928773737775
 10
3.2487086091569806
 20
5.951849430236685
 10
3.2415781465794296
 20
5.9706626904045645
 10
3.2344559459536204
 20
5.9894539560417215
 10
3.227311504869828
 20
6.008240607333564
 10
3.220190870226267
 20
6.026962269436073
 10
3.2130534354033027
 20
6.045709606951584
 10
3.205919032601316
 20
6.0644274031096295
 10
3.1987965772506746
 20
6.083113844956538
 10
3.1916741219000344
 20
6.101800286803442
 10
3.184524714329726
 20
6.120557394486016
 10
3.177327749640404
 20
6.139390373927437
 10
3.1701389719200654
 20
6.158145514841329
 10
3.1629036168626743
 20
6.1770217336411894
 10
3.1556184784067685
 20
6.19588808014352
 10
3.1483930278145413
 20
6.21459395244147
 10
3.1411414393070496
 20
6.233337942002649
 10
3.1338951278552405
 20
6.252034248997738
 10
3.126702839124542
 20
6.270591075892603
 10
3.1195324219061655
 20
6.289151982435608
 10
3.1122362163022577
 20
6.308040532463483
 10
3.1047754348341607
 20
6.327189243820651
 10
3.097343121151596
 20
6.346075324273302
 10
3.0899048087634338
 20
6.3649751892455875
 10
3.082394894739346
 20
6.38385993689004
 10
3.0749868058424044
 20
6.402480262759874
 10
3.0675639864211135
 20
6.421119153313662
 10
3.06014474354717
 20
6.439727425964466
 10
3.0527036698400187
 20
6.458390375299833
 10
3.0452412449605015
 20
6.477048808116318
 10
3.0376964642488047
 20
6.495910007715948
 10
3.029946962531754
 20
6.515084444076551
 10
3.022235075254963
 20
6.533936761976939
 10
3.01454505617158
 20
6.552733854326617
 10
3.0067839072282467
 20
6.571515228545753
 10
2.999110304885094
 20
6.590076467082773
 10
2.991392365171387
 20
6.608699999324603
 10
2.9836845485409973
 20
6.627246989495196
 10
2.975806320611992
 20
6.646201891097868
 10
2.9678064333732825
 20
6.665129904583734
 10
2.959896612366263
 20
6.683828948412282
 10
2.951802982029437
 20
6.702791625448837
 10
2.943748886625262
 20
6.721463301636854
 10
2.935679406325555
 20
6.740168814906873
 10
2.9275240413371058
 20
6.758855394559781
 10
2.9193707327736758
 20
6.777525557280256
 10
2.9109768301723244
 20
6.7965346743580035
 10
2.9026376823619784
 20
6.815176380824668
 10
2.8940368191986305
 20
6.834394027063166
 10
2.8851917675426666
 20
6.853549174185622
 10
2.8767777508915087
 20
6.871739490161811
 10
2.868382295964495
 20
6.889889664146878
 10
2.859986841037483
 20
6.908039838131944
 10
2.8507964355228363
 20
6.927884771487892
 10
2.841164835537419
 20
6.947612517263471
 10
2.832171293032587
 20
6.9659667354946695
 10
2.8229516925103995
 20
6.98458977799393
 10
2.813802419490976
 20
7.002848631464988
 10
2.804506277712069
 20
7.021395839665589
 10
2.7950391823857723
 20
7.039894461313262
 10
2.7852811923617318
 20
7.058928122011811
 10
2.774489120315395
 20
7.079205215293335
 10
2.763991067203256
 20
7.098099808952589
 10
2.7538674897884623
 20
7.116301535726381
 10
2.7435562967232534
 20
7.13444157685493
 10
2.733055995767594
 20
7.15288338761671
 10
2.7216212311529553
 20
7.17235352385515
 10
2.7104985264118397
 20
7.190631166691708
 10
2.69963353030453
 20
7.2084704844106895
 10
2.6885714213508045
 20
7.226233085384366
 10
2.6774910375506598
 20
7.243999123945252
 10
2.66566764080554
 20
7.262530815583237
 10
2.65411339985231
 20
7.280163473937712
 10
2.6427421435929155
 20
7.297507995850391
 10
2.6312075120763687
 20
7.314786161961066
 10
2.6194752416736033
 20
7.3323363962961166
 10
2.60681380387744
 20
7.3507841737145885
 10
2.5945068503298936
 20
7.368167058913589
 10
2.582407202020928
 20
7.385244624412731
 10
2.5701034743233317
 20
7.402232474690412
 10
2.5577216967419467
 20
7.4192996889949185
 10
2.5444299764477156
 20
7.4371730009754575
 10
2.531524034729801
 20
7.454034319417433
 10
2.518116450044744
 20
7.471524013949316
 10
2.5042660721208283
 20
7.488782596170826
 10
2.491035047906885
 20
7.5052114724895365
 10
2.47690567813004
 20
7.522351839779103
 10
2.4631932616250447
 20
7.538533039494957
 10
2.448556931999742
 20
7.555767397678907
 10
2.4333603448699144
 20
7.57267324711017
 10
2.4186974089945044
 20
7.588898907596844
 10
2.4023720350738857
 20
7.6062618205708565
 10
2.386874344733071
 20
7.6219980272944845
 10
2.3704868135951065
 20
7.6385743681554885
 10
2.353415917128398
 20
7.654668470781582
 10
2.3372619208790355
 20
7.669789341051245
 10
2.3191263098058887
 20
7.686022023165502
 10
2.30207509045126
 20
7.700498557008546
 10
2.2829625454518485
 20
7.716607988332421
 10
2.262868891190463
 20
7.731848151751961
 10
2.2445686961140274
 20
7.745548618716231
 10
2.2234939535658036
 20
7.760373096376292
 10
2.2041248988067923
 20
7.773026613862771
 10
2.1812564683038245
 20
7.787749722845501
 10
2.157106103397223
 20
7.800959575019627
 10
2.135994307142272
 20
7.812215935635425
 10
2.110874480891564
 20
7.824339778057309
 10
2.088514680591915
 20
7.83387606012332
 10
2.0611692570340794
 20
7.845182427286096
 10
2.0324864442558614
 20
7.854055343732973
 10
2.0085041254670943
 20
7.861053787533342
 10
1.9794348124498613
 20
7.867967087654795
 10
1.954480100423031
 20
7.872412114387058
 10
1.9247036839782128
 20
7.877316199504913
 10
1.8941946033787609
 20
7.879342619539473
 10
1.8696894955081045
 20
7.88057093338041
 10
1.8407779379312987
 20
7.880691369205344
 10
1.816016300867836
 20
7.8795164990482345
 10
1.787905754936662
 20
7.877917684039199
 10
1.7597208125014376
 20
7.874042102524752
 10
1.7371034585132552
 20
7.87068100960279
 10
1.7120106302292444
 20
7.8662099271870245
 10
1.6895837608689341
 20
7.861465205389993
 10
1.6669745970162628
 20
7.856628221654211
 10
1.6444387840092605
 20
7.851016472661146
 10
1.621294227675924
 20
7.845152598386321
 10
1.594400030670289
 20
7.837125999569652
 10
1.5714597554984167
 20
7.829097092790459
 10
1.5411862019489853
 20
7.817972104794428
 10
1.5120323790180508
 20
7.80331468327093
 10
1.4899365261374178
 20
7.791648794057739
 10
1.4643995531960339
 20
7.776460614956939
 10
1.443549747302868
 20
7.762449811495242
 10
1.4196526166870023
 20
7.746007391724419
 10
1.397094492687079
 20
7.727399266217794
 10
1.3788955692800011
 20
7.7120106326451445
 10
1.3585878393012796
 20
7.693400451348276
 10
1.3416388448940202
 20
7.676466926651447
 10
1.323235037460718
 20
7.657856631792171
 10
1.3059267653983473
 20
7.638023807332083
 10
1.2908407209730097
 20
7.6204926495147305
 10
1.2744209604737278
 20
7.600080806054156
 10
1.2605140599658713
 20
7.581479534811029
 10
1.2449556929910097
 20
7.560431245559952
 10
1.2306655945809246
 20
7.538343539187238
 10
1.218360915839694
 20
7.519045840005676
 10
1.2052029399064663
 20
7.49694143684807
 10
1.1941043189037523
 20
7.476823094171456
 10
1.1820161911701694
 20
7.454692330257408
 10
1.171084373332669
 20
7.431854298099456
 10
1.161372974368447
 20
7.411296058791873
 10
1.1511702277711298
 20
7.387944155586246
 10
1.1426841007612318
 20
7.366723013851485
 10
1.1334343630548025
 20
7.343317501306445
 10
1.1254081914028107
 20
7.319365063093627
 10
1.118350876381908
 20
7.297958889118
 10
1.1111502854807571
 20
7.273928880974775
 10
1.1052876639572746
 20
7.2520557428972365
 10
1.0988406271934268
 20
7.22760735319849
 10
1.0937042935929482
 20
7.202743042376363
 10
1.0892652911731766
 20
7.18068982949783
 10
1.0849941792036217
 20
7.156089010662647
 10
1.081768935597757
 20
7.133737638854794
 10
1.0782710097791335
 20
7.1088123668200796
 10
1.076090715638499
 20
7.083632149763037
 10
1.0742688979433594
 20
7.061323082985703
 10
1.0728851776857131
 20
7.036632366442237
 10
1.0722394403550588
 20
7.014186675525965
 10
1.0716111859600166
 20
6.989391520145998
 10
1.0722157774571863
 20
6.964498478245388
 10
1.0728655306515145
 20
6.94195409006705
 10
1.0742749847378141
 20
6.916921195610388
 10
1.0762013478300103
 20
6.89438273403121
 10
1.078405945436877
 20
6.869632061263282
 10
1.0818565164992264
 20
6.844946249005553
 10
1.0850392396466637
 20
6.822857806765531
 10
1.0891609989955138
 20
6.798578850443748
 10
1.0934929791948267
 20
6.776611416754542
 10
1.0983951796914724
 20
6.752201032446612
 10
1.1045406330381384
 20
6.728001410212496
 10
1.110162417983869
 20
6.706254427396911
 10
1.1170547175508168
 20
6.682259686950043
 10
1.1239045121989042
 20
6.660746513978944
 10
1.131668816719676
 20
6.636693599841652
 10
1.140754029451354
 20
6.613008623576063
 10
1.1488781519079234
 20
6.592134363402339
 10
1.1584560275357765
 20
6.5692869510202785
 10
1.1677081232795765
 20
6.5488091252614
 10
1.17705709513297
 20
6.528207465365456
 10
1.1870019247211034
 20
6.507843013717001
 10
1.1964406391990399
 20
6.488592227354207
 10
1.2068405321340903
 20
6.46820275073906
 10
1.2169223945549612
 20
6.4492267542402955
 10
1.2274847240595252
 20
6.429397686401156
 10
1.2385946712043234
 20
6.409817454922701
 10
1.2487908237944287
 20
6.391903801740442
 10
1.2593816022127435
 20
6.37357316355913
 10
1.2698102359510628
 20
6.355805326351197
 10
1.281113696463399
 20
6.3365792187225605
 10
1.292911758421609
 20
6.317612756750643
 10
1.303694955703548
 20
6.300319597340424
 10
1.3147283745787322
 20
6.2827803312001915
 10
1.3256501197414192
 20
6.265581906532066
 10
1.3370385235394153
 20
6.247657593583893
 10
1.348685142076329
 20
6.2298716000790275
 10
1.3598927097242435
 20
6.212774845683921
 10
1.371418940417845
 20
6.195374459266633
 10
1.3828002231204948
 20
6.178383361998742
 10
1.3943564538477369
 20
6.161135149744899
 10
1.4060670258160506
 20
6.143976400955759
 10
1.4175227956409742
 20
6.127199449344521
 10
1.429214388265527
 20
6.11020418214766
 10
1.4407952648190259
 20
6.093502806626637
 10
1.4523271731492513
 20
6.0768728679983415
 10
1.4639067069129854
 20
6.060270811487106
 10
1.475457229138071
 20
6.043712544633659
 10
1.4871554154515463
 20
6.027018493903252
 10
1.4987841704178515
 20
6.010503847758644
 10
1.5104356153426832
 20
5.99395746179095
 10
1.5221346452423656
 20
5.977439065088462
 10
1.5337642700717038
 20
5.961020839234621
 10
1.5454865803079612
 20
5.944518692275033
 10
1.5571646128037877
 20
5.928129098688178
 10
1.5688503752561689
 20
5.911728831831544
 10
1.5805637393978513
 20
5.895345110376072
 10
1.5921565306383598
 20
5.879131160679085
 10
1.6036921187444597
 20
5.862970522525911
 10
1.615253689675978
 20
5.84674442873307
 10
1.62685824750475
 20
5.830458032056138
 10
1.6384628053335197
 20
5.814171635379209
 10
1.6499991249971064
 20
5.797981075586351
 10
1.6614403978505243
 20
5.781878081492492
 10
1.6729263629434143
 20
5.765662522347623
 10
1.6843471943122803
 20
5.749539279033115
 10
1.6957210449386666
 20
5.733388286470826
 10
1.7072320507013703
 20
5.717041059439341
 10
1.7187456103951089
 20
5.700690205568719
 10
1.7302591700888459
 20
5.684339351698099
 10
1.7414181855163717
 20
5.668493891275184
 10
1.7524557885879448
 20
5.652579736385464
 10
1.7638044791908907
 20
5.636213752792044
 10
1.7751050553639962
 20
5.619889741694692
 10
1.7864307108834319
 20
5.603499416077476
 10
1.7971793358700463
 20
5.587950215600318
 10
1.8077142351634683
 20
5.572282594601816
 10
1.8188589762398288
 20
5.555705288970144
 10
1.8300162825895099
 20
5.5391092956543115
 10
1.8411735889391876
 20
5.522513302338482
 10
1.8517247507788535
 20
5.506825022759479
 10
1.8620606417001038
 20
5.491022583424653
 10
1.8729162657117207
 20
5.474422293251393
 10
1.883674387972037
 20
5.457913700349477
 10
1.8944792714340557
 20
5.441269288718794
 10
1.9047777846375515
 20
5.425411259922852
 10
1.914858780082017
 20
5.409444177011813
 10
1.9253218457949206
 20
5.392868591575846
 10
1.9355111884394502
 20
5.376573537985264
 10
1.9458190738852696
 20
5.359915403148752
 10
1.9558200635783791
 20
5.343759504556241
 10
1.9656191063651527
 20
5.327508272908656
 10
1.975658009974636
 20
5.310856138125743
 10
1.9853111522822136
 20
5.294621176732014
 10
1.9951235389532262
 20
5.277864530451182
 10
2.0046985936478743
 20
5.261521337966932
 10
2.0140562234448876
 20
5.245085003244623
 10
2.023581987122024
 20
5.228350365992443
 10
2.0326016254250048
 20
5.212197521014424
 10
2.0418174605233426
 20
5.195336574378584
 10
2.0508648823899076
 20
5.178795123735871
 10
2.0596750486386206
 20
5.1621591121114285
 10
2.0686034759178606
 20
5.145299142660353
 10
2.0769181346341696
 20
5.129200651551682
 10
2.085447951686907
 20
5.112210973622547
 10
2.0938440902925812
 20
5.095504422410089
 10
2.1019699535984806
 20
5.078696452049087
 10
2.1102102489007386
 20
5.061655978391499
 10
2.117765413764429
 20
5.045540885065432
 10
2.125532804450677
 20
5.0283754848106685
 10
2.133157026911177
 20
5.011551730937584
 10
2.1404593860925805
 20
4.994626621705401
 10
2.1478668250408046
 20
4.977466450673111
 10
2.1545002837628076
 20
4.961456397346746
 10
2.1613396153039486
 20
4.94415709256333
 10
2.167894804029666
 20
4.927629173347818
 10
2.173983632935765
 20
4.910982778097899
 10
2.1804541802620885
 20
4.893312119308697
 10
2.18629672700628
 20
4.876690684631389
 10
2.192253888886617
 20
4.858917496800921
 10
2.1975802696836855
 20
4.843139379113224
 10
2.202212061711718
 20
4.827240864384056
 10
2.2074967905581415
 20
4.809171297001104
 10
2.212263294479756
 20
4.792086163591602
 10
2.2170706406353693
 20
4.773892824381856
 10
2.2212031963073677
 20
4.758446131551198
 10
2.22451163764008
 20
4.742912183395777
 10
2.2284789954181057
 20
4.724449263850051
 10
2.232029699741116
 20
4.706937373803121
 10
2.2355390771132018
 20
4.688390063460342
 10
2.2385093688448365
 20
4.672994561359034
 10
2.2405950020017404
 20
4.657571167894613
 10
2.2432327840256017
 20
4.638374768300909
 10
2.2457010973477214
 20
4.61960329233101
 10
2.2481114029092026
 20
4.600313670774131
 10
2.2501626168671063
 20
4.584234612755855
 10
2.251426566200551
 20
4.568168600350409
 10
2.252985006056483
 20
4.548732656326637
 10
2.2544257204529727
 20
4.529648954315111
 10
2.2557953703884097
 20
4.510152420984764
 10
2.256990355625729
 20
4.4936294833287
 10
2.2574666676209
 20
4.477153997235026
 10
2.258054168477616
 20
4.457580489624449
 10
2.2585596830360064
 20
4.438288984962311
 10
2.258991064077985
 20
4.418663229323866
 10
2.259393350725788
 20
4.401226449262578
 10
2.2592492457764295
 20
4.383854051254754
 10
2.259093606021891
 20
4.364339412552142
 10
2.2588501866329573
 20
4.345218248628098
 10
2.2584979654633988
 20
4.325684064856719
 10
2.258186916834496
 20
4.307737397526888
 10
2.2574342444634294
 20
4.289860896425689
 10
2.2566099061230482
 20
4.270265927214445
 10
2.255725747268313
 20
4.25097969576645
 10
2.2547448319776255
 20
4.2313689085901425
 10
2.2538499440796036
 20
4.213269683400747
 10
2.2525509246155258
 20
4.195249078178554
 10
2.251128139187238
 20
4.175526654622943
 10
2.249677114255143
 20
4.1559446588028734
 10
2.248170086242876
 20
4.136196041231631
 10
2.2467714119585227
 20
4.117778460026242
 10
2.245042236168639
 20
4.09943187401426
 10
2.2431991926583925
 20
4.0799000653441695
 10
2.2413135332792047
 20
4.060708749002947
 10
2.2393102732643357
 20
4.041190768119468
 10
2.237375550217527
 20
4.022307810037975
 10
2.2352190306258897
 20
4.003477113299726
 10
2.232982429523281
 20
3.983972683475711
 10
2.230711624240802
 20
3.964824988350863
 10
2.228316365320851
 20
3.945352132593371
 10
2.22593792816727
 20
3.9260066991546214
 10
2.2234478677362737
 20
3.906689686135114
 10
2.220944817608889
 20
3.887287109936416
 10
2.218408826105701
 20
3.8683492021809953
 10
2.215712260986331
 20
3.8490088575435077
 10
2.212998244428011
 20
3.8295363868307275
 10
2.210209929886884
 20
3.810084005678582
 10
2.207432197926597
 20
3.7907145677079277
 10
2.204628692659391
 20
3.7718151542753175
 10
2.2016588146360565
 20
3.7525151084563837
 10
2.1986140761177357
 20
3.7327242955393465
 10
2.195575068775148
 20
3.7129318676616214
 10
2.1925935113656103
 20
3.69351021562388
 10
2.189596062684729
 20
3.674493204992117
 10
2.18645594392688
 20
3.6551450270893304
 10
2.183248408838248
 20
3.635378578917137
 10
2.1800468820220136
 20
3.6156103310012693
 10
2.176904037796711
 20
3.5962012413968067
 10
2.1737489917615034
 20
3.5771823499490307
 10
2.1704538324223557
 20
3.55784538637204
 10
2.1670949053308033
 20
3.5381316833228107
 10
2.16373597823925
 20
3.5184179802735738
 10
2.1603793606225814
 20
3.498717828427983
 10
2.157022287081088
 20
3.4790336801593527
 10
2.153659367489683
 20
3.459336583879554
 10
2.1503172243695423
 20
3.4397608469959047
 10
2.146944623870176
 20
3.4201945460268113
 10
2.1435475623213356
 20
3.4004915893330963
 10
2.1401497957715927
 20
3.380784543344587
 10
2.1367520292218494
 20
3.3610774973560793
 10
2.1333542626721074
 20
3.3413704513675735
 10
2.1299564961223645
 20
3.321663405379064
 10
2.126545094810968
 20
3.3018771691926023
 10
2.1231362957261597
 20
3.281997080395683
 10
2.1197618812643904
 20
3.2621926254092197
 10
2.1163473028453907
 20
3.2421504136618995
 10
2.1130064729264197
 20
3.2220836210435695
 10
2.1097101790913193
 20
3.202265548913798
 10
2.1064190221016257
 20
3.1823652976986505
 10
2.1031618687062954
 20
3.162541044863232
 10
2.099861452539028
 20
3.142451023666509
 10
2.0966414276990166
 20
3.1223357804585197
 10
2.0934310015509734
 20
3.1022585792415276
 10
2.090239286055756
 20
3.0818169001902134
 10
2.0871817645880055
 20
3.061680621088705
 10
2.0841263911859893
 20
3.0415534284903543
 10
2.081151350830248
 20
3.021402007367636
 10
2.078162017344447
 20
3.001127284113815
 10
2.0752081350749774
 20
2.980298427973779
 10
2.0724504009942675
 20
2.959930703248307
 10
2.069720408156639
 20
2.939758620614625
 10
2.0670707262182337
 20
2.919563766773079
 10
2.0643661279630274
 20
2.8989108380822572
 10
2.0617421107045377
 20
2.877314924136326
 10
2.059436787398466
 20
2.856506056995476
 10
2.0571644974454597
 20
2.8359610727212514
 10
2.0550451563824867
 20
2.815375789640713
 10
2.052895029718271
 20
2.794390346746195
 10
2.05089261245425
 20
2.772187216461401
 10
2.049276977325164
 20
2.7510276858339413
 10
2.0476386670428313
 20
2.7294073069800526
 10
2.0463972323085184
 20
2.707699302676445
 10
2.045233721462145
 20
2.6869364110368257
 10
2.0442066737316384
 20
2.6653825653330516
 10
2.0434131873435954
 20
2.644555046424943
 10
2.0425495226489554
 20
2.620696041087266
 10
2.0426586528840347
 20
2.596676036010289
 10
2.0428375356736166
 20
2.5750710991057897
 10
2.0434115093082674
 20
2.551928191113103
 10
2.0443587177950437
 20
2.530257785568939
 10
2.0454213954056657
 20
2.506898108506401
 10
2.0473317513152702
 20
2.483471858159081
 10
2.049190889829469
 20
2.461547986022844
 10
2.051728907071967
 20
2.437649761135875
 10
2.054594218399806
 20
2.415683120507305
 10
2.057619871266056
 20
2.3928037681162126
 10
2.061413953893165
 20
2.3699263762161467
 10
2.064963603946844
 20
2.3488687783045377
 10
2.06904706000677
 20
2.32656617642051
 10
2.073244119008609
 20
2.305550990078218
 10
2.0777967848638794
 20
2.2829259404833553
 10
2.083115075466994
 20
2.260358345518103
 10
2.088154241901716
 20
2.2392344053637165
 10
2.0940159481123355
 20
2.2165022238154024
 10
2.0999155159867824
 20
2.195445309848287
 10
2.106462354098361
 20
2.1722936217185946
 10
2.1140337365381305
 20
2.1493003999204845
 10
2.1210685657223207
 20
2.1282341729453598
 10
2.1293381033295327
 20
2.1052584425479237
 10
2.1374578852341206
 20
2.084424391171549
 10
2.1465532673733563
 20
2.0613196658770025
 10
2.1568623844479196
 20
2.038536009197288
 10
2.1663648141352536
 20
2.0178411640002025
 10
2.1776953079401977
 20
1.9949444061394
 10
2.1885410034310744
 20
1.9747103009638538
 10
2.2011206052807464
 20
1.9515469609524678
 10
2.2152819208679397
 20
1.9290344623632416
 10
2.2277437471108397
 20
1.9095744700597974
 10
2.2425501544970916
 20
1.888010266833555
 10
2.2564199854921005
 20
1.8692944233007873
 10
2.2720282477787475
 20
1.8484655828521805
 10
2.2890083139392154
 20
1.828471885789548
 10
2.304241125761298
 20
1.8108051827397658
 10
2.3223533573123496
 20
1.791222347004761
 10
2.3390102891501696
 20
1.7745612822443866
 10
2.3574864811326974
 20
1.7562822074125186
 10
2.3771870409705094
 20
1.739024409038275
 10
2.394372605378774
 20
1.7241811640280034
 10
2.41401611225076
 20
1.7081562328835778
 10
2.4321649547323787
 20
1.6942753855463173
 10
2.451853762569925
 20
1.6793285561749227
 10
2.472365385690257
 20
1.6652806830344782
 10
2.490464976748538
 20
1.6530059523481957
 10
2.51032152959506
 20
1.640097134752706
 10
2.5289877711657183
 20
1.6285331143830055
 10
2.5485306928858105
 20
1.6164691106757836
 10
2.568527448174825
 20
1.6049850432294384
 10
2.586804935376752
 20
1.5945437583899793
 10
2.60605655460703
 20
1.5838216387110966
 10
2.6245953920779512
 20
1.5737900161344687
 10
2.6428517901620205
 20
1.5639168275329185
 10
2.6612132373390547
 20
1.5541875698063206
 10
2.680205013814869
 20
1.5441400204301408
 10
2.700821529526176
 20
1.533665054943968
 10
2.7203150750179192
 20
1.5242126972153085
 10
2.7421556457622698
 20
1.5136893905184001
 10
2.7645727511246503
 20
1.5040869409774946
 10
2.7849173518933625
 20
1.4954743412509353
 10
2.807361978469264
 20
1.486547996077625
 10
2.8281932950646476
 20
1.4788490662511344
 10
2.8508468041642394
 20
1.4705448127878398
 10
2.873962883811502
 20
1.4631862001482616
 10
2.8948768133197262
 20
1.456619047494083
 10
2.9177380956462318
 20
1.4499437447457035
 10
2.939017869498496
 20
1.4442481277273587
 10
2.961884677873744
 20
1.438180468871905
 10
2.985083672581723
 20
1.4329741594540324
 10
3.0061254993471827
 20
1.4283233343305244
 10
3.0287093207424234
 20
1.4237137248758653
 10
3.049965899870323
 20
1.41977448968865
 10
3.0726463257408314
 20
1.4156067835563213
 10
3.0955526379068496
 20
1.4121671423312463
 10
3.1168432390172893
 20
1.4090267521233024
 10
3.1396623401094574
 20
1.4060337890852879
 10
3.1611229288881995
 20
1.4036083393572822
 10
3.1838802676552462
 20
1.4010683282081642
 10
3.206796877734259
 20
1.399228920834989
 10
3.228206635854618
 20
1.3975610851099953
 10
3.251127082760367
 20
1.3961359891381397
 10
3.2726881187223786
 20
1.3951782221449922
 10
3.2953821337079776
 20
1.3941988028000134
 10
3.3181826139942405
 20
1.3938812311225024
 10
3.3395775885897088
 20
1.3936293791295937
 10
3.362372610535824
 20
1.3936987890268784
 10
3.3838549361785852
 20
1.3941221022228718
 10
3.406561626620043
 20
1.3945972841608303
 10
3.4293356683818486
 20
1.395739043161279
 10
3.450711363713602
 20
1.396857737023462
 10
3.4734624560630403
 20
1.3983879659408511
 10
3.4948757952358944
 20
1.4001875357901217
 10
3.517341952460584
 20
1.402100912615812
 10
3.53982596456482
 20
1.4046401422500787
 10
3.561083622712719
 20
1.4070831366199277
 10
3.583708563103303
 20
1.4100258847933733
 10
3.6049771281457743
 20
1.4131559641806637
 10
3.627478912414401
 20
1.4164962598669788
 10
3.649966965939465
 20
1.4205166632600035
 10
3.671045251791904
 20
1.4243346905272658
 10
3.693459607011833
 20
1.4287429847600646
 10
3.714500506796219
 20
1.4332542064270228
 10
3.7369700915962807
 20
1.4381050809312046
 10
3.7593784389568494
 20
1.443697553889576
 10
3.7803404066220927
 20
1.4489880632131609
 10
3.8027550623567468
 20
1.4550539627714865
 10
3.823600053679095
 20
1.4611250156564026
 10
3.8468480893988066
 20
1.4679590497562243
 10
3.869900696439802
 20
1.475857366488259
 10
3.8920831439427976
 20
1.4835825017229909
 10
3.917415046511681
 20
1.4934803294484877
 10
3.9392494347736475
 20
1.5030849713577423
 10
3.9631739056812183
 20
1.51378033945038
 10
3.9865706108286845
 20
1.5260501675138463
 10
4.006668568817215
 20
1.5367812319492817
 10
4.028796887303806
 20
1.549428252213993
 10
4.048322528649358
 20
1.561436520367702
 10
4.069012325855931
 20
1.5742544224147517
 10
4.08920719715134
 20
1.5880662512033452
 10
4.107083967880337
 20
1.6003978043765554
 10
4.126094193923722
 20
1.6140210465708764
 10
4.143554944349872
 20
1.6270723700888357
 10
4.161642592613368
 20
1.640628510219891
 10
4.179416977878422
 20
1.654746056103057
 10
4.195958428279514
 20
1.6679409254262667
 10
4.2131940951298334
 20
1.682033445085569
 10
4.229422796239862
 20
1.695672035818967
 10
4.245822994392737
 20
1.7094678601026763
 10
4.26203815224552
 20
1.723552404554814
 10
4.277556597703887
 20
1.7370549012416063
 10
4.293404281791641
 20
1.7510112065844063
 10
4.308765932228319
 20
1.7647241434014154
 10
4.324312035028612
 20
1.7786058323645406
 10
4.339746179369433
 20
1.792651964716879
 10
4.354591294072208
 20
1.806173064550121
 10
4.369454459247735
 20
1.819727699680209
 10
4.384267282160974
 20
1.8332559264299237
 10
4.398949389206694
 20
1.8466648387682225
 10
4.4136461800349975
 20
1.8600519625673437
 10
4.428338751367884
 20
1.8734341714339775
 10
4.442949898572505
 20
1.886705412649301
 10
4.4576714544914156
 20
1.9000343147945573
 10
4.471793875723363
 20
1.9128242701981515
 10
4.486034254641645
 20
1.9254371327369522
 10
4.500549094098664
 20
1.938288887533541
 10
4.514667390035879
 20
1.9506225220630375
 10
4.529321407807146
 20
1.9632256072583236
 10
4.543479308650635
 20
1.975410196772679
 10
4.557788359688699
 20
1.9873413595691982
 10
4.572536611988826
 20
1.9996336540667963
 10
4.586759494188588
 20
2.011281567818041
 10
4.601683974917792
 20
2.0232566922623825
 10
4.615480834621193
 20
2.0343488534012297
 10
4.629514461045445
 20
2.045000010990033
 10
4.644308829637655
 20
2.056232283822954
 10
4.658106158150773
 20
2.066374901804645
 10
4.673178156057369
 20
2.0770426768136176
 10
4.6869944158536345
 20
2.086861721060091
 10
4.701083136650955
 20
2.0960899592229483
 10
4.716330959789459
 20
2.1060942443403787
 10
4.73025508680438
 20
2.114852708754808
 10
4.74579415502682
 20
2.124149765172815
 10
4.759617343090422
 20
2.1324803809812147
 10
4.773714358136729
 20
2.1400535537952874
 10
4.789394294600456
 20
2.148512855502834
 10
4.803303646786042
 20
2.1555946123969867
 10
4.81925939839191
 20
2.1631669127758664
 10
4.833194589792608
 20
2.1698605579848484
 10
4.84734483483459
 20
2.1756484768031727
 10
4.86333526393062
 20
2.1822443207704256
 10
4.87694797200442
 20
2.1873936794467332
 10
4.893140586398476
 20
2.1928799278280637
 10
4.906667109701058
 20
2.1975814157719635
 10
4.920331396894385
 20
2.201167605363297
 10
4.93733795265808
 20
2.205723935349386
 10
4.952196240309174
 20
2.20929880451243
 10
4.969317112468992
 20
2.2128793376101257
 10
4.986747312086266
 20
2.2165571610395984
 10
5.004187494665491
 20
2.219757081024739
 10
5.022703359807613
 20
2.2231544619307355
 10
5.040115216512386
 20
2.226123282109928
 10
5.058647673239015
 20
2.2290074818902714
 10
5.076204955878525
 20
2.2317584763552443
 10
5.093755457486234
 20
2.2340241119695072
 10
5.112369940651258
 20
2.236429797019975
 10
5.129777017182738
 20
2.238444142466233
 10
5.148362946683632
 20
2.240305204301666
 10
5.165918055439807
 20
2.2420836625929934
 10
5.18342834102732
 20
2.243351440422098
 10
5.2020553170675905
 20
2.2447023041007554
 10
5.219379935275424
 20
2.245710743933445
 10
5.237953687752731
 20
2.2464851728939945
 10
5.255743069877253
 20
2.2472460698959296
 10
5.273465428559649
 20
2.2475322669093893
 10
5.292324831633478
 20
2.2478371805957598
 10
5.310045890374675
 20
2.247908040775788
 10
5.328823205067119
 20
2.247716018168068
 10
5.346623593672189
 20
2.2475518022689034
 10
5.364329837406879
 20
2.2469161876791417
 10
5.3832576388653814
 20
2.2462361169266547
 10
5.40114530199123
 20
2.2453921177298772
 10
5.419994885769689
 20
2.244257589844664
 10
5.438091108610756
 20
2.2431818220634923
 10
5.456084438571608
 20
2.2417057997082592
 10
5.475209109801671
 20
2.240132808823901
 10
5.493545026868179
 20
2.238468712617032
 10
5.512595172283747
 20
2.2365501179405802
 10
5.531156124364191
 20
2.234688003608471
 10
5.5496370497403795
 20
2.2325364261122704
 10
5.568803649223642
 20
2.2303008999517315
 10
5.587249103706814
 20
2.2280090771393577
 10
5.606321747560567
 20
2.2254695339923423
 10
5.625296942621377
 20
2.222946719080107
 10
5.644211590100587
 20
2.2202392516853138
 10
5.663396288858974
 20
2.217488481974098
 10
5.681921216867691
 20
2.2147058128176695
 10
5.700999231952979
 20
2.2116860378941956
 10
5.720119881482079
 20
2.2086620471768286
 10
5.739194296240877
 20
2.205499938112456
 10
5.758558945675454
 20
2.2022859056534227
 10
5.777535517837991
 20
2.1990592061472207
 10
5.796836639774817
 20
2.1956849594807983
 10
5.816045365014352
 20
2.1923280560106098
 10
5.835215507683448
 20
2.1888639133793726
 10
5.854547138105443
 20
2.1853672528988635
 10
5.873503355080622
 20
2.1818636755040863
 10
5.8927714201218135
 20
2.1782136877659166
 10
5.912094385544314
 20
2.174554056348121
 10
5.931390988516164
 20
2.170823031118053
 10
5.950856423403733
 20
2.1670568794907314
 10
5.970146225750043
 20
2.1632883028246677
 10
5.989583966613888
 20
2.1594481613336582
 10
6.0090088330667495
 20
2.1556107758991523
 10
6.028416914437416
 20
2.1517309343319995
 10
6.047940701431754
 20
2.14782619501265
 10
6.067378331325812
 20
2.1439203757534844
 10
6.086889454490258
 20
2.139978307593835
 10
6.10616807369431
 20
2.136083556503993
 10
6.125418867179414
 20
2.132118235730192
 10
6.144898862648111
 20
2.128102997267438
 10
6.164277900926981
 20
2.1240865776194564
 10
6.183744948070926
 20
2.1200259300995814
 10
6.203355031877562
 20
2.1159354866123845
 10
6.2229680474037234
 20
2.11185245627654
 10
6.24253146021177
 20
2.1077800731646197
 10
6.262073879402229
 20
2.103708239989538
 10
6.281631445929709
 20
2.099628746497136
 10
6.301080520354679
 20
2.0955719337814678
 10
6.320518387588336
 20
2.091487181555884
 10
6.340067257142101
 20
2.087377930096753
 10
6.359601359900963
 20
2.0832679411857495
 10
6.379150667519912
 20
2.079150192249167
 10
6.398879883534102
 20
2.074994628429843
 10
6.418623792260859
 20
2.070874514894518
 10
6.437975564907783
 20
2.066838112155312
 10
6.457038161999071
 20
2.062808090917739
 10
6.476319323877142
 20
2.0586677397180186
 10
6.493168552756652
 20
2.055072218443274
 10
6.5097715079290674
 20
2.0509309691919175
 10
6.528834514709696
 20
2.0461751651555304
 10
6.547731191184121
 20
2.0414070688169748
 10
6.5668395781869835
 20
2.0365214029672662
 10
6.582127639835775
 20
2.0326655040637913
 10
6.596997383650083
 20
2.0280340056764765
 10
6.615379226213262
 20
2.022331455367967
 10
6.6332768337132535
 20
2.016652734569379
 10
6.651664102575548
 20
2.010663975283824
 10
6.66962413054492
 20
2.004819353919803
 10
6.687457824207955
 20
1.9987570094686364
 10
6.705143630590949
 20
1.9927419347147541
 10
6.7213711324913605
 20
1.9869570513360113
 10
6.738681726660091
 20
1.9804402053585979
 10
6.756904609850322
 20
1.973588010199677
 10
6.775063053879118
 20
1.966632691886139
 10
6.793312824234494
 20
1.959638161757929
 10
6.811072249135024
 20
1.9527309832365094
 10
6.829190624138634
 20
1.9455607554978076
 10
6.846460066654493
 20
1.9387335199398448
 10
6.863550007807973
 20
1.9316400895462935
 10
6.881831129951997
 20
1.924042782554392
 10
6.900012174755364
 20
1.9164542283709232
 10
6.918303251409
 20
1.9087798475075537
 10
6.936031778955393
 20
1.901343424448925
 10
6.953662450773763
 20
1.8937605417933296
 10
6.9715784392229185
 20
1.8860495323686495
 10
6.988978200926182
 20
1.8784516622884968
 10
7.006750116322713
 20
1.8705564047595642
 10
7.0249639274794236
 20
1.8624658203540958
 10
7.043168481189878
 20
1.8543623936009528
 10
7.061234113018325
 20
1.8463201689907274
 10
7.079045507376386
 20
1.83833738153453
 10
7.097033355946574
 20
1.8302110808644843
 10
7.114577199455046
 20
1.8222873246742204
 10
7.132020352730582
 20
1.8142254091473187
 10
7.150043581126563
 20
1.8058887050818375
 10
7.167972752181183
 20
1.7975691721100755
 10
7.185985711379638
 20
1.7891789793891617
 10
7.204315013237839
 20
1.780641645636932
 10
7.222675085156455
 20
1.7721463445539571
 10
7.240511907900261
 20
1.76389622963753
 10
7.257919180116529
 20
1.755758533396777
 10
7.275607902600673
 20
1.7473832092767834
 10
7.293481285565705
 20
1.7389211888618183
 10
7.311323270868835
 20
1.7304181184581486
 10
7.329461021777982
 20
1.7217715541621188
 10
7.34773363228745
 20
1.7130878926573034
 10
7.365922792380572
 20
1.7044761596907252
 10
7.383659812527567
 20
1.6960789849019402
 10
7.401344513478247
 20
1.6876131066624305
 10
7.419364520909165
 20
1.678982680825123
 10
7.4374004912219105
 20
1.6703446107862034
 10
7.455436461534661
 20
1.6617065407472804
 10
7.473336843851345
 20
1.6531334802678455
 10
7.491215822159664
 20
1.6445327242663939
 10
7.509293684689919
 20
1.635834522455232
 10
7.527463236446487
 20
1.627110370744112
 10
7.545577282290455
 20
1.6184348837999378
 10
7.563413075787667
 20
1.6098928417377594
 10
7.581216565562516
 20
1.6013103556675976
 10
7.599314118645205
 20
1.5925833483666394
 10
7.617547974715654
 20
1.5838177082799048
 10
7.635699357597152
 20
1.5751243111475064
 10
7.653735327909897
 20
1.5664862411085867
 10
7.671771298222646
 20
1.5578481710696643
 10
7.689807268535391
 20
1.5492101010307437
 10
7.707843238848144
 20
1.5405720309918205
 10
7.725879209160894
 20
1.5319339609528981
 10
7.744250675975415
 20
1.5231356475833389
 10
7.762676528099787
 20
1.5144064718425112
 10
7.780768448818463
 20
1.5058408267754402
 10
7.798842856218298
 20
1.4972834745994124
 10
7.8169172636181266
 20
1.4887261224233872
 10
7.835127440395368
 20
1.480104561359497
 10
7.853359645664106
 20
1.4715107063975466
 10
7.871456815846026
 20
1.462982614932787
 10
7.8895466724033
 20
1.4544579701392037
 10
7.907636528960582
 20
1.445933325345618
 10
7.926400878134407
 20
1.4370925858744514
 10
7.9452728271246125
 20
1.428393201302803
 10
7.963502629695084
 20
1.4200010664511915
 10
7.981737568763103
 20
1.4116149176326762
 10
7.999946299443131
 20
1.4032509022411852
 10
8.01791876606987
 20
1.3949955698096543
 10
8.035859469879927
 20
1.386699823105336
 10
8.0542869557496
 20
1.3781764127238048
 10
8.073112460644808
 20
1.3695514912989957
 10
8.09168724956016
 20
1.3611413241465113
 10
8.110582593122663
 20
1.352588241568486
 10
8.129584623850835
 20
1.3441771428550346
 10
8.147845331051773
 20
1.3361056819583064
 10
8.165983020341082
 20
1.3280706969029834
 10
8.18417861027122
 20
1.3199881678415184
 10
8.202654965624552
 20
1.311781096892969
 10
8.22116215669159
 20
1.3036155042131146
 10
8.239987257334123
 20
1.2953137274644413
 10
8.259494866445399
 20
1.2868605347316993
 10
8.278548682909555
 20
1.2787818618706217
 10
8.297302040703835
 20
1.270832495596946
 10
8.316106971391813
 20
1.2629542610612903
 10
8.334504841028439
 20
1.2552519142525707
 10
8.352796088302016
 20
1.2475763545384198
 10
8.371146455985944
 20
1.2398540495682164
 10
8.39026162776245
 20
1.2318116198612175
 10
8.409479845973495
 20
1.2239131641443401
 10
8.428540754741876
 20
1.2160921751208473
 10
8.44826493005031
 20
1.2081470642139187
 10
8.467525857241732
 20
1.200565446123132
 10
8.486478287699098
 20
1.1931071665125321
 10
8.505480852713768
 20
1.1857207992815912
 10
8.524141022840451
 20
1.1784729636730762
 10
8.542782078164445
 20
1.171232553772555
 10
8.561423133488432
 20
1.1639921438720364
 10
8.581732041138016
 20
1.156113694140627
 10
8.602283661610262
 20
1.148600502616367
 10
8.621564250384795
 20
1.1415861581128222
 10
8.641275482696827
 20
1.1345219869948968
 10
8.660631658531143
 20
1.1277136968222155
 10
8.679643918697973
 20
1.12102725526292
 10
8.698676632074736
 20
1.114371569577928
 10
8.717934227845129
 20
1.1076400389215135
 10
8.737677808779955
 20
1.1008378421917904
 10
8.75708669138673
 20
1.0942717405416809
 10
8.778220614139851
 20
1.0871389031940912
 10
8.799648117508585
 20
1.0804991142158193
 10
8.81904935172923
 20
1.0745326657248164
 10
8.838544016059695
 20
1.0685794795824062
 10
8.857888243244712
 20
1.0627235755666802
 10
8.87698245570402
 20
1.0569434972299008
 10
8.89607078358059
 20
1.05115377326974
 10
8.917004675469613
 20
1.0448140627004452
 10
8.940310092697802
 20
1.0382928860542795
 10
8.961959037996483
 20
1.032831184418868
 10
8.981664231664222
 20
1.027874717958111
 10
9.001405300797796
 20
1.0229855959196505
 10
9.02092762368762
 20
1.018155355839561
 10
9.0405508555925
 20
1.0133226647480134
 10
9.060088573103128
 20
1.0085386977127415
 10
9.083777216863409
 20
1.0027947606508998
 10
9.107951519256783
 20
0.9980875027761344
 10
9.128405711707735
 20
0.9942140289941159
 10
9.149324417494306
 20
0.9903922201664572
 10
9.169716141592557
 20
0.9868336134819611
 10
9.18938847257728
 20
0.9834019313101595
 10
9.209058016087486
 20
0.9799641498084783
 10
9.231640865171277
 20
0.9760415558944151
 10
9.257930170303961
 20
0.9723607259701835
 10
9.281443115383938
 20
0.9700093193319979
 10
9.302326858341786
 20
0.9679572872151958
 10
9.323290409039489
 20
0.9661302131071986
 10
9.344282968618574
 20
0.9643205403095044
 10
9.366499764160528
 20
0.9626629893053906
 10
9.3877273593847
 20
0.9613821762203882
 10
9.413967518418156
 20
0.9599176384178536
 10
9.440615004946833
 20
0.9601190311818916
 10
9.46129002594484
 20
0.9604497174749405
 10
9.481983441170108
 20
0.9608544426215899
 10
9.502364532661362
 20
0.9613431560393833
 10
9.526985908163727
 20
0.9619954019732027
 10
9.551826149033054
 20
0.9638491682834354
 10
9.5767426369453
 20
0.9659142292740601
 10
9.607069277375443
 20
0.9700445475795805
 10
9.632464280146552
 20
0.9751361727301774
 10
9.663988484374062
 20
0.982022207825326
 10
9.695147811346345
 20
0.9926606861989131
 10
9.720478593387703
 20
1.002017530913041
 10
9.751473267158799
 20
1.0160021890255342
 10
9.775709027266654
 20
1.0293720788296379
 10
9.803976825682254
 20
1.0457164419434355
 10
9.830628817848272
 20
1.0656102719985459
 10
9.851288619952218
 20
1.0818226555358925
 10
9.875459393585624
 20
1.1033594396665414
 10
9.894108474047764
 20
1.1225201027993357
 10
9.915019615851271
 20
1.144665386333703
 10
9.933925519236936
 20
1.1691519245009803
 10
9.94868135833185
 20
1.1889766667832484
 10
9.965003090015934
 20
1.2132080591287997
 10
9.977836207312064
 20
1.23465817994124
 10
9.991772610064933
 20
1.2584231577102611
 10
10.004026223941231
 20
1.2834183887270174
 10
10.014202137268736
 20
1.3047384328952791
 10
10.024997362974712
 20
1.3297066190165656
 10
10.033541123206344
 20
1.3520013402192945
 10
10.042504159878328
 20
1.3757494260532392
 10
10.05020801694364
 20
1.400148771669203
 10
10.056807232723733
 20
1.4215067889023236
 10
10.063514295692512
 20
1.4452357746549322
 10
10.069034231719817
 20
1.4670606377499151
 10
10.074976090594596
 20
1.4908749259725187
 10
10.07982034257325
 20
1.515102780966593
 10
10.083981548833874
 20
1.5364214250670865
 10
10.08805227044368
 20
1.5594234077575935
 10
10.09141938297902
 20
1.580964940338008
 10
10.09501386948244
 20
1.604262900049926
 10
10.097741368000493
 20
1.6278145534253619
 10
10.100144586362484
 20
1.649191057505447
 10
10.10235535961578
 20
1.6720588436878503
 10
10.10404902779698
 20
1.6935918042262987
 10
10.105801383482158
 20
1.7162380238946464
 10
10.106896791042168
 20
1.7390253808304286
 10
10.107868605722034
 20
1.7602304885881397
 10
10.108609094142913
 20
1.782661570847664
 10
10.108997671468988
 20
1.8039735424980703
 10
10.109370683677014
 20
1.82480862404825
 10
10.109547840474544
 20
1.8456804890527372
 10
10.10970872116488
 20
1.8657924762248639
 10
10.109851513092497
 20
1.8859647641722854
 10
10.109972089687021
 20
1.90605661922834
 10
10.110092074398466
 20
1.9260540711357415
 10
10.11021205910991
 20
1.9460515230431503
 10
10.110331542477986
 20
1.9659685016822923
 10
10.110468701087138
 20
1.9857908376821547
 10
10.110627947878186
 20
2.0056934959729533
 10
10.110789187930232
 20
2.0258585718428175
 10
10.11091193582858
 20
2.04603100004329
 10
10.1110314625951
 20
2.0659551788599
 10
10.111168594442494
 20
2.085777515047116
 10
10.111327840356228
 20
2.1056800557281927
 10
10.111489079580204
 20
2.125845013987968
 10
10.11161185447552
 20
2.146017441999631
 10
10.111731382712133
 20
2.165941856037516
 10
10.11186848779777
 20
2.1857641924120705
 10
10.112027732834271
 20
2.2056666154834392
 10
10.112188971230099
 20
2.2258314561331263
 10
10.112311773122379
 20
2.2460038839559577
 10
10.112431801893562
 20
2.266008653651803
 10
10.112551786605007
 20
2.286006105559205
 10
10.11267177131645
 20
2.3060035574666067
 10
10.112790670455865
 20
2.3258334509457343
 10
10.112947644939007
 20
2.3456556482891493
 10
10.113108184766405
 20
2.3657253930380673
 10
10.113251110272861
 20
2.3858976800503666
 10
10.113371690673853
 20
2.405990117033683
 10
10.113490590631507
 20
2.425820128122984
 10
10.113647538352891
 20
2.4456423256535764
 10
10.113808076357303
 20
2.4657118351836824
 10
10.113951028860724
 20
2.485884122006989
 10
10.114071610031255
 20
2.5059766766007816
 10
10.1141915947427
 20
2.525974128508175
 10
10.114311579454144
 20
2.545971580415569
 10
10.114431067339751
 20
2.565889258592772
 10
10.114568066772101
 20
2.5857115957069663
 10
10.114727308346119
 20
2.6056135544645134
 10
10.114888536387348
 20
2.625776925545353
 10
10.115011669247108
 20
2.645948299189182
 10
10.11513144152353
 20
2.6658734379998617
 10
10.11526874932396
 20
2.685696825177042
 10
10.115428000784133
 20
2.7056001092164106
 10
10.1155892412436
 20
2.725765242956073
 10
10.115711975858149
 20
2.7459376712494517
 10
10.115832002858772
 20
2.765942147853667
 10
10.115951987570217
 20
2.785939599761061
 10
10.116071972281661
 20
2.805937051668462
 10
10.116190869381645
 20
2.825766652057446
 10
10.116347910556367
 20
2.845588848934423
 10
10.116508454926736
 20
2.8656591798598656
 10
10.116651313155463
 20
2.885831467343145
 10
10.116771891639065
 20
2.905923611235546
 10
10.116890789557484
 20
2.9257533292346944
 10
10.117047803970449
 20
2.945575526298849
 10
10.11720834651783
 20
2.965645622005486
 10
10.117351231743521
 20
2.9858179092997656
 10
10.117471810996467
 20
3.0059101708026374
 10
10.117591795707911
 20
3.0259076227100388
 10
10.117711780419356
 20
3.045905074617433
 10
10.117831266412558
 20
3.0658224597035835
 10
10.117968332536485
 20
3.085644796350899
 10
10.118127576295983
 20
3.1055470481974847
 10
10.11828881348599
 20
3.1257117176218365
 10
10.118411654682419
 20
3.145884145169789
 10
10.118531186529397
 20
3.1658091368812005
 10
10.118668225891566
 20
3.185631473715855
 10
10.118827468774025
 20
3.2055336079527232
 10
10.11898870513569
 20
3.2256981597669885
 10
10.119111573329082
 20
3.245870587126116
 10
10.119231603845606
 20
3.2658756456590097
 10
10.11935158855705
 20
3.2858730975664114
 10
10.119471573268493
 20
3.3058705494738123
 10
10.119590474417254
 20
3.3257007317885297
 10
10.119747383176927
 20
3.3455229295916196
 10
10.119907918527302
 20
3.365592096673077
 10
10.120050910334866
 20
3.3857643832212316
 10
10.120171492625897
 20
3.405857109040896
 10
10.1202903945927
 20
3.4256874089657874
 10
10.120447276590616
 20
3.4455096069560485
 10
10.120607810118004
 20
3.465578538818694
 10
10.120750828922535
 20
3.4857508251778544
 10
10.120871411983298
 20
3.505843668607988
 10
10.120991396694743
 20
3.5258411205153815
 10
10.121111381406187
 20
3.5458385724227757
 10
10.12123087115625
 20
3.5657565394364603
 10
10.121367804865132
 20
3.5855788770107577
 10
10.121527044285873
 20
3.6054805469338054
 10
10.121688277376535
 20
3.625644634432771
 10
10.121811252151804
 20
3.64581706104646
 10
10.121930791272696
 20
3.665743216614072
 10
10.122067698219823
 20
3.685565554375725
 10
10.122226936763914
 20
3.7054671066890434
 10
10.122388169025843
 20
3.7256310765779106
 10
10.122511170798079
 20
3.745803503002797
 10
10.122631204832436
 20
3.7658091434643604
 10
10.12275118954388
 20
3.7858065953717457
 10
10.122871174255327
 20
3.8058040472791395
 10
10.122990079450929
 20
3.8256348115196412
 10
10.123146855795548
 20
3.845457010248843
 10
10.123307382125931
 20
3.865525013486306
 10
10.123450507512334
 20
3.885697299099329
 10
10.123571093612728
 20
3.905790606846239
 10
10.123689999625984
 20
3.9256214886968936
 10
10.123846749208846
 20
3.945443687613261
 10
10.124007273716243
 20
3.9655114556319337
 10
10.12415042609961
 20
3.985683741055946
 10
10.124271012970132
 20
4.005777166413315
 10
10.124389919800961
 20
4.025608165874155
 10
10.124546642622066
 20
4.045430364977695
 10
10.124707165306475
 20
4.065497897777555
 10
10.124850344686807
 20
4.085670183012579
 10
10.124970932327534
 20
4.105763725980407
 10
10.125090917038978
 20
4.125761177887808
 10
10.125210901750423
 20
4.14575862979521
 10
10.125330396014062
 20
4.16567729634697
 10
10.125467170546143
 20
4.185499635035611
 10
10.125626404753804
 20
4.205400605425373
 10
10.12578763291406
 20
4.225563993388861
 10
10.12591076826514
 20
4.245736418879463
 10
10.12603031613004
 20
4.265663973524584
 10
10.126167063900365
 20
4.2854863124005735
 10
10.126326297231847
 20
4.305387165180618
 10
10.126487524562897
 20
4.32555043553402
 10
10.126610686910944
 20
4.345722860835807
 10
10.126730725176671
 20
4.365729200836779
 10
10.126850709888116
 20
4.3857266527441805
 10
10.12697069459956
 20
4.405724104651582
 10
10.127089604657332
 20
4.425555568428014
 10
10.127246221825144
 20
4.445377768270499
 10
10.127406737312548
 20
4.465444372445176
 10
10.127550023274752
 20
4.485616656934056
 10
10.127670613956964
 20
4.5057106642186735
 10
10.127789524831915
 20
4.525542245605277
 10
10.127946115237972
 20
4.545364445634929
 10
10.128106628902389
 20
4.5654308145908
 10
10.128249941861558
 20
4.585603098890691
 10
10.128370533314365
 20
4.605697223785756
 10
10.12849051802581
 20
4.6256946756931505
 10
10.128610502737255
 20
4.645692127600561
 10
10.12873000075349
 20
4.665611376079877
 10
10.128866642870529
 20
4.685433715695489
 10
10.129025872743696
 20
4.705334104161685
 10
10.129187096800344
 20
4.725496910199826
 10
10.129310365730266
 20
4.745669334756158
 10
10.129429920869079
 20
4.765598053257485
 10
10.12956653622436
 20
4.785420393060471
 10
10.129725765221737
 20
4.805320663916931
 10
10.12988698844879
 20
4.825483352344972
 10
10.13001028437568
 20
4.845655776712505
 10
10.130130326163503
 20
4.865662698642129
 10
10.130250310874947
 20
4.885660150549523
 10
10.130370295586392
 20
4.905657602456916
 10
10.130489209686745
 20
4.9254896481591475
 10
10.130645694439506
 20
4.945311848927765
 10
10.130806200906916
 20
4.9653772892584405
 10
10.130949620447959
 20
4.985549572812178
 10
10.131070214943795
 20
5.005644162024009
 10
10.131189129860939
 20
5.025476325336413
 10
10.131345587851943
 20
5.045298526292197
 10
10.131506092496366
 20
5.0653637314040685
 10
10.131649539034372
 20
5.085536014768815
 10
10.131770134301197
 20
5.105630721591099
 10
10.131890119012642
 20
5.125628173498494
 10
10.132010103724086
 20
5.145625625405895
 10
10.132129605490988
 20
5.165545455812771
 10
10.132266115192982
 20
5.185367796355401
 10
10.132425340733587
 20
5.205267602898013
 10
10.132586560684691
 20
5.225429827010797
 10
10.132709963193458
 20
5.245602250632855
 10
10.132829525606182
 20
5.265532132990398
 10
10.13296600854642
 20
5.285354473720385
 10
10.133125233211628
 20
5.3052541626532586
 10
10.133286452332745
 20
5.325416269155945
 10
10.13340988183848
 20
5.345588692589188
 10
10.133529927150336
 20
5.3655961964474645
 10
10.13364991186178
 20
5.385593648354866
 10
10.133769896573225
 20
5.405591100262275
 10
10.133888814714222
 20
5.425423727890301
 10
10.134045167051932
 20
5.445245929585025
 10
10.134205664499351
 20
5.465310206071723
 10
10.134349217619231
 20
5.485482488690326
 10
10.134469815930627
 20
5.505577659829351
 10
10.134588734888025
 20
5.5254104050675625
 10
10.134745060463977
 20
5.545232606949479
 10
10.134905556088409
 20
5.5652966482173465
 10
10.135049136205255
 20
5.585468930646942
 10
10.13516973528803
 20
5.60556421939645
 10
10.135288655061748
 20
5.625397082244824
 10
10.135444953875945
 20
5.645219284313924
 10
10.135605447677387
 20
5.665283090362986
 10
10.135749054791198
 20
5.685455372603568
 10
10.135869654645433
 20
5.705550778963526
 10
10.135989639356877
 20
5.725548230870928
 10
10.136109624068322
 20
5.74554568277833
 10
10.13622913034135
 20
5.765466212723328
 10
10.136365480866544
 20
5.785288554380299
 10
10.13652470120152
 20
5.8051876613895645
 10
10.13668591621477
 20
5.825349185966941
 10
10.136809479299345
 20
5.845521608465902
 10
10.136929050456077
 20
5.865452889900947
 10
10.137065374219514
 20
5.885275231745288
 10
10.13722459367956
 20
5.905174221144819
 10
10.137385807862355
 20
5.925335628112101
 10
10.137509397943898
 20
5.945508050422246
 10
10.13762944749457
 20
5.9655162538199065
 10
10.137749432206014
 20
5.9855137057273
 10
10.137869416917459
 20
6.005511157634702
 10
10.137988339913173
 20
6.025344484798724
 10
10.13814453307408
 20
6.04516668760677
 10
10.138305019678516
 20
6.0652295650306485
 10
10.1384487333742
 20
6.0854018465250945
 10
10.13856933627486
 20
6.105497717201793
 10
10.138688260086507
 20
6.125331161975982
 10
10.138844426485655
 20
6.14515336497122
 10
10.139004911267104
 20
6.1652160071762925
 10
10.139148651959752
 20
6.185388288481723
 10
10.139269255632264
 20
6.205484276768877
 10
10.139389240343707
 20
6.225481728676271
 10
10.139509225055154
 20
6.245479180583657
 10
10.139628735074586
 20
6.2654002924562535
 10
10.139764953184734
 20
6.285222635040253
 10
10.13992416919141
 20
6.305121160125901
 10
10.140085380094856
 20
6.325282102777942
 10
10.140209076758275
 20
6.345454524342617
 10
10.140328951910096
 20
6.365434060546478
 10
10.14045516932627
 20
6.385364591288132
 10
10.140590187651574
 20
6.405324198510644
 10
10.140725457241357
 20
6.425321552867097
 10
10.140860726831143
 20
6.445318907223552
  0
LWPOLYLINE
  5
95
330
17
100
AcDbEntity
  8
GRASS
100
AcDbPolyline
 90
2332
 70
1
 10
9.59100035818648
 20
6.467018304671113
 10
9.590923009356489
 20
6.484997663877571
 10
9.590842316021217
 20
6.505182702558692
 10
9.590781186111432
 20
6.525555409284084
 10
9.590740768422842
 20
6.545740788953247
 10
9.590701709723064
 20
6.56536378003732
 10
9.590623054260881
 20
6.5849864377951315
 10
9.59054236253467
 20
6.605171047409962
 10
9.59048120952926
 20
6.625543754066049
 10
9.59044079130421
 20
6.645729348269293
 10
9.590401731961014
 20
6.665352553887186
 10
9.590323099165394
 20
6.68497521171266
 10
9.590242409048242
 20
6.705159392261215
 10
9.59018123294721
 20
6.725532098848031
 10
9.590140814185578
 20
6.7457179075853375
 10
9.590101754199088
 20
6.765341327737071
 10
9.590023144070031
 20
6.784963985630241
 10
9.589942455561943
 20
6.8051477371124856
 10
9.589881256365281
 20
6.8255204436299985
 10
9.589840837066946
 20
6.845706466901383
 10
9.589801776437286
 20
6.865330101586939
 10
9.58972318897479
 20
6.8849527595477875
 10
9.589642502075762
 20
6.90513608196374
 10
9.589581279783475
 20
6.925508788411981
 10
9.589540859948315
 20
6.945695026217428
 10
9.589501798675604
 20
6.965318875436808
 10
9.589423233879673
 20
6.984941533465353
 10
9.589342548589705
 20
7.005124426815012
 10
9.589281303201794
 20
7.025497133193948
 10
9.589240882829682
 20
7.045683585533474
 10
9.589201820914045
 20
7.0653076492866935
 10
9.589123278784678
 20
7.084930307382901
 10
9.589043293323746
 20
7.104926672063434
 10
9.588963302716236
 20
7.124924323941136
 10
9.588883312108724
 20
7.144921975818854
 10
9.58880201354756
 20
7.16529311452186
 10
9.588760918241356
 20
7.185665881212615
 10
9.588721337523438
 20
7.205479274531679
 10
9.58866263972776
 20
7.225101992022158
 10
9.588583357871185
 20
7.244910535203558
 10
9.588502059954546
 20
7.265281459372712
 10
9.588460941552714
 20
7.285654225994517
 10
9.588421359869455
 20
7.3054680483818215
 10
9.588362684740341
 20
7.325090765940271
 10
9.588283403633646
 20
7.34489909458823
 10
9.588202106361654
 20
7.3652698042235825
 10
9.588160964864198
 20
7.385642570776419
 10
9.588121382215597
 20
7.4054568222319315
 10
9.588062729753041
 20
7.425079539858383
 10
9.587983449396107
 20
7.444887653972902
 10
9.587902152768883
 20
7.465258149074436
 10
9.587860988175802
 20
7.48563091555832
 10
9.587821404561858
 20
7.505445596082042
 10
9.587762774765864
 20
7.525068313776512
 10
9.587683495158569
 20
7.5448762133576235
 10
9.58760219917624
 20
7.565246493925307
 10
9.58756101148753
 20
7.585619260340206
 10
9.587521426908243
 20
7.605434369932168
 10
9.58746281977881
 20
7.6250570876946435
 10
9.587383540921032
 20
7.644864772742296
 10
9.587302245583716
 20
7.665234838776161
 10
9.587261034799381
 20
7.685607605122091
 10
9.58722144925475
 20
7.705423143782262
 10
9.587162864791878
 20
7.725045861612758
 10
9.587083586683491
 20
7.7448533321270006
 10
9.58700359607598
 20
7.764850984004703
 10
9.586923605468469
 20
7.78484863588242
 10
9.586842921925385
 20
7.805030880003549
 10
9.586781491166859
 20
7.82540358582636
 10
9.586741066480622
 20
7.845591760063952
 10
9.586701999409167
 20
7.86521754571331
 10
9.58662363920666
 20
7.884840204352745
 10
9.586542968440435
 20
7.905019224854809
 10
9.586481514586284
 20
7.925391930608329
 10
9.586441089361989
 20
7.945580319379998
 10
9.586402021648716
 20
7.965206319563199
 10
9.586323684112774
 20
7.9848289782703175
 10
9.586243014955608
 20
8.005007569706086
 10
9.586181538005832
 20
8.025380275390313
 10
9.586141112243357
 20
8.045568878696042
 10
9.586102043888388
 20
8.06519509341309
 10
9.586023729019011
 20
8.084817752187874
 10
9.585943061470905
 20
8.104995914557348
 10
9.585881561425504
 20
8.1253686201723
 10
9.585841135124726
 20
8.145557438012087
 10
9.585802066128185
 20
8.16518386726296
 10
9.585723773925368
 20
8.184806526105431
 10
9.585643107986323
 20
8.20498425940861
 10
9.585581584845297
 20
8.225356964954269
 10
9.585541158006093
 20
8.245545997328133
 10
9.585502088368102
 20
8.265172641112851
 10
9.585423818831849
 20
8.284795300023006
 10
9.585343843673265
 20
8.30478908468358
 10
9.585263853065754
 20
8.324786736561315
 10
9.585183862458244
 20
8.344784388439015
 10
9.585102571656412
 20
8.365152947110618
 10
9.585061198597083
 20
8.38552571297196
 10
9.585021606269736
 20
8.405344266360718
 10
9.584963181067158
 20
8.424966984669018
 10
9.584883908220705
 20
8.444772947823703
 10
9.584802618064874
 20
8.465141291961475
 10
9.584761221909918
 20
8.485514057753845
 10
9.584721628617228
 20
8.505333040210845
 10
9.584663226081211
 20
8.524955758587152
 10
9.584583953983167
 20
8.544761507208392
 10
9.584502664473458
 20
8.56512963681235
 10
9.584461245222878
 20
8.585502402535747
 10
9.584421650964844
 20
8.605321814060957
 10
9.58436327109539
 20
8.624944532505257
 10
9.584283999745626
 20
8.64475006659308
 10
9.584202710882165
 20
8.665117981663224
 10
9.584161268535958
 20
8.685490747317631
 10
9.584121673312582
 20
8.705310587911088
 10
9.584063316109688
 20
8.724933306423392
 10
9.583984045508087
 20
8.744738625977769
 10
9.583902757290995
 20
8.765106326514099
 10
9.583861291849162
 20
8.785479092099534
 10
9.583821695660443
 20
8.805299361761199
 10
9.583763361124111
 20
8.824922080341528
 10
9.58368409127055
 20
8.844727185362474
 10
9.58360280369995
 20
8.865094671364957
 10
9.58356131516249
 20
8.885467436881418
 10
9.583521718008427
 20
8.905288135611311
 10
9.583463406138657
 20
8.92491085425965
 10
9.583384137033011
 20
8.944715744747146
 10
9.5833041464255
 20
8.964713396624862
 10
9.58322415581799
 20
8.98471104850258
 10
9.58314348133385
 20
9.004890712597216
 10
9.58308177282221
 20
9.0252634175867
 10
9.583041341657033
 20
9.045454171858578
 10
9.583002266875068
 20
9.065082537539503
 10
9.58292417926568
 20
9.084705196992951
 10
9.582843527850379
 20
9.104879057448498
 10
9.582781796243111
 20
9.12525176236867
 10
9.582741364538402
 20
9.145442731174624
 10
9.582702289116094
 20
9.165071311389381
 10
9.58262422417327
 20
9.1846939709105
 10
9.582543574367026
 20
9.204867402299767
 10
9.582481819664135
 20
9.225240107150656
 10
9.582441387419768
 20
9.245431290490668
 10
9.582402311357242
 20
9.265060085239273
 10
9.58232426908098
 20
9.284682744828098
 10
9.5822436208838
 20
9.30485574715105
 10
9.582181843085284
 20
9.325228451932627
 10
9.582141410301137
 20
9.345419849806714
 10
9.582102333598515
 20
9.36504885908915
 10
9.582024313988814
 20
9.384671518745648
 10
9.581943667400694
 20
9.40484409200232
 10
9.581881866506553
 20
9.425216796714613
 10
9.581841433182504
 20
9.44540840912276
 10
9.581802355839908
 20
9.465037632939046
 10
9.581724358896771
 20
9.484660292663246
 10
9.581643713917712
 20
9.504832436853604
 10
9.581581889927946
 20
9.525205141496587
 10
9.581541456063873
 20
9.545396968438805
 10
9.581502378081424
 20
9.565026406788924
 10
9.58142440380485
 20
9.584649066580813
 10
9.581344439785246
 20
9.604640056688446
 10
9.581264449177736
 20
9.624637708566146
 10
9.581184458570224
 20
9.644635360443848
 10
9.581103176192952
 20
9.66500112455029
 10
9.581061502284872
 20
9.685373889513157
 10
9.58102189738275
 20
9.70519803203991
 10
9.580963767439835
 20
9.724820751234112
 10
9.580884504332685
 20
9.74462391982857
 10
9.580803222603015
 20
9.764989469401169
 10
9.580761525599307
 20
9.78536223429504
 10
9.580721919731841
 20
9.80518680589004
 10
9.58066381245549
 20
9.82480952515224
 10
9.580584550095146
 20
9.844612479213241
 10
9.580503269013198
 20
9.864977814252047
 10
9.580461548913865
 20
9.885350579076926
 10
9.580421942081054
 20
9.905175579740138
 10
9.580363857471264
 20
9.924798299070382
 10
9.580284595857607
 20
9.944601038597929
 10
9.580203315423502
 20
9.96496615910291
 10
9.580161572228544
 20
9.985338923858842
 10
9.580121964430393
 20
10.005164353590269
 10
9.580063902487161
 20
10.02478707298851
 10
9.579984641620069
 20
10.044589597982634
 10
9.579903361833932
 20
10.064954503953789
 10
9.579861595543347
 20
10.085327268640729
 10
9.579821986779853
 20
10.105153127440401
 10
9.579763947503185
 20
10.124775846906637
 10
9.57968468738253
 20
10.14457815736729
 10
9.579603408244482
 20
10.164942848804653
 10
9.579561618858271
 20
10.185315613422631
 10
9.579522009129434
 20
10.205141901290515
 10
9.579463992519328
 20
10.22476462082478
 10
9.579384733144991
 20
10.244566716752011
 10
9.57930474253748
 20
10.264564368629712
 10
9.579224751929969
 20
10.284562020507428
 10
9.57914408727807
 20
10.304738890042254
 10
9.579082077917688
 20
10.32511159412902
 10
9.579041639714811
 20
10.34530514296928
 10
9.579002556601225
 20
10.364936303215629
 10
9.578924764251513
 20
10.384558963550804
 10
9.578844133796196
 20
10.404727234893526
 10
9.578782101340188
 20
10.425099938910993
 10
9.578741662596178
 20
10.445293702285326
 10
9.578702578843847
 20
10.464925077065526
 10
9.578624809160699
 20
10.484547737468395
 10
9.578544180314445
 20
10.504715579744817
 10
9.578482124762811
 20
10.525088283692984
 10
9.578441685477546
 20
10.545282261601372
 10
9.578402601086596
 20
10.564913850915426
 10
9.578324854070011
 20
10.584536511385968
 10
9.578244226832815
 20
10.604703924596093
 10
9.578182148185558
 20
10.625076628474973
 10
9.578141708358915
 20
10.6452708209174
 10
9.578102623329466
 20
10.664902624765292
 10
9.578024898979443
 20
10.684525285303561
 10
9.57794427335131
 20
10.704692269447385
 10
9.577882171608426
 20
10.725064973256947
 10
9.577841731240282
 20
10.745259380233463
 10
9.57780264557246
 20
10.764891398615207
 10
9.577724943889
 20
10.784514059221136
 10
9.577644319869925
 20
10.804680614298661
 10
9.577582195031418
 20
10.825053318038936
 10
9.57754175412165
 20
10.845247939549509
 10
9.577502667815576
 20
10.86488017246509
 10
9.577424988798677
 20
10.884502833138715
 10
9.577345035897226
 20
10.904491028693261
 10
9.577265045289714
 20
10.924488680570997
 10
9.577185054682204
 20
10.944486332448731
 10
9.577103780750319
 20
10.964849301990059
 10
9.57706180599349
 20
10.985222066054371
 10
9.577022188516592
 20
11.00505179771912
 10
9.57696435383334
 20
11.024674517799287
 10
9.576885100444667
 20
11.044474891833403
 10
9.576803827161978
 20
11.064837646840926
 10
9.576761829309524
 20
11.085210410836275
 10
9.576722210867283
 20
11.105040571569234
 10
9.57666439885059
 20
11.124663291717404
 10
9.576585146207126
 20
11.144463451218092
 10
9.576503873573762
 20
11.164825991691812
 10
9.576461852625679
 20
11.18519875561816
 10
9.576422233218095
 20
11.205029345419367
 10
9.576364443867966
 20
11.224652065635556
 10
9.576285191969587
 20
11.24445201060278
 10
9.576203919985666
 20
11.264814336542695
 10
9.576161875941958
 20
11.285187100400062
 10
9.57612225556903
 20
11.305018119269485
 10
9.576064488885462
 20
11.324640839553705
 10
9.57598523773205
 20
11.344440569987487
 10
9.575903966397695
 20
11.364802681393565
 10
9.57586189925836
 20
11.38517544518193
 10
9.57582227792009
 20
11.405006893119603
 10
9.575764533903083
 20
11.424629613471842
 10
9.57568528349451
 20
11.444429129372159
 10
9.575605292887
 20
11.464426781249893
 10
9.57552530227949
 20
11.484424433127595
 10
9.575444646723515
 20
11.504598722636091
 10
9.575382359610018
 20
11.52497142588942
 10
9.575341914891222
 20
11.545167554763912
 10
9.575302824104103
 20
11.564801295041935
 10
9.575225304347509
 20
11.584423956191234
 10
9.575144693243118
 20
11.604587067487389
 10
9.575082383033994
 20
11.62495977067138
 10
9.575041937772589
 20
11.645156114079942
 10
9.575002846348204
 20
11.664790068891838
 10
9.574925349258173
 20
11.684412730108818
 10
9.57484473976284
 20
11.70457541233867
 10
9.574782406458093
 20
11.724948115453387
 10
9.574741960653958
 20
11.745144673396004
 10
9.574702868592427
 20
11.764778842741725
 10
9.574625394168958
 20
11.784401504026416
 10
9.574544786282688
 20
11.80456375718997
 10
9.574482429882316
 20
11.824936460235364
 10
9.574441983535326
 20
11.845133232712048
 10
9.574401437280436
 20
11.865494396169437
 10
9.574400000179645
 20
11.885867206232513
 10
9.574400164809077
 20
11.906228203113816
 10
9.574439115403264
 20
11.926975935191862
 10
9.57452048802118
 20
11.947372002295
 10
9.57460047862869
 20
11.967369654172698
 10
9.5746804692362
 20
11.987367306050416
 10
9.574759798675554
 20
12.007189391089186
 10
9.574819927238305
 20
12.026812104287911
 10
9.574859470897437
 20
12.046610448343841
 10
9.574898869574223
 20
12.06551932926775
 10
9.57482543377857
 20
12.08439199285343
 10
9.574749047186067
 20
12.103652180694304
 10
9.574606058657809
 20
12.122149379631676
 10
9.574374833624912
 20
12.141347278918165
 10
9.574181092617476
 20
12.15843360060109
 10
9.573702321938407
 20
12.17541536034494
 10
9.573197671925744
 20
12.193549046367188
 10
9.572590234878561
 20
12.209800489251418
 10
9.571720963845546
 20
12.227801764587728
 10
9.570996828049648
 20
12.24341781172717
 10
9.569869084124834
 20
12.258863866393277
 10
9.568639915695089
 20
12.276030440912889
 10
9.567410762762247
 20
12.290303207771624
 10
9.565666276519682
 20
12.307183679446096
 10
9.564353501945742
 20
12.320541616088759
 10
9.562489115490699
 20
12.333611408130436
 10
9.560210415362988
 20
12.350055609240542
 10
9.558168729227003
 20
12.363108990201903
 10
9.555302755400994
 20
12.379249823357025
 10
9.553126808449028
 20
12.39196659247814
 10
9.55039426000188
 20
12.404312162845807
 10
9.546980007661027
 20
12.420110618021825
 10
9.544134634722237
 20
12.432123665965849
 10
9.540100158208796
 20
12.44753357110491
 10
9.536949439924166
 20
12.459912571344214
 10
9.533262447462928
 20
12.471884179770825
 10
9.528496042199716
 20
12.487646152837462
 10
9.524511047198963
 20
12.500012693532446
 10
9.519188904768152
 20
12.515400192186084
 10
9.51474069068631
 20
12.528465335034877
 10
9.50984222852492
 20
12.541144495196885
 10
9.503780612054019
 20
12.556988454822962
 10
9.498599576873609
 20
12.569927791718186
 10
9.492083301546096
 20
12.585376454782082
 10
9.486369754053447
 20
12.599045821119095
 10
9.480292214020174
 20
12.612353244009192
 10
9.472574697520402
 20
12.629321177186087
 10
9.465236657646457
 20
12.645188258215878
 10
9.457282680119373
 20
12.66206147282002
 10
9.449593672174403
 20
12.678389941292927
 10
9.441755045039955
 20
12.69457354527367
 10
9.435487923457975
 20
12.70760190574694
 10
9.431684829362709
 20
12.714927496483783
 10
9.424885754799286
 20
12.726871752804307
 10
9.417645196764553
 20
12.7397779654932
 10
9.410089711525762
 20
12.752271911770036
 10
9.40223644876966
 20
12.765353012121581
 10
9.39676527694142
 20
12.773967802644341
 10
9.388466831462127
 20
12.786172312096607
 10
9.383185377753058
 20
12.794236755774886
 10
9.377466044703269
 20
12.801525248914466
 10
9.367330950661824
 20
12.814822796692589
 10
9.358801094267738
 20
12.82565234675122
 10
9.348227941555173
 20
12.83857060886552
 10
9.346003904929741
 20
12.841836665934787
 10
9.343455812942622
 20
12.843967329735639
 10
9.33295441015439
 20
12.854744348470822
 10
9.325299245200457
 20
12.862232980546029
 10
9.314243344806393
 20
12.872430842147441
 10
9.306997281052267
 20
12.879325484307074
 10
9.299510718865024
 20
12.885380578928578
 10
9.290176826933697
 20
12.893210080498564
 10
9.287076367733064
 20
12.89560909234892
 10
9.27765504349683
 20
12.902022069573164
 10
9.2712063513163
 20
12.906728152057777
 10
9.264669111033998
 20
12.91044180439867
 10
9.2525215061629
 20
12.917763232745722
 10
9.24519921918907
 20
12.921885899818138
 10
9.232948414115022
 20
12.928173795584481
 10
9.225156030914999
 20
12.932396656859718
 10
9.217398866848159
 20
12.935666585689077
 10
9.205226475751587
 20
12.94110313038791
 10
9.199167212910927
 20
12.943563410405114
 10
9.187110037680105
 20
12.947815953683413
 10
9.179293583729747
 20
12.950812187556224
 10
9.171662243992731
 20
12.95283953150128
 10
9.157405492126443
 20
12.956968459287326
 10
9.147844856184486
 20
12.959470673616359
 10
9.133630743562609
 20
12.962699409911922
 10
9.12211423322421
 20
12.965439085491246
 10
9.110752622927343
 20
12.96744600367021
 10
9.095198311390732
 20
12.970311613708205
 10
9.083733493881219
 20
12.972171282700662
 10
9.06836948379332
 20
12.974250460697096
 10
9.054625127034537
 20
12.976185145200539
 10
9.041068531454572
 20
12.977544779034766
 10
9.02472083315969
 20
12.979236890925435
 10
9.01193925180327
 20
12.980326226044907
 10
8.99583010798366
 20
12.981339402362496
 10
8.980202956379594
 20
12.982366675575495
 10
8.964728822289937
 20
12.982975007658824
 10
8.946291896456316
 20
12.983714954129777
 10
8.929291713689148
 20
12.984271418140025
 10
8.910915415802634
 20
12.984709848926888
 10
8.892736679236561
 20
12.985151400304634
 10
8.874624025906089
 20
12.985407321896984
 10
8.85469776439216
 20
12.985686283099083
 10
8.834701912031404
 20
12.985966225032133
 10
8.814706059670632
 20
12.986246166965183
 10
8.792907354112383
 20
12.986555684140258
 10
8.771041272743847
 20
12.987067831764497
 10
8.750632606831546
 20
12.987557792213726
 10
8.729892268400079
 20
12.988093862954988
 10
8.709498477773112
 20
12.988664671423065
 10
8.69346516316642
 20
12.989134496764821
 10
8.677591358691691
 20
12.989222938615521
 10
8.661204107049567
 20
12.98933704317913
 10
8.64870929542133
 20
12.989188537978507
 10
8.632773846260484
 20
12.988624823377426
 10
8.619636591901985
 20
12.988240854643138
 10
8.606833577164036
 20
12.987273401053843
 10
8.59098154090714
 20
12.986146685407185
 10
8.579290923710825
 20
12.985069917216492
 10
8.563848658468796
 20
12.983241246128129
 10
8.55084396478571
 20
12.981787740028814
 10
8.538215269364265
 20
12.979775424995218
 10
8.522380761755107
 20
12.977325429819624
 10
8.510587573294213
 20
12.975256665266393
 10
8.495238899076352
 20
12.972161316295812
 10
8.483922199634295
 20
12.969995679667441
 10
8.473105555452609
 20
12.967220231683378
 10
8.458499122480829
 20
12.963605020174851
 10
8.448855172023249
 20
12.960957159024375
 10
8.434901097774107
 20
12.956634287984024
 10
8.423869049023507
 20
12.953349152300351
 10
8.413441118903497
 20
12.94952295873309
 10
8.398771941412786
 20
12.944270911248397
 10
8.388305171181308
 20
12.940261600433397
 10
8.374240887928382
 20
12.9344143651602
 10
8.364039005840212
 20
12.930313668401343
 10
8.354502093752394
 20
12.925704113156735
 10
8.340449260781881
 20
12.919074844417636
 10
8.330518010839674
 20
12.914117158413225
 10
8.317147830546192
 20
12.906957194129088
 10
8.308088948929147
 20
12.902275061386309
 10
8.299791011542405
 20
12.897130485802524
 10
8.287456799957885
 20
12.889707929280776
 10
8.28017545624698
 20
12.885040476867212
 10
8.268823642988382
 20
12.877134809644529
 10
8.260167423500983
 20
12.871301535794519
 10
8.252301806861611
 20
12.865098097540493
 10
8.239669546668686
 20
12.855358687792926
 10
8.2302927829736
 20
12.847828447782843
 10
8.218335092327724
 20
12.837716118844892
 10
8.20941226285138
 20
12.830318055934098
 10
8.20123527434518
 20
12.822645079116825
 10
8.191235066750785
 20
12.813446509077487
 10
8.186435041675168
 20
12.808732909785867
 10
8.17774599483618
 20
12.79935797223836
 10
8.168879124396089
 20
12.789993142198231
 10
8.16069867357749
 20
12.780469156231145
 10
8.150041173527626
 20
12.768172590152279
 10
8.141997225929723
 20
12.758537931323577
 10
8.132071455966877
 20
12.746063728393864
 10
8.125866231095502
 20
12.738510795158424
 10
8.120599365061622
 20
12.730877272717285
 10
8.111439747167628
 20
12.717976670908177
 10
8.104758688967248
 20
12.708155709901542
 10
8.09634341223205
 20
12.695065194172885
 10
8.088266633940453
 20
12.682613050208884
 10
8.080725613495852
 20
12.670120677570942
 10
8.071401434836622
 20
12.65472006188768
 10
8.0631735288742
 20
12.640836965526386
 10
8.054236415475414
 20
12.625345971784919
 10
8.047617042556793
 20
12.614007022014839
 10
8.041690973397236
 20
12.602681374931604
 10
8.034143654328439
 20
12.588398773306226
 10
8.028614649675054
 20
12.577434938852383
 10
8.0218568612816
 20
12.563172702924552
 10
8.016817030876872
 20
12.55279983403282
 10
8.012598159216274
 20
12.542543267151423
 10
8.006699210830616
 20
12.52851744208759
 10
8.002905870538111
 20
12.518865885533655
 10
7.997959607183166
 20
12.505000292538845
 10
7.9941877487755395
 20
12.49484131982439
 10
7.9912604960441
 20
12.484870621678882
 10
7.986876394172636
 20
12.470480735470245
 10
7.9842007486341675
 20
12.460857170816258
 10
7.980781944078336
 20
12.446754911137534
 10
7.9780997958052335
 20
12.436297374463292
 10
7.976240194764742
 20
12.426114832332662
 10
7.973290447958761
 20
12.410817799248314
 10
7.971402938944853
 20
12.399741267021346
 10
7.969272176707061
 20
12.3846715366659
 10
7.967428827584063
 20
12.372354504157167
 10
7.966270846265764
 20
12.360324319013676
 10
7.964587460844323
 20
12.343703616571059
 10
7.963434528399189
 20
12.330176293163891
 10
7.962361628376649
 20
12.313706230209133
 10
7.961358569180576
 20
12.29912385381042
 10
7.960860939625206
 20
12.284769555209762
 10
7.9602184641611515
 20
12.267074521867318
 10
7.959826699107585
 20
12.251580414123776
 10
7.959624315871326
 20
12.234043070271408
 10
7.9594060278423395
 20
12.216547260064692
 10
7.959437580539344
 20
12.19917444199407
 10
7.959474692624802
 20
12.180149075247979
 10
7.959592471902733
 20
12.16202679590395
 10
7.959821514285675
 20
12.143057061866223
 10
7.960047095038836
 20
12.1241312817168
 10
7.960382839305629
 20
12.105261215443235
 10
7.960741772696788
 20
12.085320687958882
 10
7.961101675010784
 20
12.065326114959072
 10
7.96146157732478
 20
12.045331541959278
 10
7.9618336298797585
 20
12.024624318489073
 10
7.962128843060391
 20
12.00387880773664
 10
7.962413878178179
 20
11.983508438003197
 10
7.962666899595045
 20
11.962762316977773
 10
7.9628712181624195
 20
11.942353136885307
 10
7.963077631677227
 20
11.921644150925667
 10
7.963206967244718
 20
11.900896799108358
 10
7.963328153470209
 20
11.880693101921565
 10
7.963432060839654
 20
11.860320574363266
 10
7.9635129342476825
 20
11.840116435079292
 10
7.9635929248551935
 20
11.820118783201567
 10
7.963672915462704
 20
11.800121131323849
 10
7.963752906070215
 20
11.780123479446141
 10
7.963832896677726
 20
11.760125827568423
 10
7.963912887285237
 20
11.740128175690703
 10
7.963992877892748
 20
11.720130523812989
 10
7.964072868500259
 20
11.700132871935262
 10
7.964152859107769
 20
11.680135220057544
 10
7.96423284971528
 20
11.660137568179834
 10
7.964312840322791
 20
11.64013991630212
 10
7.964391240703383
 20
11.620497706865045
 10
7.964507098053084
 20
11.600875229473747
 10
7.964627935422788
 20
11.580729493223666
 10
7.964731914903559
 20
11.560356966026026
 10
7.964812791360387
 20
11.54015215690303
 10
7.964892781967898
 20
11.520154505025314
 10
7.964972772575409
 20
11.500156853147596
 10
7.96505276318292
 20
11.480159201269869
 10
7.965132753790431
 20
11.460161549392152
 10
7.965212744397942
 20
11.440163897514442
 10
7.965292735005453
 20
11.420166245636727
 10
7.965372725612964
 20
11.400168593758998
 10
7.965452716220474
 20
11.380170941881282
 10
7.965532706827985
 20
11.360173290003573
 10
7.965612697435496
 20
11.340175638125855
 10
7.965691101129764
 20
11.320532758850895
 10
7.965806887707777
 20
11.300910281106637
 10
7.965927717374173
 20
11.280765884525758
 10
7.966031768966268
 20
11.26039335768878
 10
7.966112648473093
 20
11.24018787872676
 10
7.966192639080603
 20
11.22019022684904
 10
7.966272629688114
 20
11.200192574971334
 10
7.966352620295625
 20
11.180194923093616
 10
7.966432610903136
 20
11.160197271215898
 10
7.966512601510647
 20
11.140199619338171
 10
7.9665925921181575
 20
11.120201967460455
 10
7.966672582725669
 20
11.100204315582745
 10
7.96675257333318
 20
11.080206663705027
 10
7.966832563940691
 20
11.060209011827302
 10
7.966912554548201
 20
11.040211359949584
 10
7.966990961554948
 20
11.02056781083673
 10
7.967106677361272
 20
11.000945332739509
 10
7.967227499324361
 20
10.980802275827843
 10
7.96733162302778
 20
10.960429749351531
 10
7.967412505585798
 20
10.940223600550505
 10
7.967492496193309
 20
10.920225948672787
 10
7.96757248680082
 20
10.900228296795063
 10
7.96765247740833
 20
10.880230644917344
 10
7.967732468015841
 20
10.860232993039636
 10
7.967812458623352
 20
10.840235341161918
 10
7.967892449230863
 20
10.8202376892842
 10
7.967972439838374
 20
10.800240037406475
 10
7.968052430445884
 20
10.780242385528757
 10
7.9681324210533955
 20
10.76024473365105
 10
7.9682124116609065
 20
10.740247081773331
 10
7.968290821978936
 20
10.72060286282256
 10
7.968406467013573
 20
10.700980384372368
 10
7.968527281273352
 20
10.680838667129919
 10
7.9686314770880955
 20
10.660466141014277
 10
7.968712362698503
 20
10.640259322374234
 10
7.968792353306013
 20
10.620261670496516
 10
7.9688723439135245
 20
10.600264018618809
 10
7.968952334521036
 20
10.58026636674109
 10
7.969032325128547
 20
10.560268714863364
 10
7.969112315736057
 20
10.540271062985648
 10
7.969192306343568
 20
10.520273411107938
 10
7.969272296951079
 20
10.500275759230222
 10
7.96935228755859
 20
10.480278107352502
 10
7.969432278166101
 20
10.460280455474779
 10
7.969512268773611
 20
10.44028280359706
 10
7.969590682401727
 20
10.420637914808381
 10
7.969706256664676
 20
10.401015436005222
 10
7.969827063221147
 20
10.380875058431988
 10
7.969931331147214
 20
10.360502532677021
 10
7.970012219811208
 20
10.34029504419798
 10
7.970092210418719
 20
10.320297392320263
 10
7.97017220102623
 20
10.300299740442536
 10
7.97025219163374
 20
10.28030208856482
 10
7.970332182241251
 20
10.260304436687111
 10
7.9704121728487625
 20
10.240306784809395
 10
7.9704921634562735
 20
10.220309132931677
 10
7.970572154063785
 20
10.20031148105395
 10
7.970652144671295
 20
10.180313829176232
 10
7.970732135278806
 20
10.160316177298524
 10
7.970812125886317
 20
10.140318525420806
 10
7.970892116493828
 20
10.12032087354308
 10
7.970972107101338
 20
10.100323221665363
 10
7.97105140367221
 20
10.08049005973397
 10
7.9711470859689495
 20
10.060867481578219
 10
7.971265866787922
 20
10.041080525221469
 10
7.971387797586782
 20
10.020731211460387
 10
7.971471964933848
 20
10.000358585308696
 10
7.971552048746445
 20
9.980337810388558
 10
7.971632039353956
 20
9.960340158510848
 10
7.971712029961467
 20
9.940342506633133
 10
7.971792020568978
 20
9.920344854755413
 10
7.971872011176489
 20
9.900347202877695
 10
7.971952001784
 20
9.88034955099998
 10
7.9720319923915115
 20
9.860351899122252
 10
7.972111982999022
 20
9.840354247244536
 10
7.972191973606533
 20
9.820356595366828
 10
7.972271964214044
 20
9.80035894348911
 10
7.972351259386435
 20
9.780526096596759
 10
7.972446962698526
 20
9.760905773109016
 10
7.972565970862442
 20
9.74112075753703
 10
7.9726881632035
 20
9.720768117350236
 10
7.972772226394792
 20
9.7003932362372
 10
7.972852305848736
 20
9.680373534815837
 10
7.972932296456247
 20
9.660375882938121
 10
7.973012287063758
 20
9.640378231060394
 10
7.9730922776712685
 20
9.620380579182676
 10
7.97317226827878
 20
9.60038292730497
 10
7.973252258886291
 20
9.58038527542725
 10
7.973332249493802
 20
9.560387623549534
 10
7.973412240101313
 20
9.540389971671809
 10
7.973492230708823
 20
9.52039231979409
 10
7.973572221316334
 20
9.500394667916382
 10
7.973651515510251
 20
9.480562041411808
 10
7.973747254377363
 20
9.46093946353901
 10
7.973866038108703
 20
9.441151971758007
 10
7.973987971617321
 20
9.42080212257151
 10
7.974072081323187
 20
9.400429496132316
 10
7.974152162961441
 20
9.380409256639568
 10
7.974232153568952
 20
9.360411604761858
 10
7.974312144176463
 20
9.340413952884141
 10
7.974392134783974
 20
9.320416301006421
 10
7.974472125391485
 20
9.300418649128698
 10
7.974552115998995
 20
9.28042099725098
 10
7.9746321066065065
 20
9.260423345373269
 10
7.9747120972140175
 20
9.240425693495554
 10
7.974792087821529
 20
9.220428041617836
 10
7.97487207842904
 20
9.20043038974011
 10
7.974951375596497
 20
9.180597093396255
 10
7.975047043691926
 20
9.160974515169482
 10
7.9751658237799035
 20
9.141187693224536
 10
7.9752877538983915
 20
9.120838513875555
 10
7.975371935715586
 20
9.100465887796043
 10
7.9754520200741466
 20
9.080444978463314
 10
7.975532010681658
 20
9.060447326585596
 10
7.975612001289169
 20
9.040449674707869
 10
7.975691991896679
 20
9.020452022830153
 10
7.97577198250419
 20
9.000454370952443
 10
7.975851973111701
 20
8.980456719074725
 10
7.975931963719212
 20
8.960459067197
 10
7.976011954326722
 20
8.940461415319284
 10
7.976091944934233
 20
8.920463763441573
 10
7.976171935541744
 20
8.900466111563858
 10
7.976251235681548
 20
8.88063214538071
 10
7.976346833005294
 20
8.861009566799945
 10
7.976465609451105
 20
8.841223414691067
 10
7.976587536178266
 20
8.820874905179593
 10
7.976671790106789
 20
8.800502279459753
 10
7.976751877186851
 20
8.780480700287042
 10
7.976831867794362
 20
8.760483048409332
 10
7.9769118584018734
 20
8.740485396531616
 10
7.9769918490093845
 20
8.7204877446539
 10
7.977071839616896
 20
8.700490092776171
 10
7.977151830224406
 20
8.680492440898457
 10
7.977231820831917
 20
8.660494789020746
 10
7.977311811439428
 20
8.64049713714303
 10
7.977391802046939
 20
8.620499485265304
 10
7.977471792654449
 20
8.600501833387584
 10
7.97755033742428
 20
8.58083020870556
 10
7.977660698364659
 20
8.561582725155333
 10
7.977817523949528
 20
8.542009482309737
 10
7.9777583516494435
 20
8.532177070980431
 10
7.978462090066606
 20
8.523088614527742
 10
7.978898025418205
 20
8.514289429189324
 10
7.978277554304166
 20
8.518497627043235
 10
7.979746143113773
 20
8.512352616306867
 10
7.98339439642616
 20
8.493876350549838
 10
7.98714361070181
 20
8.475508541446652
 10
7.990176391537271
 20
8.460535368389843
 10
7.992252618707594
 20
8.451435944338435
 10
7.995873516819803
 20
8.437933316058666
 10
8.000790203072103
 20
8.419339048271079
 10
8.00576958311334
 20
8.400819622025313
 10
8.009648361817698
 20
8.386285365176647
 10
8.012076725908925
 20
8.378035050579472
 10
8.01642745177223
 20
8.365241271487598
 10
8.022434895931681
 20
8.34732718390659
 10
8.028523949458492
 20
8.32952803751978
 10
8.033324194913028
 20
8.315409532450607
 10
8.036216661187563
 20
8.307574301804369
 10
8.04137887318223
 20
8.295241012984913
 10
8.048297159159723
 20
8.278494415226469
 10
8.055336373271317
 20
8.26195130091741
 10
8.061342821821505
 20
8.247786591035716
 10
8.065290914637957
 20
8.23905224577349
 10
8.071556722264116
 20
8.226456496473183
 10
8.078728437533622
 20
8.211875998213765
 10
8.086097206422497
 20
8.197702479441789
 10
8.09362209502201
 20
8.18320605787005
 10
8.09938503562205
 20
8.172577439344334
 10
8.10712912666495
 20
8.159165222959686
 10
8.11385381477106
 20
8.147361285806047
 10
8.120821372116032
 20
8.136253829045396
 10
8.13023991645078
 20
8.121177023942893
 10
8.138811340488214
 20
8.107737578945638
 10
8.148515498194675
 20
8.092946374994975
 10
8.154120140150107
 20
8.084172632812932
 10
8.159948110029415
 20
8.076409060582497
 10
8.170594312311104
 20
8.06196021209125
 10
8.180685029076212
 20
8.048469335235875
 10
8.191729142248859
 20
8.034006116691865
 10
8.200485926588007
 20
8.022465946757173
 10
8.209383744766441
 20
8.011556127620999
 10
8.220096454670236
 20
7.998388454624331
 10
8.22901587341415
 20
7.98773255365696
 10
8.239868134616037
 20
7.975283711413526
 10
8.250872664429783
 20
7.962614197119849
 10
8.261951279975408
 20
7.950333669824527
 10
8.27411332609949
 20
7.936859650534837
 10
8.285117210047739
 20
7.924877175700758
 10
8.297362070814994
 20
7.9118557090339845
 10
8.308359403936986
 20
7.900123134552091
 10
8.31940856921498
 20
7.888875898719111
 10
8.332728424250327
 20
7.875327000524844
 10
8.345678543279586
 20
7.862249983564246
 10
8.359176946237564
 20
7.848753139652344
 10
8.372621100764993
 20
7.835307160784765
 10
8.3860814635517
 20
7.8219890906178815
 10
8.399923182912913
 20
7.808302959978643
 10
8.413424544474701
 20
7.795017882518598
 10
8.427293476491796
 20
7.781459547796295
 10
8.442641909062642
 20
7.766450068615714
 10
8.457959652622817
 20
7.751241990305992
 10
8.472868636035091
 20
7.736415704948833
 10
8.488475864330224
 20
7.720743965418131
 10
8.503345389551711
 20
7.705623041875139
 10
8.519428682074317
 20
7.689248220459016
 10
8.535431408704367
 20
7.6724672925785224
 10
8.551004531987076
 20
7.656068427679584
 10
8.568363151352125
 20
7.637321944333604
 10
8.58382900500493
 20
7.620070300642032
 10
8.602377542587135
 20
7.599231147176099
 10
8.620565100121178
 20
7.577241634768262
 10
8.636332561969825
 20
7.5578929460170565
 10
8.654826333560251
 20
7.534113976550839
 10
8.670080026867872
 20
7.513300414832191
 10
8.688104063086644
 20
7.488353934400279
 10
8.705395444514426
 20
7.461850573912295
 10
8.719841785526024
 20
7.439152850143339
 10
8.737250704868801
 20
7.409792852089862
 10
8.75062990253811
 20
7.385082298518263
 10
8.767013022051863
 20
7.3539477143785525
 10
8.781887770250536
 20
7.320684333873553
 10
8.793041121859927
 20
7.294528649861247
 10
8.806217694614007
 20
7.260105184941567
 10
8.815544625169355
 20
7.2319258520959515
 10
8.826736729434366
 20
7.196339717254626
 10
8.835676807200718
 20
7.158727153856268
 10
8.842071779472708
 20
7.1290701777354
 10
8.848831349735809
 20
7.088687957633175
 10
8.852340056149991
 20
7.056922390942419
 10
8.855457021563835
 20
7.02528602535158
 10
8.856987672864285
 20
6.992580592239695
 10
8.857875477178554
 20
6.9673056102801
 10
8.858244635550385
 20
6.937180490278299
 10
8.857825216133952
 20
6.911392836328076
 10
8.857275254906417
 20
6.884434667815143
 10
8.855823190757253
 20
6.85696649527604
 10
8.854354522836207
 20
6.832122577909789
 10
8.851888650128114
 20
6.802077989235331
 10
8.849044196427311
 20
6.776432116186827
 10
8.846179465097945
 20
6.75133712991258
 10
8.842627022412554
 20
6.725913262500732
 10
8.839447994644186
 20
6.703783566687871
 10
8.835705046311617
 20
6.679512060694056
 10
8.831959687405867
 20
6.657210570274351
 10
8.827396656609384
 20
6.6305108871834975
 10
8.821844433943612
 20
6.603426366501466
 10
8.81723381127479
 20
6.581555827345283
 10
8.812019411157937
 20
6.557937925727774
 10
8.80692230284013
 20
6.536129795518868
 10
8.801441315692514
 20
6.512807150609445
 10
8.795431441223617
 20
6.48929130833564
 10
8.78977378722261
 20
6.467412235814545
 10
8.78312941217223
 20
6.442944359305698
 10
8.7767371935182
 20
6.420779239325519
 10
8.770042020231442
 20
6.397689554459438
 10
8.76279178652171
 20
6.374415886077533
 10
8.756389982574767
 20
6.354062114892297
 10
8.749564541056406
 20
6.332759819343259
 10
8.742899967092683
 20
6.312459038073356
 10
8.734915489060343
 20
6.28827518947758
 10
8.726148288404525
 20
6.263877006040249
 10
8.718843422446243
 20
6.24380169338465
 10
8.711169368137742
 20
6.223025441253418
 10
8.703680259089698
 20
6.203147922975856
 10
8.69521883256051
 20
6.180755002036789
 10
8.686210107878475
 20
6.158238006807223
 10
8.678107492815332
 20
6.138139351174726
 10
8.669278915383007
 20
6.1166882280248895
 10
8.660775100748314
 20
6.0965727339310805
 10
8.6522018959828
 20
6.0763184367650185
 10
8.643355396030717
 20
6.055996557674719
 10
8.634370076501567
 20
6.035437236694857
 10
8.623931883486698
 20
6.012315916757202
 10
8.614096227766623
 20
5.99141389706636
 10
8.604773613339983
 20
5.9716415424667115
 10
8.595196561982759
 20
5.951820499271675
 10
8.585727257031115
 20
5.932281154142457
 10
8.575221338858027
 20
5.911053453925904
 10
8.56519114814964
 20
5.891333265498227
 10
8.554634667387019
 20
5.870623337747351
 10
8.543615135386677
 20
5.849840038188475
 10
8.533680480363856
 20
5.831198519284371
 10
8.523244312685952
 20
5.811827139820152
 10
8.513096950732173
 20
5.793262187445883
 10
8.50132521328329
 20
5.771785834380366
 10
8.48889387286065
 20
5.750233991738284
 10
8.478009037769848
 20
5.73150385115345
 10
8.466306407248524
 20
5.711677923491277
 10
8.455082926185607
 20
5.693051225711046
 10
8.44355876179888
 20
5.673947434058687
 10
8.431710068689297
 20
5.654815408239273
 10
8.419919725605364
 20
5.6358462574986765
 10
8.406433966840078
 20
5.614690161082297
 10
8.39381071489735
 20
5.5955276609887035
 10
8.381100475951818
 20
5.57627714595583
 10
8.367953217118687
 20
5.557012136040222
 10
8.355113562940398
 20
5.538288407104639
 10
8.340226919248538
 20
5.517173454009999
 10
8.326425173211563
 20
5.498292932454045
 10
8.308665422908444
 20
5.474252190381874
 10
8.289336282035146
 20
5.450370678516848
 10
8.273006752211275
 20
5.430596390003293
 10
8.252392960069969
 20
5.406886028420924
 10
8.234295977300498
 20
5.387376755851551
 10
8.212376238200777
 20
5.364129537859715
 10
8.188523581210916
 20
5.341335360214444
 10
8.168612789995755
 20
5.322801075805757
 10
8.142538998866542
 20
5.300058969039993
 10
8.120367913384296
 20
5.282245864326693
 10
8.09433553402663
 20
5.261767090868009
 10
8.066263126646042
 20
5.242140980348053
 10
8.043638642282302
 20
5.2268075194163455
 10
8.014322886531936
 20
5.208302381924339
 10
7.989651048489638
 20
5.194093934049515
 10
7.961016826850447
 20
5.177985395767777
 10
7.930574295894369
 20
5.163015610297171
 10
7.906328346094352
 20
5.151504619314853
 10
7.875567400708644
 20
5.138026794794795
 10
7.849685856279538
 20
5.127831019799192
 10
7.8200861718488035
 20
5.116466886718317
 10
7.789017138985606
 20
5.1063279495407174
 10
7.764784227300314
 20
5.098733520187819
 10
7.7355169818386305
 20
5.090306528000562
 10
7.710291974609037
 20
5.0838458262107675
 10
7.6818323827880475
 20
5.076733276000792
 10
7.652362829237681
 20
5.070670494081317
 10
7.628553454886842
 20
5.065982838854449
 10
7.600675982765567
 20
5.061031247452903
 10
7.576160767030681
 20
5.057278189578785
 10
7.55047344360491
 20
5.053426468072282
 10
7.524200609306819
 20
5.050243004753674
 10
7.501174952032456
 20
5.047565309983578
 10
7.474934584434463
 20
5.044892858607703
 10
7.451329859058739
 20
5.042931298100891
 10
7.426896181739432
 20
5.040946979009179
 10
7.402050413010031
 20
5.0394758474547725
 10
7.380274419047562
 20
5.038256516400735
 10
7.356916164567859
 20
5.037127643959812
 10
7.334982773399423
 20
5.036289093059422
 10
7.311892289743556
 20
5.035424550779166
 10
7.288528278489519
 20
5.034911665431846
 10
7.267799966164189
 20
5.034497303260986
 10
7.24668604962119
 20
5.034128398356738
 10
7.226042338436739
 20
5.033838247397034
 10
7.206041625916946
 20
5.033557676311127
 10
7.186040515168339
 20
5.033277619013134
 10
7.165884885993712
 20
5.032995474086048
 10
7.145513908096996
 20
5.032727629814234
 10
7.125302016789968
 20
5.0324850251734095
 10
7.105652316935705
 20
5.0322493890538444
 10
7.086031328166897
 20
5.031977491458136
 10
7.065904688878637
 20
5.031695751171668
 10
7.0455337114920615
 20
5.03142786766466
 10
7.025321455729282
 20
5.031185258440682
 10
7.005325083557946
 20
5.030945301974626
 10
6.985328711386626
 20
5.03070534550857
 10
6.965491023796719
 20
5.03046732683931
 10
6.945869776923044
 20
5.030215291029924
 10
6.926090144240007
 20
5.029938313819934
 10
6.9057483533144195
 20
5.029653688356517
 10
6.885377114431368
 20
5.029405927463909
 10
6.8655100982796355
 20
5.029167555579025
 10
6.8458888509052995
 20
5.02891555827605
 10
6.826109582674006
 20
5.028638585958009
 10
6.805768156201884
 20
5.028353965260816
 10
6.785396917828423
 20
5.028106165133006
 10
6.765529172762544
 20
5.027867784319094
 10
6.745907924887538
 20
5.027615825522529
 10
6.726129021107999
 20
5.027338858096086
 10
6.706133168747227
 20
5.027058916163035
 10
6.686137316386447
 20
5.026778974229984
 10
6.671822075690713
 20
5.02662161091107
 10
6.665369925242992
 20
5.0263744754583115
 10
6.653262265806379
 20
5.0252468083040815
 10
6.6595491631592525
 20
5.026722725440299
 10
6.6682319945082185
 20
5.027780025848022
 10
6.663588308786633
 20
5.02687304167012
 10
6.6734881841715294
 20
5.030211577944918
 10
6.671138547741467
 20
5.028783031703368
 10
6.67893318233409
 20
5.033301805801412
 10
6.688966214763128
 20
5.038218108718746
 10
6.685751262104271
 20
5.036484185568315
 10
6.695932744195905
 20
5.044341972042478
 10
6.695088246953185
 20
5.0429536555961745
 10
6.70081329889099
 20
5.049695422180709
 10
6.70832357615317
 20
5.057302133671399
 10
6.70536822797121
 20
5.053939319651815
 10
6.711297887071459
 20
5.062981173221299
 10
6.710158029938851
 20
5.060111059163776
 10
6.714194010984987
 20
5.070069609077535
 10
6.7194172878324885
 20
5.081129858527907
 10
6.717760613677081
 20
5.077123733169784
 10
6.720464842331131
 20
5.087931243961068
 10
6.720301265623418
 20
5.084671644878671
 10
6.720095707022618
 20
5.087722912194258
 10
6.720961575509582
 20
5.0915156157824075
 10
6.7203404832413725
 20
5.075529406391859
 10
6.720056079894764
 20
5.06229917308327
 10
6.720040550221648
 20
5.045900111198852
 10
6.720001104744003
 20
5.0262651057198875
 10
6.719999999800482
 20
5.006642294609291
 10
6.72
 20
4.986656715424162
 10
6.72
 20
4.966658903565869
 10
6.72
 20
4.946661091707574
 10
6.72
 20
4.926663279849285
 10
6.72
 20
4.906665467990992
 10
6.72
 20
4.886667656132697
 10
6.72
 20
4.866669844274408
 10
6.72
 20
4.846672032416115
 10
6.72
 20
4.826674220557819
 10
6.72
 20
4.80667640869953
 10
6.72
 20
4.786678596841234
 10
6.72
 20
4.766680784982942
 10
6.72
 20
4.746682973124654
 10
6.72
 20
4.726685161266357
 10
6.72
 20
4.706687349408065
 10
6.72
 20
4.686689537549773
 10
6.72
 20
4.66669172569148
 10
6.72
 20
4.646693913833189
 10
6.72
 20
4.626696101974896
 10
6.72
 20
4.606698290116603
 10
6.72
 20
4.586700478258311
 10
6.72
 20
4.566702666400018
 10
6.72
 20
4.546704854541726
 10
6.72
 20
4.526707042683434
 10
6.72
 20
4.506709230825141
 10
6.72
 20
4.486711418966849
 10
6.72
 20
4.466713607108557
 10
6.72
 20
4.446715795250265
 10
6.72
 20
4.426717983391972
 10
6.72
 20
4.40672017153368
 10
6.72
 20
4.386722359675384
 10
6.72
 20
4.366724547817095
 10
6.72
 20
4.346726735958799
 10
6.72
 20
4.3267289241005065
 10
6.72
 20
4.306731112242217
 10
6.72
 20
4.286733300383922
 10
6.72
 20
4.2667354885256294
 10
6.72
 20
4.246737676667341
 10
6.72
 20
4.226739864809045
 10
6.72
 20
4.206742052950752
 10
6.72
 20
4.186744241092464
 10
6.72
 20
4.166746429234168
 10
6.72
 20
4.146748617375876
 10
6.72
 20
4.126750805517584
 10
6.72
 20
4.106752993659291
 10
6.72
 20
4.086755181800998
 10
6.72
 20
4.066757369942706
 10
6.72
 20
4.046759558084414
 10
6.72
 20
4.026761746226121
 10
6.72
 20
4.006763934367829
 10
6.719995167031022
 20
3.984862257132041
 10
6.719748498623349
 20
3.960742471309751
 10
6.719266389463812
 20
3.9385295655411436
 10
6.718467661270423
 20
3.9084270975642426
 10
6.716287308352551
 20
3.877979560503862
 10
6.714232905320936
 20
3.852242926384905
 10
6.710836374239745
 20
3.8207483808149387
 10
6.707209527724416
 20
3.794726333332531
 10
6.702772026301104
 20
3.7644227809828577
 10
6.696839834602416
 20
3.7339601913111986
 10
6.691549315621801
 20
3.7080214462755703
 10
6.683933454289636
 20
3.675818874339456
 10
6.676807525252664
 20
3.6497462574071973
 10
6.667978756257888
 20
3.618526868494972
 10
6.657330246470283
 20
3.5873733334889337
 10
6.648512207436416
 20
3.5624425038925422
 10
6.6365837245205235
 20
3.5317380552198983
 10
6.625957713446093
 20
3.5069410122842073
 10
6.611679251871008
 20
3.474631793309939
 10
6.595072260014653
 20
3.4427569289058826
 10
6.581760726479269
 20
3.418092671225035
 10
6.563507496352221
 20
3.387119438968211
 10
6.548006593981343
 20
3.3631502414473853
 10
6.527911341683035
 20
3.332955028098121
 10
6.505452301376133
 20
3.303698871522439
 10
6.487218401623843
 20
3.280730034412843
 10
6.461894580289002
 20
3.251554466941048
 10
6.4412260100599985
 20
3.2299224456829214
 10
6.412299567856083
 20
3.2007658448480196
 10
6.38049271884381
 20
3.1736742264656446
 10
6.356425687380326
 20
3.154092240485745
 10
6.322547658130242
 20
3.129311576943055
 10
6.2960030553519974
 20
3.112072582893854
 10
6.260767716716957
 20
3.090205630873169
 10
6.223182702034992
 20
3.071101025804109
 10
6.1947821563807555
 20
3.057484285643449
 10
6.155198044772549
 20
3.041054590096409
 10
6.124942439703768
 20
3.030487527495561
 10
6.084363193505493
 20
3.0173137366845406
 10
6.04215310182423
 20
3.0076594989193737
 10
6.011694794727103
 20
3.0014544596423143
 10
5.9701473455418155
 20
2.9952146777882582
 10
5.938726039023683
 20
2.992259532263462
 10
5.9045652256173335
 20
2.989514054009381
 10
5.869932889633512
 20
2.988827377343613
 10
5.84866688745584
 20
2.988615191617374
 10
5.826790918293321
 20
2.9885012753838787
 10
5.805815079706176
 20
2.9885
 10
5.785817267847883
 20
2.9885
 10
5.765819455989591
 20
2.9885
 10
5.745821644131299
 20
2.9885
 10
5.725823832273006
 20
2.9885
 10
5.7058260204147135
 20
2.9885
 10
5.685828208556421
 20
2.9885
 10
5.665830396698128
 20
2.9885
 10
5.6458325848398365
 20
2.9885
 10
5.62583477298154
 20
2.9885
 10
5.605836961123249
 20
2.9885
 10
5.5858391492649595
 20
2.9885
 10
5.565841337406663
 20
2.9885
 10
5.545843525548372
 20
2.9885
 10
5.5258457136900825
 20
2.9885
 10
5.505847901831787
 20
2.9885
 10
5.4858500899734945
 20
2.9885
 10
5.465852278115202
 20
2.9885
 10
5.445854466256909
 20
2.9885
 10
5.425856654398617
 20
2.9885
 10
5.405858842540325
 20
2.9885
 10
5.385861030682032
 20
2.9885
 10
5.36586321882374
 20
2.9885
 10
5.345865406965448
 20
2.9885
 10
5.325867595107155
 20
2.9885
 10
5.3058697832488635
 20
2.9885
 10
5.285871971390571
 20
2.9885
 10
5.265874159532278
 20
2.9885
 10
5.245876347673983
 20
2.9885
 10
5.225878535815694
 20
2.9885
 10
5.205880723957401
 20
2.9885
 10
5.185882912099105
 20
2.9885
 10
5.165885100240816
 20
2.9885
 10
5.145887288382524
 20
2.9885
 10
5.125889476524228
 20
2.9885
 10
5.10589166466594
 20
2.9885
 10
5.085893852807647
 20
2.9885
 10
5.065896040949351
 20
2.9885
 10
5.045898229091063
 20
2.9885
 10
5.025900417232767
 20
2.9885
 10
5.005902605374475
 20
2.9885
 10
4.985904793516182
 20
2.9885
 10
4.96590698165789
 20
2.9885
 10
4.945909169799597
 20
2.9885
 10
4.925911357941304
 20
2.9885
 10
4.9059135460830126
 20
2.9885
 10
4.88591573422472
 20
2.9885
 10
4.865917922366427
 20
2.9885
 10
4.8459201105081355
 20
2.9885
 10
4.825922298649843
 20
2.9885
 10
4.805924486791551
 20
2.9885
 10
4.7859266749332585
 20
2.9885
 10
4.765928863074966
 20
2.9885
 10
4.745220985096843
 20
2.9885006722591285
 10
4.723723514545574
 20
2.98858224401509
 10
4.7029364663165465
 20
2.9887477084614615
 10
4.676377466830664
 20
2.9890176085129405
 10
4.649657812409266
 20
2.9901098758992224
 10
4.625784513253561
 20
2.9911787023167746
 10
4.597942458996714
 20
2.9929624265522032
 10
4.573845859822712
 20
2.9950196006694414
 10
4.5459192272247995
 20
2.9975174596096155
 10
4.517863782191903
 20
3.0010704433530906
 10
4.493180461654072
 20
3.004334259474937
 10
4.463620580500759
 20
3.00896600013644
 10
4.438771434422928
 20
3.01353381324663
 10
4.408941542236601
 20
3.019208125181984
 10
4.37911610509687
 20
3.026313816118574
 10
4.354052621588364
 20
3.0324924717035944
 10
4.323467382488503
 20
3.040954760016575
 10
4.298426337177602
 20
3.048722752857043
 10
4.267951491534365
 20
3.0584429842307768
 10
4.237692242547649
 20
3.0698602018237127
 10
4.212789010045322
 20
3.079537206862238
 10
4.182023371355154
 20
3.09265208063794
 10
4.157495222456925
 20
3.104136687480743
 10
4.127390403858957
 20
3.118587800250216
 10
4.0978557017352335
 20
3.1349050896008115
 10
4.074489295557576
 20
3.148153664132047
 10
4.0456399800589375
 20
3.1657970486972307
 10
4.022871281853106
 20
3.180872349203179
 10
3.9954825049184786
 20
3.1993828367863464
 10
3.9688740325692353
 20
3.2196238177555263
 10
3.9477150882026613
 20
3.2360849082534755
 10
3.9218951990969386
 20
3.2575619495780406
 10
3.9016445217113396
 20
3.275652234135953
 10
3.877865111756333
 20
3.2972665620720405
 10
3.855022435863739
 20
3.3203351465334596
 10
3.836909565819521
 20
3.3389761718119177
 10
3.8153106563544594
 20
3.3625296573367334
 10
3.7981515909442907
 20
3.382458459577675
 10
3.778317435645901
 20
3.405820405111774
 10
3.759447908003183
 20
3.4302878457582087
 10
3.7445652571653842
 20
3.4498782183362113
 10
3.7274570041760176
 20
3.473476367018547
 10
3.7133908323754996
 20
3.493900044251462
 10
3.6971019753795926
 20
3.517801515508681
 10
3.681673243135739
 20
3.5425255183555415
 10
3.669814181945655
 20
3.5617486234653013
 10
3.656946629735632
 20
3.583196397121087
 10
3.645563139768074
 20
3.6027701250763133
 10
3.6329958791581083
 20
3.6244682447352004
 10
3.6208958715722317
 20
3.646584032905123
 10
3.611154077269301
 20
3.664478068000999
 10
3.601372213982202
 20
3.6825008224698723
 10
3.5917307360294313
 20
3.7003252036225285
 10
3.5820637569882994
 20
3.718197218586182
 10
3.572422957068619
 20
3.7360934344378074
 10
3.561884928124632
 20
3.755671657695746
 10
3.550434264624855
 20
3.777552169852759
 10
3.540270680612322
 20
3.797591488809313
 10
3.5307162811342314
 20
3.816450487224867
 10
3.5212602040225556
 20
3.835393361201791
 10
3.5122836694864983
 20
3.8533866998832895
 10
3.5032893883071
 20
3.871434773160083
 10
3.4943390008660478
 20
3.8894157975765222
 10
3.4847747435273035
 20
3.9086365654777206
 10
3.4753387681301913
 20
3.927965370735163
 10
3.4659985909061
 20
3.9471197851123896
 10
3.4561975320182015
 20
3.9675662428051983
 10
3.447088292847262
 20
3.9869332322867317
 10
3.438504608358848
 20
4.005188769962034
 10
3.429935767382966
 20
4.0234568185999295
 10
3.4214096385763026
 20
4.041635186619799
 10
3.412857558799614
 20
4.059888039085378
 10
3.404345689633293
 20
4.07807611496136
 10
3.394838356819039
 20
4.098410179738701
 10
3.385556580305637
 20
4.118918223076645
 10
3.3770682760427833
 20
4.137708860039213
 10
3.3684072413530335
 20
4.157033990628401
 10
3.360036007962667
 20
4.175878303558694
 10
3.3519178380013024
 20
4.194154183718022
 10
3.3437996680399387
 20
4.212430063877349
 10
3.3356159094319247
 20
4.230853685086258
 10
3.327374559172126
 20
4.249450091790537
 10
3.319216493093804
 20
4.2679065982221305
 10
3.3101508347044053
 20
4.288436234340332
 10
3.3013121357986885
 20
4.3091388813367795
 10
3.2933825460419817
 20
4.327749217624112
 10
3.2854246168270564
 20
4.346471159654206
 10
3.2775484872149825
 20
4.365050634128569
 10
3.2698190038609702
 20
4.38328441491674
 10
3.2620726432407574
 20
4.40150543421714
 10
3.254213738350798
 20
4.419989928754597
 10
3.2463208046874206
 20
4.438580077016101
 10
3.238474652057039
 20
4.457088911937052
 10
3.2297259169435626
 20
4.477747237674695
 10
3.2212039271773643
 20
4.49857956804692
 10
3.213679953199356
 20
4.517011388493102
 10
3.206237428138884
 20
4.535198424914127
 10
3.1987151317805638
 20
4.553528954703648
 10
3.191047879589478
 20
4.572212975656966
 10
3.183397753756698
 20
4.590911241751871
 10
3.1757980673181443
 20
4.6094882686498515
 10
3.1681791409689692
 20
4.628131293783254
 10
3.160592953705018
 20
4.646715425775291
 10
3.1524255725300976
 20
4.66673262490278
 10
3.1444068934147613
 20
4.686862821880045
 10
3.1369359151866907
 20
4.705641313764627
 10
3.129431045385285
 20
4.724552794881693
 10
3.1220048087048307
 20
4.74332006202299
 10
3.1148204649245668
 20
4.761476952887193
 10
3.1075958540562096
 20
4.779600729780658
 10
3.1001108245740485
 20
4.798374180292088
 10
3.09254735978391
 20
4.817411683136477
 10
3.0850941815141057
 20
4.83624691878216
 10
3.0773156756393347
 20
4.855909325818428
 10
3.0696409692894555
 20
4.875652137049172
 10
3.0623871727229632
 20
4.8943276524580295
 10
3.0551467628224422
 20
4.912968707782022
 10
3.0479063529219195
 20
4.931609763106018
 10
3.040665943021401
 20
4.950250818430006
 10
3.0334255331208793
 20
4.968891873754002
 10
3.026185123220359
 20
4.987532929077993
 10
3.0189447133198417
 20
5.006173984401977
 10
3.0117043034193194
 20
5.024815039725973
 10
3.0041250455626036
 20
5.044331734599087
 10
2.996630811120225
 20
5.063913019080481
 10
2.9894403511500722
 20
5.082712691734322
 10
2.9822291439315967
 20
5.101596871283113
 10
2.975065343906176
 20
5.120391734426791
 10
2.967942888555536
 20
5.139078176273693
 10
2.960820433204891
 20
5.157764618120609
 10
2.953756088801593
 20
5.17629869989181
 10
2.9467424531056565
 20
5.194651698978814
 10
2.939652072380807
 20
5.213149935944223
 10
2.932253238880325
 20
5.232454741706423
 10
2.924914134306315
 20
5.251808908812205
 10
2.9177378413141097
 20
5.270743159673662
 10
2.9105020863874795
 20
5.28990379445894
 10
2.9033720825816003
 20
5.308862871317109
 10
2.896452377141009
 20
5.327263432839884
 10
2.889503217539745
 20
5.34564048574364
 10
2.8824330890607976
 20
5.364334384265313
 10
2.875358856309499
 20
5.3830391352687466
 10
2.8682846235582034
 20
5.401743886272173
 10
2.861091064408811
 20
5.420764574250815
 10
2.853926904212078
 20
5.4398102780794115
 10
2.8468830868223614
 20
5.458540428222358
 10
2.839843857048245
 20
5.477258380121712
 10
2.8328046272741245
 20
5.495976332021078
 10
2.825765397500004
 20
5.514694283920443
 10
2.818726167725884
 20
5.533412235819808
 10
2.8116869379517664
 20
5.552130187719166
 10
2.8046477081776477
 20
5.570848139618528
 10
2.7976084784035273
 20
5.589566091517893
 10
2.790733222288611
 20
5.607848841822667
 10
2.7838186550951547
 20
5.626096980044845
 10
2.7767158759065413
 20
5.644837094091581
 10
2.76958752024106
 20
5.663663364962979
 10
2.7624881171122357
 20
5.682434649078462
 10
2.7552946190923366
 20
5.701455174985712
 10
2.7481304414579943
 20
5.720500872238168
 10
2.7411652775457473
 20
5.739022064734587
 10
2.734274528310741
 20
5.757279194938773
 10
2.7272791537347914
 20
5.775735663137972
 10
2.7202660749765295
 20
5.794239262474453
 10
2.7132349167302716
 20
5.8127277905496175
 10
2.706150340330997
 20
5.8313546682928905
 10
2.6990825075275473
 20
5.849919195290198
 10
2.691985653858361
 20
5.8685384493275174
 10
2.684863198507718
 20
5.88722489117443
 10
2.67774074315708
 20
5.905911333021329
 10
2.670676042562868
 20
5.9244463480775185
 10
2.663662505515659
 20
5.942799384870802
 10
2.6565724818534493
 20
5.961296688884311
 10
2.6495822667706364
 20
5.979534540285044
 10
2.6425528714776947
 20
5.997737422848367
 10
2.635389765411927
 20
6.016281943818002
 10
2.628251603533703
 20
6.034732764929166
 10
2.6210661972565505
 20
6.053271858337422
 10
2.6137650280055986
 20
6.072109837674713
 10
2.606481255009305
 20
6.090963940047149
 10
2.5994697668257025
 20
6.109117008738392
 10
2.5926402718440906
 20
6.12664604441181
 10
2.585550291880116
 20
6.144660081785814
 10
2.5784731662852756
 20
6.162644580903465
 10
2.5713403490006024
 20
6.180578724576245
 10
2.5639811277739093
 20
6.19907623875406
 10
2.5566336073269715
 20
6.217526059819024
 10
2.549255076583288
 20
6.236032192368945
 10
2.5419233261964704
 20
6.254421160594822
 10
2.534574718156725
 20
6.2727948034991075
 10
2.5274001026565878
 20
6.290732954062902
 10
2.520455951615281
 20
6.307915648657671
 10
2.5131842493418404
 20
6.325688696830663
 10
2.5058656866539515
 20
6.343580085469473
 10
2.4984926315521827
 20
6.361420061843614
 10
2.490923661462907
 20
6.379728337908086
 10
2.4834002098083676
 20
6.397882613680929
 10
2.4757973107783413
 20
6.416176968606821
 10
2.468559578816772
 20
6.433597227606841
 10
2.461232049073786
 20
6.450928146487342
 10
2.453696784746718
 20
6.468743536266449
 10
2.446368375330664
 20
6.485914106209852
 10
2.438732719546082
 20
6.503613190347799
 10
2.4311300313947917
 20
6.521239766452869
 10
2.4234649192130284
 20
6.538799943812692
 10
2.4157843138319244
 20
6.556390488470665
 10
2.40838395680387
 20
6.573150691854242
 10
2.4005876438197737
 20
6.590575047792624
 10
2.393352149449248
 20
6.606765247077085
 10
2.3859490317958914
 20
6.622775062110468
 10
2.3775933519920507
 20
6.640839217543117
 10
2.3691978970650336
 20
6.658989391528192
 10
2.3608024421380205
 20
6.677139565513261
 10
2.3541104527559424
 20
6.691658112274998
 10
2.3471499189957634
 20
6.705849694988538
 10
2.3387677341301454
 20
6.722958653196148
 10
2.3306398466275846
 20
6.739377530331919
 10
2.322087667827143
 20
6.756441239132341
 10
2.3138502077970196
 20
6.772887044940899
 10
2.3054993756844024
 20
6.7891938876107165
 10
2.2977501489452012
 20
6.804343201591946
 10
2.291356673000917
 20
6.8163686912866375
 10
2.2833083714688285
 20
6.8308094312329946
 10
2.2744576220138506
 20
6.846734885933923
 10
2.2654894286849006
 20
6.8625002786231235
 10
2.256902535989571
 20
6.877605559338771
 10
2.2495842275888966
 20
6.890075173168696
 10
2.240731814801932
 20
6.904590546039302
 10
2.2313271692282513
 20
6.920045187018983
 10
2.221800823899433
 20
6.935328961393505
 10
2.2122903466715997
 20
6.950591017026501
 10
2.2038260124001305
 20
6.963863257465788
 10
2.194129369426693
 20
6.97864284155345
 10
2.1840406163950243
 20
6.99403986087355
 10
2.1738575403466993
 20
7.009284928970312
 10
2.1640771101922374
 20
7.023933183207665
 10
2.15564988593619
 20
7.036219205627071
 10
2.145693385723985
 20
7.050257521484401
 10
2.1352926600005415
 20
7.064950093841414
 10
2.1247853054578494
 20
7.079445039249852
 10
2.114418363836972
 20
7.093750683413054
 10
2.105401329822924
 20
7.105881818716099
 10
2.094845868092311
 20
7.119651038163539
 10
2.08536535557701
 20
7.132073737418307
 10
2.0756813856369143
 20
7.14408683682429
 10
2.0646184411735264
 20
7.157837211062458
 10
2.054924123310441
 20
7.169603250282229
 10
2.0436651244637165
 20
7.182870078069472
 10
2.0343859394462207
 20
7.193880137710791
 10
2.0248948432357277
 20
7.204358254237585
 10
2.014194452066092
 20
7.216236382198635
 10
2.0061421042635104
 20
7.224814783709899
 10
1.9952249938055506
 20
7.235849369497967
 10
1.9862146850557785
 20
7.245083667848792
 10
1.9770083197420933
 20
7.253648121385358
 10
1.965760665002388
 20
7.264219597502649
 10
1.957814629015629
 20
7.27134881529632
 10
1.946412129025772
 20
7.28097041984722
 10
1.939426755417574
 20
7.28709295836778
 10
1.9323049339833078
 20
7.292271684916501
 10
1.921239425046257
 20
7.300623700925842
 10
1.9150328658748808
 20
7.3050141639059465
 10
1.903878938216585
 20
7.312209553469751
 10
1.9002236728667787
 20
7.3149701041130095
 10
1.896681318966991
 20
7.316522859178986
 10
1.886506561098081
 20
7.322056915955292
 10
1.8838054267012079
 20
7.323401014704844
 10
1.8738536243810253
 20
7.327496132651441
 10
1.8745853004712532
 20
7.327798211104967
 10
1.8758617608626185
 20
7.326827965316444
 10
1.8669600773510238
 20
7.329579157430534
 10
1.868214945917735
 20
7.3293297873417025
 10
1.85977776661239
 20
7.330626669795919
 10
1.8616728110598983
 20
7.33093985570958
 10
1.8643167160648038
 20
7.330154753823511
 10
1.8540625368177868
 20
7.3307929798736415
 10
1.8532477791170985
 20
7.330832748230097
 10
1.8435368939761774
 20
7.330205460605564
 10
1.8410022421231993
 20
7.330486626235159
 10
1.839202564802139
 20
7.3298154484079125
 10
1.8254932481475954
 20
7.327829975627172
 10
1.8174159071616598
 20
7.326404658970049
 10
1.80399817799382
 20
7.323497417177751
 10
1.7909710798810181
 20
7.320787879539911
 10
1.778293817106408
 20
7.317553418537844
 10
1.7669378230712875
 20
7.314786740585961
 10
1.764399118776415
 20
7.314057829975014
 10
1.7542803702708665
 20
7.310371131598788
 10
1.7598757897172403
 20
7.313318892972934
 10
1.7665887314670163
 20
7.315768722947313
 10
1.7582869033956017
 20
7.311557058005773
 10
1.759058598223267
 20
7.312051261924898
 10
1.7516754882615717
 20
7.306863894506306
 10
1.7508223598485286
 20
7.306887133464419
 10
1.7510031706984912
 20
7.306390183621926
 10
1.741945570481418
 20
7.2988584855762335
 10
1.7391569393341066
 20
7.296327208608093
 10
1.7310972680395627
 20
7.2881086685430505
 10
1.726155053229412
 20
7.28348320739755
 10
1.7221173390654425
 20
7.278461008379447
 10
1.7133971861513968
 20
7.268432947566401
 10
1.7092047464433011
 20
7.26323802454034
 10
1.701435963485076
 20
7.2527123299425975
 10
1.6972060372418556
 20
7.247430245361884
 10
1.693908199792143
 20
7.241853592111248
 10
1.6864349778207965
 20
7.2302437061830345
 10
1.6824922191089717
 20
7.223637679174757
 10
1.675976605168566
 20
7.211683320222089
 10
1.6715813627943028
 20
7.204041292492485
 10
1.668046150763009
 20
7.1962083947332465
 10
1.661961755990261
 20
7.183456484278603
 10
1.6586661181774713
 20
7.1759349076259875
 10
1.6535737677251152
 20
7.163027780255967
 10
1.65011772590818
 20
7.15480144747939
 10
1.6475283937162828
 20
7.146476386957395
 10
1.6429270340336606
 20
7.1326717001912
 10
1.6403169403889302
 20
7.123986721015361
 10
1.6366620615811407
 20
7.110135872724405
 10
1.6342595011455596
 20
7.101803420764602
 10
1.6327451764035177
 20
7.093495952443487
 10
1.6298105070956321
 20
7.079147377570835
 10
1.6282093994445512
 20
7.069965700817991
 10
1.626197075825679
 20
7.055647946014021
 10
1.624769071234151
 20
7.046845691696205
 10
1.6242088660069374
 20
7.038173451621957
 10
1.6229557893528141
 20
7.023340255347028
 10
1.6223993621980646
 20
7.013520442685761
 10
1.6220239670450907
 20
6.998792708778645
 10
1.6216111084586626
 20
6.989099541579434
 10
1.622007968783365
 20
6.979616227970741
 10
1.6223782810308025
 20
6.965100086925914
 10
1.6228836803316102
 20
6.9560172199462915
 10
1.6241624720892915
 20
6.941696646366851
 10
1.6248450470298221
 20
6.932116525334721
 10
1.6263191915860722
 20
6.922794790657121
 10
1.6284226304730014
 20
6.907913615350668
 10
1.6301009301245049
 20
6.897997112901721
 10
1.6330230581290148
 20
6.883416350747635
 10
1.6347232854963816
 20
6.874070482776537
 10
1.6371911074780487
 20
6.865054217841301
 10
1.6408303484701467
 20
6.850793513990854
 10
1.6433993489162937
 20
6.841825751740586
 10
1.6478399382422764
 20
6.82805362481632
 10
1.6503208635553683
 20
6.819723800391034
 10
1.6535450323106602
 20
6.811868844300437
 10
1.6588917724482142
 20
6.798013227940165
 10
1.6626521869253859
 20
6.789028237211034
 10
1.6687485362845758
 20
6.7756537957647645
 10
1.674637293980343
 20
6.762544713183656
 10
1.6809554049265363
 20
6.749731333800756
 10
1.6883836498497917
 20
6.734543593017978
 10
1.6946497632780848
 20
6.722254229795382
 10
1.7025506610100223
 20
6.707422778260519
 10
1.7094219864197668
 20
6.694419336740738
 10
1.716673565220764
 20
6.681737610659669
 10
1.725912204413714
 20
6.665500563702178
 10
1.7346586711973926
 20
6.650361363627994
 10
1.7441284725458628
 20
6.634233432751394
 10
1.7517236450928626
 20
6.621230367062021
 10
1.7596754023694665
 20
6.608528037697722
 10
1.7698227078505917
 20
6.592252669599023
 10
1.7796453530105412
 20
6.5766377850206394
 10
1.7899355561225854
 20
6.560436164707779
 10
1.7992257764446749
 20
6.545790019280746
 10
1.808710121327763
 20
6.5313297538329405
 10
1.819149635669745
 20
6.515401804118043
 10
1.8291585162786552
 20
6.500291629479734
 10
1.8397491675239388
 20
6.484484100659364
 10
1.8499649301451075
 20
6.4692275325231625
 10
1.860304452174149
 20
6.4540866402184625
 10
1.8711973325064974
 20
6.438132584600082
 10
1.8817652781455352
 20
6.422770482424598
 10
1.8927633094126823
 20
6.406911304702529
 10
1.9038662725868316
 20
6.3908990479246315
 10
1.9150082807375237
 20
6.3749251775668165
 10
1.9262149937515274
 20
6.3588592368909
 10
1.9372151392914816
 20
6.343161254340876
 10
1.9484818519725682
 20
6.3271613839145235
 10
1.9596999433139684
 20
6.3112295273947625
 10
1.9709564449886843
 20
6.295336834933543
 10
1.9823643638827588
 20
6.279231391908024
 10
1.993642415465135
 20
6.263354617814449
 10
2.00508952757879
 20
6.247289357373069
 10
2.0165200754998205
 20
6.23124696822408
 10
2.0279732444356227
 20
6.21522748688634
 10
2.0396862854695783
 20
6.19884528069994
 10
2.051481931842372
 20
6.182320304560809
 10
2.06317860445098
 20
6.165904687417961
 10
2.074783162279752
 20
6.14961829074103
 10
2.086387720108521
 20
6.133331894064102
 10
2.098138502576982
 20
6.116840132635577
 10
2.1100240663628638
 20
6.100111788607266
 10
2.1217398275493267
 20
6.083572059776807
 10
2.1335951610015678
 20
6.066834511309841
 10
2.145410699852992
 20
6.0500572212639865
 10
2.1569297322560814
 20
6.0336985955952285
 10
2.1684432919498247
 20
6.017347741724601
 10
2.179956851643563
 20
6.000996887853978
 10
2.192230149050618
 20
5.98356304802398
 10
2.2044001300870564
 20
5.966022414058646
 10
2.2158957026768107
 20
5.949444539348864
 10
2.2274537446695297
 20
5.932748596905098
 10
2.238913673531608
 20
5.916164042335595
 10
2.251610096392601
 20
5.89777707675166
 10
2.264114498232935
 20
5.879200824542824
 10
2.2752987301682888
 20
5.862564786189519
 10
2.2864560365179685
 20
5.845968792873688
 10
2.2976133428676486
 20
5.829372799557855
 10
2.310069530310206
 20
5.810831705377404
 10
2.3223336016006577
 20
5.79210197890761
 10
2.3334697004640987
 20
5.775072478246823
 10
2.344730884967944
 20
5.757791853234717
 10
2.355799263810676
 20
5.740741932934647
 10
2.3679527217788072
 20
5.722006906560144
 10
2.3799133875265306
 20
5.703083772595632
 10
2.3910399508989766
 20
5.6854547268903675
 10
2.4025272602933367
 20
5.667083414977709
 10
2.413511803000045
 20
5.649334668459777
 10
2.4251539794625474
 20
5.630509701419002
 10
2.436617778796412
 20
5.611515756204415
 10
2.4475529371228153
 20
5.593371938979102
 10
2.4589875694767445
 20
5.574139783972664
 10
2.4697230757924746
 20
5.555812870313054
 10
2.48096715062899
 20
5.536599984232187
 10
2.492020071722081
 20
5.51720732820172
 10
2.5026952585856788
 20
5.498443818536917
 10
2.51400717672628
 20
5.478183789788426
 10
2.524407736955245
 20
5.459167249421082
 10
2.535169182680872
 20
5.439466074782741
 10
2.5457155524369415
 20
5.41957828130338
 10
2.555990075878907
 20
5.400160481781081
 10
2.567011303176001
 20
5.378817730592015
 10
2.5769413155479515
 20
5.359059658611053
 10
2.587157781735028
 20
5.338694886522945
 10
2.597115734916237
 20
5.318134659616779
 10
2.6068101203968395
 20
5.298063608619579
 10
2.6172953572588744
 20
5.275692651411981
 10
2.626573217455676
 20
5.255220155314032
 10
2.6361578667076477
 20
5.234015559826788
 10
2.6454289666202055
 20
5.212584697357015
 10
2.654450314810388
 20
5.19164667359967
 10
2.6642873310214776
 20
5.167895653418082
 10
2.672756772434226
 20
5.14652431172885
 10
2.6818350913085878
 20
5.123500000965561
 10
2.6904242528870324
 20
5.100162814212577
 10
2.698158387483421
 20
5.079006367537692
 10
2.7064759783702317
 20
5.055334314381903
 10
2.713698735071857
 20
5.0338325401415425
 10
2.7222731655233465
 20
5.008055615595234
 10
2.7300435404646
 20
4.981817479813252
 10
2.736351046469198
 20
4.960211609516548
 10
2.7430228175864624
 20
4.936288551337233
 10
2.7487904742765368
 20
4.914512945675393
 10
2.75600411057436
 20
4.886851669201211
 10
2.762183998460155
 20
4.858706969159935
 10
2.766877221042634
 20
4.836820748864531
 10
2.7717545946896274
 20
4.812753430112257
 10
2.775930967565758
 20
4.790745350246675
 10
2.781262523957137
 20
4.761983395577957
 10
2.7854283993388487
 20
4.732781334402236
 10
2.7883296522084517
 20
4.711650987480454
 10
2.791233559548238
 20
4.689562799800985
 10
2.793864235101719
 20
4.668532774798204
 10
2.7972643926628673
 20
4.640622970784128
 10
2.799644502348129
 20
4.612407660987925
 10
2.8013269768317697
 20
4.591406806420982
 10
2.802970682580847
 20
4.569629256016433
 10
2.8044420368319645
 20
4.548711925654492
 10
2.806287672579046
 20
4.521422604561968
 10
2.807211423247474
 20
4.49390821046866
 10
2.8078371529091415
 20
4.473029438765563
 10
2.8084000289658144
 20
4.451540173127503
 10
2.8088580123738063
 20
4.4307603021863775
 10
2.8093783409121755
 20
4.405289769294194
 10
2.809233318753103
 20
4.379668424421262
 10
2.809064046475002
 20
4.358637252627056
 10
2.808785249018076
 20
4.336766789613481
 10
2.808408887108855
 20
4.315785668267101
 10
2.807944298326802
 20
4.2914027259745335
 10
2.8069553284932427
 20
4.266913604500514
 10
2.806079105770449
 20
4.246108140915928
 10
2.8050952495236094
 20
4.22465195390035
 10
2.8040586183604397
 20
4.203903219271001
 10
2.802837642784415
 20
4.179915423241134
 10
2.8011373150215095
 20
4.155841309130638
 10
2.799663607386309
 20
4.13541630523995
 10
2.7981284173911423
 20
4.1146994398263175
 10
2.7965758607903126
 20
4.094349817470984
 10
2.7947911176296665
 20
4.071147974331658
 10
2.7926215945185144
 20
4.047887268970287
 10
2.790665563649018
 20
4.027168930003133
 10
2.7885602321412857
 20
4.0057446645063015
 10
2.786437198832237
 20
3.985046958855968
 10
2.78416730059163
 20
3.962988490058521
 10
2.7816471701269916
 20
3.940896857936199
 10
2.779278650714576
 20
3.9202511116800323
 10
2.7767426487103575
 20
3.8988695464470453
 10
2.7742035775511775
 20
3.8782168101214993
 10
2.771628459749772
 20
3.8572910259700652
 10
2.7689314207218594
 20
3.8363498437822785
 10
2.766252066976253
 20
3.8155932902069662
 10
2.7633441541404444
 20
3.7938811670272035
 10
2.760445456708669
 20
3.773076351473122
 10
2.757584155217504
 20
3.7525546632232496
 10
2.7546423032585947
 20
3.7320238312946747
 10
2.751671026113486
 20
3.711316218268144
 10
2.748456058461476
 20
3.6896458400225773
 10
2.7452632483438966
 20
3.668883657116719
 10
2.742230853572718
 20
3.6491731179925244
 10
2.7392045242186436
 20
3.629463219809816
 10
2.7360556030156142
 20
3.6089587227961193
 10
2.7326928649371904
 20
3.587626275823701
 10
2.7293545482016834
 20
3.567047890493012
 10
2.7261606950321355
 20
3.547365798596743
 10
2.7229732465755117
 20
3.527684437928056
 10
2.719660627654186
 20
3.5072333586172064
 10
2.7161355575582276
 20
3.4859857861802386
 10
2.7126399852829493
 20
3.4654647842619157
 10
2.7092810581913973
 20
3.445751081212688
 10
2.705922131099844
 20
3.4260373781634534
 10
2.702558255133539
 20
3.406294636820703
 10
2.699185622685862
 20
3.386519262224068
 10
2.695814401520407
 20
3.366773529288946
 10
2.692398659345097
 20
3.3467677405049225
 10
2.688949903246687
 20
3.326758594016942
 10
2.685550625980727
 20
3.3070427852538904
 10
2.682152859430983
 20
3.2873357392653766
 10
2.6787550928812403
 20
3.267628693276871
 10
2.675357326331499
 20
3.2479216472883707
 10
2.6719595597817563
 20
3.2282146012998614
 10
2.668591010578413
 20
3.2086772485926787
 10
2.665273773994642
 20
3.1893312579113893
 10
2.661948034124984
 20
3.169812023299096
 10
2.658708359877959
 20
3.1508022674600453
 10
2.655546657798418
 20
3.13180545203767
 10
2.6522980182214995
 20
3.1122742336214775
 10
2.649095437964646
 20
3.0929096792833337
 10
2.6458853582535284
 20
3.0733714654447177
 10
2.6427679844822785
 20
3.054402755237469
 10
2.6397346609883137
 20
3.035446540875145
 10
2.6366893004305063
 20
3.0164074249189685
 10
2.633832671439705
 20
2.998113666281258
 10
2.6309505649003335
 20
2.979124629138445
 10
2.628063855362964
 20
2.960116120917459
 10
2.625260716910455
 20
2.9411212640738946
 10
2.622496782525103
 20
2.9223893427150176
 10
2.620001131424621
 20
2.9047961688792547
 10
2.617480427898807
 20
2.886158962232949
 10
2.6149002788521023
 20
2.8671025225327864
 10
2.6124030483235186
 20
2.8480609104157426
 10
2.610032016806628
 20
2.829999752235905
 10
2.6080726962473335
 20
2.813888657491773
 10
2.6060996155899474
 20
2.796010170575899
 10
2.604055749175995
 20
2.7775662203744202
 10
2.602164424477448
 20
2.759157407600369
 10
2.6003561054169992
 20
2.741604263402273
 10
2.598999406937015
 20
2.7265918017596107
 10
2.597689107534809
 20
2.7092648382428215
 10
2.596427397746699
 20
2.6929254066397847
 10
2.5955225963352184
 20
2.6766939066534294
 10
2.594494704564834
 20
2.6584342630288615
 10
2.593702776518942
 20
2.641844659275688
 10
2.5930165168860437
 20
2.6236701199023256
 10
2.5924806393387083
 20
2.6119916228780378
 10
2.592644537858311
 20
2.6006163823226944
 10
2.592764003632749
 20
2.5840644209610923
 10
2.5930864277815964
 20
2.570835438436258
 10
2.5938249597892615
 20
2.5544827501458323
 10
2.594316057960115
 20
2.541749929394802
 10
2.595417835240372
 20
2.529315555737335
 10
2.596715840684489
 20
2.5136673508617235
 10
2.597904782819909
 20
2.5023947435744294
 10
2.599931429181156
 20
2.4871486824040514
 10
2.601614486531527
 20
2.4738584321533437
 10
2.603839384757686
 20
2.4608914901414223
 10
2.6066674298655643
 20
2.444036866364669
 10
2.609231237270679
 20
2.430012078387258
 10
2.612563490638615
 20
2.4134148644042193
 10
2.615133729320621
 20
2.400267357390996
 10
2.6182249557810495
 20
2.3874701702641787
 10
2.6219898111940134
 20
2.3715959744023496
 10
2.6251124467544735
 20
2.359458542773542
 10
2.6294541556524904
 20
2.344068420773174
 10
2.632408856899511
 20
2.3331671005497547
 10
2.6359572534208633
 20
2.322781933591246
 10
2.6407576186149977
 20
2.3082988510571765
 10
2.6443059066697834
 20
2.298411649932416
 10
2.649771070136329
 20
2.2845123732578196
 10
2.653145661671486
 20
2.275478826407876
 10
2.6571152698672713
 20
2.2671121466867747
 10
2.6629311122353507
 20
2.254319305888973
 10
2.666500003521575
 20
2.247075264182594
 10
2.673011600501212
 20
2.235072050409705
 10
2.6758076838548477
 20
2.2293457684279225
 10
2.679154453623778
 20
2.224537885955395
 10
2.6862909309486978
 20
2.2132757710026305
 10
2.690101548416931
 20
2.2076940947016674
 10
2.697868867972318
 20
2.1973536925753603
 10
2.7019109776170644
 20
2.1915411409829755
 10
2.706395709412903
 20
2.1866446961753883
 10
2.7147391472262963
 20
2.1768535051964077
 10
2.7185573082099426
 20
2.1726963687849317
 10
2.727368547258575
 20
2.1640197053899195
 10
2.7322813717113883
 20
2.158810206433838
 10
2.7374999791758645
 20
2.1545657265529403
 10
2.748206351215932
 20
2.1452532247335854
 10
2.7547826714597936
 20
2.1398715929587504
 10
2.7658535946294327
 20
2.1314845935962556
 10
2.773624592036387
 20
2.1253818414497485
 10
2.7816143479409132
 20
2.1201049121020294
 10
2.7948324132477134
 20
2.1111112498496767
 10
2.8049613758176895
 20
2.104518668510461
 10
2.818407036476742
 20
2.0962258434977814
 10
2.8299740968155596
 20
2.0890044113512314
 10
2.841658888562071
 20
2.082372952871051
 10
2.8570621568545294
 20
2.0735646705004127
 10
2.870712544153647
 20
2.06595980064925
 10
2.8862677271211017
 20
2.057553996886514
 10
2.902428137346078
 20
2.048808691748623
 10
2.9186201106540035
 20
2.0402345856085184
 10
2.9334697522661703
 20
2.0323581809456974
 10
2.945312924322901
 20
2.0263352873209124
 10
2.9601035654466035
 20
2.019188938925891
 10
2.9698648667433107
 20
2.014337481177106
 10
2.979651049041095
 20
2.0102897913896247
 10
2.993921136070431
 20
2.0042153541442
 10
3.004207187026324
 20
2.000115872670513
 10
3.018535174885498
 20
1.994862601719212
 10
3.0289584645213687
 20
1.9909064528467766
 10
3.0393490375728476
 20
1.987731164993058
 10
3.0544891506242364
 20
1.9829496487136882
 10
3.065815396611927
 20
1.9796352709557374
 10
3.080937739671325
 20
1.9756225253512254
 10
3.092659294467207
 20
1.9724070122547968
 10
3.1042924314577385
 20
1.9698999195058668
 10
3.12056823098534
 20
1.9662850998633516
 10
3.1337446818055072
 20
1.9635910932905338
 10
3.1499969022746286
 20
1.9606014477426932
 10
3.1631980225809957
 20
1.9581013827915275
 10
3.1762759683951227
 20
1.9562110228361933
 10
3.192828326930545
 20
1.9537526156682739
 10
3.2062369937048874
 20
1.9519896623009247
 10
3.2227050726552853
 20
1.9501498652901703
 10
3.2363944016307644
 20
1.948555557038939
 10
3.249940290184361
 20
1.947534169726663
 10
3.266721420302331
 20
1.946210892709475
 10
3.280326031618547
 20
1.9453603707760796
 10
3.2969130832992777
 20
1.9446444641392098
 10
3.3110723227866288
 20
1.94397495539912
 10
3.3250581237671164
 20
1.943838254321009
 10
3.342057490743856
 20
1.9436237882696374
 10
3.356052990910634
 20
1.9436624809264371
 10
3.372857135518807
 20
1.9440121352118758
 10
3.38703764127263
 20
1.9442506421931034
 10
3.4010036093072986
 20
1.9450088260809262
 10
3.4179636725662284
 20
1.9458819520855268
 10
3.4319121394214984
 20
1.946816239452518
 10
3.448654343504335
 20
1.9482418920357656
 10
3.4631405089046914
 20
1.9494236725266871
 10
3.477407103024589
 20
1.9510867414013786
 10
3.4942959314438373
 20
1.9530129895268487
 10
3.508131659856485
 20
1.954808531080515
 10
3.524733920239684
 20
1.957270867105533
 10
3.5386935679953844
 20
1.9592827396326382
 10
3.552362632902341
 20
1.9617868307109523
 10
3.5690413945145134
 20
1.964793026664783
 10
3.5826722411045666
 20
1.9674694084254807
 10
3.5990342180314165
 20
1.970997208388818
 10
3.6123347270675543
 20
1.9737971808438237
 10
3.6252785680386634
 20
1.9770991142732384
 10
3.6413040371665972
 20
1.981124218692785
 10
3.6539316370202557
 20
1.9845363402602128
 10
3.669600053679094
 20
1.9891250156564024
 10
3.6801190894864386
 20
1.9920787313063657
 10
3.6901327360830303
 20
1.9956491328997386
 10
3.7019810901119463
 20
1.9996844384848016
 10
3.7061979906486844
 20
2.0013064368047044
 10
3.7168950672584646
 20
2.0061342087559546
 10
3.723113395341952
 20
2.0086247103142414
 10
3.7285113621930623
 20
2.0117511292110803
 10
3.7409108677622736
 20
2.018313000714326
 10
3.7480399123109973
 20
2.0223717171153353
 10
3.7597002539750184
 20
2.029621507911953
 10
3.7688659759368686
 20
2.035136368937138
 10
3.7773888456474523
 20
2.041132819894303
 10
3.790828717607678
 20
2.0503784891564445
 10
3.8011728746753404
 20
2.0577846506416604
 10
3.8140823373622936
 20
2.0674674214288897
 10
3.825648447540648
 20
2.0760684423309135
 10
3.8367415193042724
 20
2.084947787958005
 10
3.85043476871661
 20
2.095858441639682
 10
3.8621550933549167
 20
2.1054382386730643
 10
3.87548673413006
 20
2.1166580972725573
 10
3.888450881241982
 20
2.127541026835683
 10
3.9011423966317604
 20
2.1385876483353563
 10
3.9153049101653137
 20
2.150907187541266
 10
3.9285123301792906
 20
2.1625374677738103
 10
3.942479118316274
 20
2.1750093733989906
 10
3.956050651388367
 20
2.1871196672824937
 10
3.969456094098414
 20
2.1993278218192915
 10
3.9841107664018343
 20
2.212675436765932
 10
3.9987001416716916
 20
2.2259803747467526
 10
4.013366941870725
 20
2.2393752901305204
 10
4.02831384750014
 20
2.253025879253022
 10
4.04328450118945
 20
2.2666626201289817
 10
4.0582660521426295
 20
2.2803078585754966
 10
4.073480270904056
 20
2.294126809032134
 10
4.088524881742049
 20
2.307748439920725
 10
4.104853352623553
 20
2.3225249566843207
 10
4.121381627179442
 20
2.337175473537165
 10
4.137336262624434
 20
2.351297893552141
 10
4.154414920233429
 20
2.3662162635958413
 10
4.170661865380675
 20
2.3801948298952404
 10
4.187971918230301
 20
2.395070172653777
 10
4.205570116993219
 20
2.4097656835758867
 10
4.222249630854147
 20
2.423660812215367
 10
4.2403960650658705
 20
2.4385196454356053
 10
4.257431478484785
 20
2.452197502514382
 10
4.276883222673298
 20
2.4677674238192298
 10
4.296841838737484
 20
2.4829828033081154
 10
4.315207700708932
 20
2.4969050047143653
 10
4.336278401430003
 20
2.512387115767533
 10
4.355268618628189
 20
2.5258561414195326
 10
4.376949703205657
 20
2.541143875848316
 10
4.399279933614292
 20
2.5558886397743508
 10
4.419169878879057
 20
2.5689066166816565
 10
4.442527206509552
 20
2.5835878865482447
 10
4.463145027291719
 20
2.595964846100276
 10
4.487439734128516
 20
2.6104127498157386
 10
4.512517325721077
 20
2.624074328408585
 10
4.534251265935292
 20
2.635752052328754
 10
4.560443491750671
 20
2.6490709999741386
 10
4.583009218996452
 20
2.659841708528191
 10
4.6099047181104345
 20
2.672495249589157
 10
4.637659966975663
 20
2.6841091500031604
 10
4.661521443135116
 20
2.6938801108945336
 10
4.691116930811276
 20
2.705048800284026
 10
4.7159164860779255
 20
2.7135445206952675
 10
4.746429093683448
 20
2.7237218706152877
 10
4.777830403417481
 20
2.7323864556106274
 10
4.802109642380977
 20
2.7388405305699806
 10
4.831358907538935
 20
2.7458603937162924
 10
4.856177430952049
 20
2.7511166574479873
 10
4.880333109813493
 20
2.7561644418973064
 10
4.9047701685738785
 20
2.760697184245783
 10
4.926913620483412
 20
2.7647487065827643
 10
4.951553741056656
 20
2.76894633344904
 10
4.973941743616403
 20
2.7724455238847283
 10
4.998419404934262
 20
2.7762301542819268
 10
5.02313708102533
 20
2.779471675815956
 10
5.0455824053870995
 20
2.782359669012101
 10
5.070709434418605
 20
2.7852631442084936
 10
5.093418302998936
 20
2.7875538554012933
 10
5.118336073175093
 20
2.790021574188605
 10
5.143495249980982
 20
2.7918998414219414
 10
5.16626698898207
 20
2.7935367013216688
 10
5.191880028065549
 20
2.7950228183533032
 10
5.214874035037229
 20
2.7960007137393212
 10
5.2395488356219975
 20
2.7970076061795135
 10
5.264412894698842
 20
2.7974577633456783
 10
5.286842110662678
 20
2.7978098524356945
 10
5.31171290943739
 20
2.7979055144494804
 10
5.334322930087745
 20
2.797688520230396
 10
5.359026363782468
 20
2.797411940207263
 10
5.383895204956827
 20
2.796568074233382
 10
5.406145045734728
 20
2.7957596984104676
 10
5.4305901710089755
 20
2.794603370062281
 10
5.45293564567006
 20
2.7932702548508423
 10
5.476895465197008
 20
2.791811225130742
 10
5.500980452121651
 20
2.7898703260754023
 10
5.522637353140709
 20
2.788084049112463
 10
5.5459363987398405
 20
2.7859677027105345
 10
5.5676492619709155
 20
2.78378776943097
 10
5.590410396634422
 20
2.781486806842097
 10
5.613238771300684
 20
2.778846613656458
 10
5.6345940980447
 20
2.7763518287522637
 10
5.657436615577316
 20
2.773512251444905
 10
5.678867793365987
 20
2.7706640600451977
 10
5.700507789996676
 20
2.767780022428103
 10
5.72219336620443
 20
2.7646828599641604
 10
5.743296848971524
 20
2.7616538065710445
 10
5.7657517591099285
 20
2.758279579833125
 10
5.786948397244222
 20
2.754928839029874
 10
5.808053675856043
 20
2.7515871320706813
 10
5.8291845265472295
 20
2.7480879571926877
 10
5.849690740478851
 20
2.7446833576901293
 10
5.8709869583729635
 20
2.7410618152386697
 10
5.891538973585459
 20
2.737470404071937
 10
5.912288981720723
 20
2.733841828913273
 10
5.933059037494782
 20
2.730090893189192
 10
5.953480632172171
 20
2.7263960541208947
 10
5.974663101396297
 20
2.7224806431672812
 10
5.99512670690814
 20
2.7186055782184737
 10
6.015472668745727
 20
2.7147511782974405
 10
6.035830369949292
 20
2.7108160084852275
 10
6.055824604556484
 20
2.7069473136951943
 10
6.076173290685614
 20
2.7029717855264717
 10
6.096179554075278
 20
2.6990196401330486
 10
6.116213405488478
 20
2.695061588904262
 10
6.136255562146868
 20
2.691055350671735
 10
6.156048631875522
 20
2.687096697984179
 10
6.176015113122086
 20
2.683084589737451
 10
6.195811023096353
 20
2.679085061300731
 10
6.216105155842895
 20
2.6749841391429943
 10
6.2364115594349085
 20
2.670802393902564
 10
6.256224926831594
 20
2.6667183585721586
 10
6.276240753707769
 20
2.6625699288915157
 10
6.296051690202572
 20
2.658437664436581
 10
6.315556119563013
 20
2.654369248483055
 10
6.335059298424742
 20
2.650309094683518
 10
6.3546689677839145
 20
2.6462270802094237
 10
6.374321221674119
 20
2.642132361062227
 10
6.393938188061351
 20
2.6380404808341367
 10
6.413787637525384
 20
2.633899998941616
 10
6.433641943344825
 20
2.629727890842174
 10
6.453257615199485
 20
2.625604595027841
 10
6.472902493206758
 20
2.6214712979122035
 10
6.4925118991219755
 20
2.6173408937385774
 10
6.511735787047377
 20
2.6132915214565466
 10
6.530952401374078
 20
2.609281687557262
 10
6.551010354648188
 20
2.6050974700008975
 10
6.5716527687729664
 20
2.6007332640729515
 10
6.591785612641941
 20
2.5964107416798146
 10
6.617129741507836
 20
2.5909207265903
 10
6.642551995753341
 20
2.5846624953857034
 10
6.662683798500432
 20
2.5796396618455226
 10
6.68313085389526
 20
2.5744801701245814
 10
6.703075920402925
 20
2.5693812898602664
 10
6.731207398383618
 20
2.5620757661397326
 10
6.759408305131889
 20
2.553507784835276
 10
6.780045905664658
 20
2.547102724282769
 10
6.801599158083076
 20
2.540262890237449
 10
6.821959530345478
 20
2.533635740564376
 10
6.843235418806981
 20
2.526699723916594
 10
6.864529965764525
 20
2.5194733014017485
 10
6.886129823912021
 20
2.512110780360262
 10
6.910548008195101
 20
2.503398828982797
 10
6.932281726660094
 20
2.4952402053585967
 10
6.952060540079035
 20
2.4878001871233333
 10
6.971842507164069
 20
2.4802257669610235
 10
6.991422748088682
 20
2.4727194984585426
 10
7.011941652086784
 20
2.4647382907603412
 10
7.031557843304168
 20
2.456977912628079
 10
7.052993175566713
 20
2.4484825512513844
 10
7.0744276717017645
 20
2.439607225166992
 10
7.0932917438274545
 20
2.431767519768775
 10
7.11233301153052
 20
2.4238198384304717
 10
7.131093660041201
 20
2.415948697097255
 10
7.151059770924549
 20
2.40756764618245
 10
7.171018457553753
 20
2.398989565421878
 10
7.190356543801998
 20
2.3906643765387208
 10
7.2106684133779035
 20
2.381793941163529
 10
7.2300242180289285
 20
2.3731981017040997
 10
7.248433103193875
 20
2.3650208198372407
 10
7.266842001872235
 20
2.356826478034417
 10
7.285547644491757
 20
2.3484988618859135
 10
7.304733498938891
 20
2.3398998706268492
 10
7.323464953460462
 20
2.3314383064292064
 10
7.3431478474000205
 20
2.322542718346307
 10
7.362823259007373
 20
2.3134548338151637
 10
7.381245459254769
 20
2.3049334841848657
 10
7.399837230629609
 20
2.2963064412547016
 10
7.418211146991631
 20
2.287748279541929
 10
7.435907186225646
 20
2.2795054200391083
 10
7.4536044902876455
 20
2.271317267030171
 10
7.4724261312182545
 20
2.2626103692233372
 10
7.4920599616436565
 20
2.253431211394943
 10
7.51096083671997
 20
2.2444837990988415
 10
7.529466010765789
 20
2.2357221645776884
 10
7.547969889162649
 20
2.2269041485235492
 10
7.565836672320172
 20
2.2183866484058967
 10
7.583447217728503
 20
2.2100175714233474
 10
7.601275726499866
 20
2.2015767495127845
 10
7.620073106584355
 20
2.1926761600783786
 10
7.638867262651955
 20
2.183680585565215
 10
7.6569374391400595
 20
2.1750261350942597
 10
7.6749734094528055
 20
2.1663880650553393
 10
7.693009379765556
 20
2.1577499950164163
 10
7.711335895784146
 20
2.148972618778601
 10
7.729661535999358
 20
2.140157220787176
 10
7.7475587233516245
 20
2.1315459015373914
 10
7.765281534918367
 20
2.1230362290253066
 10
7.783150200521349
 20
2.1144783380690746
 10
7.80161512115311
 20
2.1056344937942715
 10
7.820080187525201
 20
2.0967335788847454
 10
7.8379115099257115
 20
2.0881348440501224
 10
7.855483618162632
 20
2.079687277398108
 10
7.873272275828046
 20
2.071167765416643
 10
7.891308246140792
 20
2.0625296953777226
 10
7.909344216453544
 20
2.0538916253387987
 10
7.927380186766285
 20
2.0452535552998805
 10
7.945416157079034
 20
2.036615485260959
 10
7.963452127391788
 20
2.027977415222035
 10
7.980769176629296
 20
2.019682723748772
 10
7.998084504078322
 20
2.0114809982927104
 10
8.01612138293776
 20
2.002941416597498
 10
8.034195790337595
 20
1.9943840644214705
 10
8.052270197737421
 20
1.9858267122454463
 10
8.0700536707571
 20
1.9774069505434086
 10
8.087836014026381
 20
1.9690253621411127
 10
8.105910198530848
 20
1.9605081030714793
 10
8.124000055088125
 20
1.951983458277895
 10
8.142089911645408
 20
1.943458813484308
 10
8.158734426881503
 20
1.9356115144284032
 10
8.175374281315328
 20
1.9279463223813507
 10
8.193401643792022
 20
1.9196473846776507
 10
8.211427920177668
 20
1.9113571936780938
 10
8.229522366571718
 20
1.9030456895306993
 10
8.248123093079975
 20
1.8945012933262368
 10
8.266725718245505
 20
1.8858999586878535
 10
8.284281652477857
 20
1.8777786940205157
 10
8.301079542524002
 20
1.8700822192063682
 10
8.318531920063524
 20
1.8621817371515108
 10
8.335297394787721
 20
1.8545875024370981
 10
8.352052251091369
 20
1.8471763027250756
 10
8.370407215689049
 20
1.8390631428898487
 10
8.38900478132699
 20
1.8308244081043472
 10
8.407452711977443
 20
1.822629864786051
 10
8.425299002435322
 20
1.8147021969400883
 10
8.443142973300777
 20
1.8068296902785692
 10
8.46030902618729
 20
1.7992565001771887
 10
8.476173685724245
 20
1.792380355585368
 10
8.493209739120465
 20
1.7851617893424916
 10
8.510889632523584
 20
1.777666137555173
 10
8.528562419436906
 20
1.7702635184141982
 10
8.547113032639041
 20
1.7624971772763565
 10
8.565871938379875
 20
1.7546253483384247
 10
8.584479479930025
 20
1.7467948951260333
 10
8.601448155567493
 20
1.739650423492498
 10
8.618400091970896
 20
1.7326884886367784
 10
8.635700119338328
 20
1.7255870206884887
 10
8.651730305366883
 20
1.7191283173409646
 10
8.66894109972922
 20
1.7123582753946123
 10
8.686812958521703
 20
1.7053239367049953
 10
8.704673986639802
 20
1.6983825741358562
 10
8.723274081672326
 20
1.6911580764667489
 10
8.741915136996322
 20
1.6839176665662272
 10
8.760556192320312
 20
1.676677256665707
 10
8.775623278375162
 20
1.6708040749742392
 10
8.790621761991083
 20
1.6653487584866151
 10
8.80836881120257
 20
1.6588907647593105
 10
8.825294789468284
 20
1.6528239209439726
 10
8.843107617039133
 20
1.6465610005316882
 10
8.861657406754572
 20
1.64003697594787
 10
8.880200435364058
 20
1.633552760338321
 10
8.898263741743628
 20
1.6272372544809612
 10
8.9153775197491
 20
1.6213403039741363
 10
8.933323359907167
 20
1.615271391855209
 10
8.947572685465937
 20
1.6104169133737323
 10
8.961702072827709
 20
1.606083089966058
 10
8.98020168097533
 20
1.6003937945207718
 10
8.998537195370249
 20
1.5947944381061077
 10
9.017239796740721
 20
1.5891331902190045
 10
9.036478143951983
 20
1.583309458734165
 10
9.055719119169334
 20
1.5774734564887354
 10
9.07100472393168
 20
1.5728140485656734
 10
9.08156891713592
 20
1.569843395901049
 10
9.096129791959587
 20
1.566214919436137
 10
9.114855848849574
 20
1.5615037961683889
 10
9.133560872983898
 20
1.556872198804724
 10
9.152737856871196
 20
1.5521273236694189
 10
9.171714861535884
 20
1.5474537381231577
 10
9.190895210482608
 20
1.5427574016322814
 10
9.201180717465787
 20
1.540118143769769
 10
9.211092202041053
 20
1.538330040489331
 10
9.229014105960552
 20
1.534933874205913
 10
9.246013329446852
 20
1.5318266615399558
 10
9.264232059825083
 20
1.5286516098614302
 10
9.283992346875142
 20
1.5252045770842775
 10
9.303755096932433
 20
1.5217505125746942
 10
9.317274839687146
 20
1.519334131224334
 10
9.323136170452226
 20
1.5184817542639715
 10
9.335299509358117
 20
1.517366139722589
 10
9.353096852811449
 20
1.5156090083496685
 10
9.370788352489178
 20
1.5140754159952703
 10
9.388421573211671
 20
1.5125465736065142
 10
9.403484610915319
 20
1.5114180540752062
 10
9.420733895325938
 20
1.5103908907096573
 10
9.427241971573777
 20
1.5097574231673925
 10
9.432976591968194
 20
1.5100659873941864
 10
9.451515198094487
 20
1.510362849469891
 10
9.470009927321515
 20
1.510724095326772
 10
9.489168332619862
 20
1.5111848244353538
 10
9.499240415037281
 20
1.5112951267238803
 10
9.508670323148804
 20
1.5121534402823396
 10
9.517926351105892
 20
1.512760317785313
 10
9.515112346031746
 20
1.5123027174376755
 10
9.522270388704747
 20
1.5139843018806016
 10
9.516294428256893
 20
1.5118207221566315
 10
9.508701994445653
 20
1.5100946987649924
 10
9.513469612289185
 20
1.5115734961853091
 10
9.504199224974554
 20
1.5072816899838632
 10
9.507111266511993
 20
1.5093254546043908
 10
9.501383225961387
 20
1.5049953478469924
 10
9.494091339436677
 20
1.5006304159279567
 10
9.49939743514895
 20
1.5045194665692292
 10
9.494460617742462
 20
1.500020419353241
 10
9.49811560185532
 20
1.5042132323848425
 10
9.496923311665261
 20
1.5020104302702317
 10
9.494303853802023
 20
1.4996557690780623
 10
9.500313764826961
 20
1.5075147353003964
 10
9.50043807740431
 20
1.5076216271876826
 10
9.505052220408151
 20
1.5156836267022782
 10
9.507302180290408
 20
1.5187852184527733
 10
9.508375895634883
 20
1.5218104021205212
 10
9.513718587198266
 20
1.5328090713142999
 10
9.515530942429166
 20
1.5369358793455725
 10
9.519607744463395
 20
1.5478902940014192
 10
9.522786096982594
 20
1.5557303558761113
 10
9.525006007951243
 20
1.563436400564808
 10
9.529454090296026
 20
1.577707503278483
 10
9.532182658579673
 20
1.5873156514953575
 10
9.5357161343484
 20
1.6014920589881563
 10
9.538345489729666
 20
1.6114054126360318
 10
9.540139882784551
 20
1.6211452315336172
 10
9.543283101700627
 20
1.6371447553719147
 10
9.545516963595297
 20
1.6497308870875511
 10
9.547981340984565
 20
1.6656708699606366
 10
9.54995848844224
 20
1.677847080409049
 10
9.551247853147778
 20
1.6898213129272552
 10
9.553135288799997
 20
1.7064695733747963
 10
9.554450179409027
 20
1.7200162571148274
 10
9.5557278750366
 20
1.7365326173942994
 10
9.55687981172708
 20
1.7506634223953943
 10
9.557492309331836
 20
1.7646127893862305
 10
9.558297907581235
 20
1.7819571483644114
 10
9.55878829396399
 20
1.796700363196341
 10
9.559086749823532
 20
1.81387193908769
 10
9.559418559507463
 20
1.8320654223366668
 10
9.559566310826341
 20
1.8501879324325328
 10
9.559724352527732
 20
1.869939071792053
 10
9.559863273029167
 20
1.8895614003839696
 10
9.559981989419729
 20
1.9093565598299491
 10
9.560101974131173
 20
1.92935401173735
 10
9.560221958842618
 20
1.949351463644735
 10
9.560343017861275
 20
1.9695213582698126
 10
9.560484004119282
 20
1.9898936539316028
 10
9.560645547033431
 20
2.0100933551797047
 10
9.560802818674018
 20
2.0297307330440724
 10
9.56092196956873
 20
2.0493532001409855
 10
9.561042935590729
 20
2.069507665814369
 10
9.561183894717367
 20
2.0898799616660324
 10
9.561345439511474
 20
2.110079914934944
 10
9.561502712926496
 20
2.129717544820954
 10
9.561621890448556
 20
2.1493400117311126
 10
9.56174285332035
 20
2.1694939733588847
 10
9.561883785315617
 20
2.1898662694004756
 10
9.562045331989516
 20
2.2100664746902146
 10
9.562202607179142
 20
2.229704356597819
 10
9.562321811328552
 20
2.2493268233212484
 10
9.56244170162627
 20
2.2693085942534124
 10
9.562561686337714
 20
2.28930604616079
 10
9.562681671049157
 20
2.309303498068191
 10
9.562803981986377
 20
2.329660003750464
 10
9.562965057799289
 20
2.3500321586686574
 10
9.563123829921262
 20
2.3698738175064804
 10
9.563262882172717
 20
2.389496145176302
 10
9.56338159040656
 20
2.409290057635292
 10
9.563503899590415
 20
2.4296463112957647
 10
9.563664948271958
 20
2.4500184664042304
 10
9.563823724300331
 20
2.469860629282366
 10
9.563962803179137
 20
2.4894829567658046
 10
9.564081509763962
 20
2.509276617202366
 10
9.564201494475407
 20
2.529274069109784
 10
9.564321479186852
 20
2.5492715210171784
 10
9.564442528525088
 20
2.569439916632149
 10
9.564583353407862
 20
2.5898122134233597
 10
9.564744907501364
 20
2.6100134136712647
 10
9.564902204879415
 20
2.6296544446549937
 10
9.565021755392443
 20
2.6492791636621194
 10
9.565142950995526
 20
2.6694315676667433
 10
9.565284067030495
 20
2.689801608064876
 10
9.565445599939379
 20
2.7099999684231624
 10
9.565602870706922
 20
2.7296372222808203
 10
9.565722008499703
 20
2.7492596894696173
 10
9.56584190259148
 20
2.769242088455276
 10
9.565961887302924
 20
2.7892395403626704
 10
9.566081872014369
 20
2.809236992270071
 10
9.5662041873218
 20
2.829594126002653
 10
9.566365330747375
 20
2.8499662804466945
 10
9.566524093134412
 20
2.8698066831919675
 10
9.566663079029233
 20
2.889429011326206
 10
9.566781791371772
 20
2.9092235518371554
 10
9.566904104925413
 20
2.9295804335479567
 10
9.567065221219623
 20
2.9499525881822715
 10
9.56722398751306
 20
2.9697934949678393
 10
9.56736300003523
 20
2.9894158229157104
 10
9.567481710729174
 20
3.009210111404246
 10
9.567601695440619
 20
3.029207563311648
 10
9.567721680152063
 20
3.049205015219042
 10
9.567842733545454
 20
3.069374038886267
 10
9.567983626040899
 20
3.089746335204271
 10
9.568145175451228
 20
3.109946907404236
 10
9.568302453224755
 20
3.1295851562232966
 10
9.568421696140197
 20
3.1492076226748518
 10
9.568542651275493
 20
3.1693603464307802
 10
9.568683516639567
 20
3.189732642938711
 10
9.56884506792927
 20
3.2099334671594995
 10
9.569002347477818
 20
3.2295719680001507
 10
9.569121617020608
 20
3.249194434264985
 10
9.569241503578313
 20
3.269175586260619
 10
9.569361488289758
 20
3.2891730381679967
 10
9.5694814730012
 20
3.3091704900753975
 10
9.56960377963268
 20
3.329526376824243
 10
9.569764788814405
 20
3.349898532209709
 10
9.56992357053
 20
3.369741428906377
 10
9.570062688174842
 20
3.3893637561185264
 10
9.570181392358604
 20
3.409157049642505
 10
9.570303697237133
 20
3.4295126843695485
 10
9.570464679287491
 20
3.449884839945278
 10
9.570623464909485
 20
3.469728240682259
 10
9.570762609181678
 20
3.4893505677080263
 10
9.570881311716006
 20
3.5091436092095725
 10
9.57100129642745
 20
3.5291410611169907
 10
9.571121281138895
 20
3.549138513024385
 10
9.571242326481874
 20
3.569306289704036
 10
9.571383084733455
 20
3.589678586961581
 10
9.571544643441118
 20
3.6098804061405567
 10
9.571701929998959
 20
3.629519901942587
 10
9.571821304664407
 20
3.6491423674702057
 10
9.57194224421275
 20
3.6692925972485613
 10
9.57208297533296
 20
3.689664894695998
 10
9.57224453591916
 20
3.7098669658958197
 10
9.572401824252859
 20
3.7295067137194686
 10
9.572521225545659
 20
3.749129179060319
 10
9.572641104565143
 20
3.7691090840659447
 10
9.572761089276588
 20
3.7891065359733798
 10
9.572881073988034
 20
3.809103987880774
 10
9.57300337194771
 20
3.829458627645795
 10
9.573164246885582
 20
3.849830783972666
 10
9.573323047929733
 20
3.8696761746207518
 10
9.573462297324596
 20
3.8892985009108236
 10
9.573580993345436
 20
3.9090905474478483
 10
9.573703289552999
 20
3.929444935191112
 10
9.573864137359507
 20
3.949817091708237
 10
9.574022942310057
 20
3.9696629863966084
 10
9.574162218332269
 20
3.9892853125003356
 10
9.57428091270284
 20
4.0090771070149485
 10
9.57440320715846
 20
4.02943124273641
 10
9.5745640278336
 20
4.049803399443796
 10
9.57472283669055
 20
4.069649798172481
 10
9.574862139340114
 20
4.089272124089837
 10
9.574980832060241
 20
4.109063666582016
 10
9.575100816771686
 20
4.1290611184894175
 10
9.57522080148313
 20
4.149058570396819
 10
9.575341837154156
 20
4.169224848066287
 10
9.5754824340305
 20
4.1895971464532495
 10
9.57564400390905
 20
4.209800464632123
 10
9.575801301032046
 20
4.229441459438747
 10
9.575920834074855
 20
4.249063923855686
 10
9.576041754886038
 20
4.269211155610831
 10
9.576182324631015
 20
4.2895834541876745
 10
9.576343896387092
 20
4.30978702438737
 10
9.576501195286953
 20
4.329428271215588
 10
9.576620754957112
 20
4.349050735445802
 10
9.576740624909378
 20
4.369029141438388
 10
9.576860609620823
 20
4.38902659334579
 10
9.576980594332268
 20
4.409024045253191
 10
9.577102881873012
 20
4.429377186012647
 10
9.577263595435669
 20
4.4497493434711615
 10
9.577422419714775
 20
4.469597732110957
 10
9.57756182748701
 20
4.489220057292605
 10
9.577680513689671
 20
4.509010604820258
 10
9.577802799479308
 20
4.529363493557939
 10
9.577963485910601
 20
4.5497356512067295
 10
9.578122314096106
 20
4.569584543886798
 10
9.578261748495692
 20
4.5892068688821
 10
9.578380433047073
 20
4.6089971643873655
 10
9.578500417758518
 20
4.62899461629476
 10
9.578620402469962
 20
4.648992068202145
 10
9.578741430099704
 20
4.669157098884014
 10
9.578881892732186
 20
4.689529398210516
 10
9.579043471898942
 20
4.7097339633684605
 10
9.579200777815382
 20
4.729376205157973
 10
9.5793204426082
 20
4.748998668650985
 10
9.579441347832427
 20
4.769143406428546
 10
9.579581783333538
 20
4.7895157059449005
 10
9.579743364376982
 20
4.8097205231237075
 10
9.579900672071128
 20
4.82936301693484
 10
9.580020363491295
 20
4.848985480241097
 10
9.58014022589621
 20
4.868962639243714
 10
9.580260210607655
 20
4.888960091151132
 10
9.5803801953191
 20
4.90895754305855
 10
9.580502474197171
 20
4.929309436834154
 10
9.580663053515977
 20
4.949681595234029
 10
9.58082189712364
 20
4.969532477825251
 10
9.580961436645897
 20
4.989154802084851
 10
9.581080114676503
 20
5.008944102625618
 10
9.581202391804307
 20
5.02929574437944
 10
9.581362943991747
 20
5.049667902969588
 10
9.581521791505809
 20
5.069519289601086
 10
9.581661357655417
 20
5.089141613674342
 10
9.581780034033905
 20
5.108930662192709
 10
9.58190001874535
 20
5.128928114100103
 10
9.582020003456794
 20
5.148925566007504
 10
9.582141023049402
 20
5.169089349701721
 10
9.58228135143802
 20
5.189461649967692
 10
9.582442939888832
 20
5.209667462104764
 10
9.582600254602864
 20
5.229310950877185
 10
9.58272005114569
 20
5.248933413446284
 10
9.582840940782962
 20
5.26907565724624
 10
9.582981242040209
 20
5.289447957702094
 10
9.583142832366873
 20
5.309654021860011
 10
9.583300148859447
 20
5.329297762654046
 10
9.583419972029624
 20
5.3489202250364265
 10
9.583539826883044
 20
5.368896137049074
 10
9.583659811594488
 20
5.388893588956475
 10
9.583779796305933
 20
5.4088910408638595
 10
9.583902066525475
 20
5.429241687655614
 10
9.584062511600433
 20
5.449613846996906
 10
9.584221374536654
 20
5.46946722353951
 10
9.58436104580893
 20
5.489089546877064
 10
9.584479715663335
 20
5.50887760043096
 10
9.584601984133451
 20
5.529227995200912
 10
9.58476240207704
 20
5.549600154732424
 10
9.58492126891966
 20
5.569454035315354
 10
9.585060966819288
 20
5.589076358466577
 10
9.585179635020738
 20
5.608864159998034
 10
9.585301901741593
 20
5.629214302746185
 10
9.585462292553817
 20
5.649586462467957
 10
9.585621163302834
 20
5.669440847091187
 10
9.585760887829816
 20
5.689063170056074
 10
9.58587955437814
 20
5.7088507195651355
 10
9.585999539089585
 20
5.728848171472537
 10
9.58611952380103
 20
5.748845623379914
 10
9.586240533737644
 20
5.769007908063894
 10
9.586380700751025
 20
5.789380209459261
 10
9.586542300356765
 20
5.80958752059634
 10
9.586699625651914
 20
5.829232508373205
 10
9.586819580572099
 20
5.848854969831687
 10
9.586940451472213
 20
5.868994215608423
 10
9.587080591354225
 20
5.88936651719363
 10
9.587242192834806
 20
5.909574080351594
 10
9.587399519909507
 20
5.929219320150068
 10
9.587519501457042
 20
5.948841781421787
 10
9.587639347227277
 20
5.968816194421491
 10
9.587759331938722
 20
5.988813646328909
 10
9.587879316650167
 20
6.008811098236286
 10
9.58800157646674
 20
6.0291602460223555
 10
9.58816186016648
 20
6.049532406495235
 10
9.588320746337656
 20
6.06938878102957
 10
9.588460575987305
 20
6.089011103258754
 10
9.588579236007568
 20
6.108797657803377
 10
9.588701494075723
 20
6.129146553567639
 10
9.588861750644094
 20
6.149518714230759
 10
9.58902064072167
 20
6.169375592805396
 10
9.589160496998671
 20
6.188997914848246
 10
9.589279155364972
 20
6.208784217370462
 10
9.589399140076415
 20
6.22878166927788
 10
9.589519124787861
 20
6.248779121185291
 10
9.589640126696475
 20
6.26894015888156
 10
9.589780159465992
 20
6.289312461216367
 10
9.589941768346655
 20
6.309521019332651
 10
9.590099102448528
 20
6.329167254092352
 10
9.590219189118722
 20
6.348789714626948
 10
9.590339408600785
 20
6.368825557327651
 10
9.590466962314991
 20
6.3889662781870955
 10
9.59060277032866
 20
6.409044519259142
 10
9.590738039918444
 20
6.4290418736156205
 10
9.590873309508229
 20
6.449039227972075
  0
LWPOLYLINE
  5
96
330
17
100
AcDbEntity
  8
GRASS
100
AcDbPolyline
 90
2332
 70
1
 10
10.340999641813518
 20
6.465981695328887
 10
10.34091700942849
 20
6.487997639877865
 10
10.340837721548738
 20
6.507807904952179
 10
10.340778841826207
 20
6.52743062189685
 10
10.340739268427344
 20
6.547240785953265
 10
10.340698336039672
 20
6.5676133385947715
 10
10.34061705604902
 20
6.58798598472968
 10
10.34053776656021
 20
6.607796678870286
 10
10.340478864171116
 20
6.627419395746976
 10
10.340439291308712
 20
6.64722934526931
 10
10.340398359564459
 20
6.667601683376994
 10
10.34031710266943
 20
6.687974329581528
 10
10.340237811571557
 20
6.70778545278841
 10
10.3401788865159
 20
6.7274081695970835
 10
10.340139314190079
 20
6.747217904585355
 10
10.340098383089119
 20
6.7675900281592
 10
10.340017149289714
 20
6.787962674433325
 10
10.339937856582782
 20
6.807774226706516
 10
10.339878908860566
 20
6.827396943447208
 10
10.339839337071448
 20
6.847206463901401
 10
10.339798406613658
 20
6.867578372941423
 10
10.339717195909877
 20
6.887951019285155
 10
10.339637901593886
 20
6.907763000624638
 10
10.339578931205105
 20
6.927385717297315
 10
10.339539359952816
 20
6.9471950232174455
 10
10.339498430138073
 20
6.967566717723645
 10
10.339417242529917
 20
6.987939364136967
 10
10.339337946604864
 20
7.007751774542744
 10
10.339278953549524
 20
7.027374491147439
 10
10.339239382834183
 20
7.047183582533491
 10
10.33919845366237
 20
7.067555062505849
 10
10.339117289149835
 20
7.087927708988795
 10
10.339037293395746
 20
7.107926648063697
 10
10.338957302788236
 20
7.127924299941431
 10
10.338877312180724
 20
7.147921951819149
 10
10.338798629526867
 20
7.167546116871578
 10
10.338759412210337
 20
7.187168892941796
 10
10.3387190018408
 20
7.20735104334831
 10
10.33865805730163
 20
7.227723750629786
 10
10.338577357943185
 20
7.247910511203821
 10
10.338498674644804
 20
7.2675348907901025
 10
10.338459434661711
 20
7.287157666791985
 10
10.33841902525752
 20
7.307339388130258
 10
10.338358103813976
 20
7.327712095481051
 10
10.338277403705646
 20
7.347899070588525
 10
10.338198719762618
 20
7.367523664708609
 10
10.338159457112965
 20
7.387146440642173
 10
10.338119048674116
 20
7.407327732912238
 10
10.338058150326198
 20
7.427700440332315
 10
10.337977449468108
 20
7.447887629973231
 10
10.337898764880308
 20
7.467512438627133
 10
10.337859479564095
 20
7.487135214492361
 10
10.33781907209059
 20
7.5073160776942185
 10
10.337758196838294
 20
7.527688785183561
 10
10.337677495230569
 20
7.547876189357886
 10
10.337598809997877
 20
7.567501212545639
 10
10.337559502015104
 20
7.587123988342567
 10
10.337519095506941
 20
7.607304422476182
 10
10.337458243350273
 20
7.627677130034807
 10
10.337377540993032
 20
7.647864748742591
 10
10.337298855115323
 20
7.667489986464162
 10
10.33725952446599
 20
7.687112762192773
 10
10.337219118923167
 20
7.7072927672581795
 10
10.337158289862124
 20
7.72766547488607
 10
10.337077586755491
 20
7.747853308127263
 10
10.336997596147981
 20
7.767850960004997
 10
10.336917605540469
 20
7.787848611882715
 10
10.336838307868533
 20
7.807661671517022
 10
10.336779132886337
 20
7.82728438757595
 10
10.336739566485123
 20
7.847091757063936
 10
10.336698642469129
 20
7.867461515140157
 10
10.3366176633272
 20
7.8878341621817665
 10
10.336538352878405
 20
7.907650445435139
 10
10.336479155229645
 20
7.927273161426072
 10
10.33643958936649
 20
7.9470803163799815
 10
10.336398665992313
 20
7.9674498599223575
 10
10.336317709946009
 20
7.987822507033571
 10
10.336238397888154
 20
8.007639219353239
 10
10.336179177572834
 20
8.027261935276178
 10
10.336139612247859
 20
8.047068875696027
 10
10.336098689515378
 20
8.06743820470456
 10
10.336017756564697
 20
8.087810851885394
 10
10.33593844289778
 20
8.107627993271356
 10
10.3358791999159
 20
8.127250709126283
 10
10.335839635129227
 20
8.147057435012073
 10
10.335798713038319
 20
8.167426549486777
 10
10.335717803183263
 20
8.187799196737211
 10
10.335638487907284
 20
8.207616767189469
 10
10.33557922225884
 20
8.227239482976405
 10
10.335539658010594
 20
8.247045994328118
 10
10.335498736561135
 20
8.267414894268978
 10
10.335417849801704
 20
8.287787541589015
 10
10.335337843745265
 20
8.307789060683877
 10
10.335257853137755
 20
8.327786712561576
 10
10.335177862530244
 20
8.347784364439311
 10
10.335099172117053
 20
8.367411109523145
 10
10.335059682207431
 20
8.387033884771737
 10
10.335019283447329
 20
8.40721087510856
 10
10.334958616661273
 20
8.427583583223251
 10
10.334877908292706
 20
8.447772923824
 10
10.334799217233513
 20
8.467399883441663
 10
10.33475970465733
 20
8.487022658621944
 10
10.33471930686257
 20
8.507199219890522
 10
10.334658663172142
 20
8.527571928074492
 10
10.334577954055167
 20
8.547761483208689
 10
10.334499262349851
 20
8.567388657360167
 10
10.334459727107108
 20
8.587011432472133
 10
10.334419330277692
 20
8.6071875646725
 10
10.334358709682887
 20
8.627560272925766
 10
10.334277999817626
 20
8.647750042593376
 10
10.334199307466067
 20
8.667377431278668
 10
10.334159749556761
 20
8.687000206322336
 10
10.334119353692687
 20
8.707175909454461
 10
10.33405875619351
 20
8.727548617777007
 10
10.333978045580087
 20
8.747738601978066
 10
10.33389935258216
 20
8.767366205197169
 10
10.333859772006294
 20
8.786988980172525
 10
10.333819377107563
 20
8.807164254236438
 10
10.33375880270401
 20
8.827536962628246
 10
10.33367809134255
 20
8.847727161362736
 10
10.33359939769813
 20
8.867354979115689
 10
10.333559794455704
 20
8.886977754022732
 10
10.333519400522317
 20
8.907152599018417
 10
10.333458849214386
 20
8.927525307479502
 10
10.333378137105012
 20
8.947715720747443
 10
10.3332981464975
 20
8.967713372625159
 10
10.33321815588999
 20
8.987711024502877
 10
10.333138849159104
 20
9.007526664163677
 10
10.333079401583808
 20
9.027149379404896
 10
10.333039841661535
 20
9.046954168858596
 10
10.332998925356046
 20
9.067321346903249
 10
10.332918223967221
 20
9.087693994781882
 10
10.332838894167502
 20
9.107515438081771
 10
10.332779423925643
 20
9.127138153255018
 10
10.332739864542903
 20
9.146942728174642
 10
10.332698948877757
 20
9.167309691685462
 10
10.332618270584554
 20
9.187682339633712
 10
10.332538939175773
 20
9.207504211999881
 10
10.332479446267353
 20
9.22712692710512
 10
10.33243988742427
 20
9.246931287490685
 10
10.332398972399343
 20
9.267298036467658
 10
10.332318317201766
 20
9.287670684485489
 10
10.332238984183926
 20
9.307492985917973
 10
10.332179468608942
 20
9.32711570095524
 10
10.332139910305639
 20
9.346919846806731
 10
10.332098995920807
 20
9.367286381249873
 10
10.332018363818854
 20
9.387659029337318
 10
10.33193902919195
 20
9.407481759836083
 10
10.331879490950406
 20
9.427104474805342
 10
10.331839933187005
 20
9.446908406122777
 10
10.331799019442148
 20
9.467274726032068
 10
10.331718410435819
 20
9.487647374189095
 10
10.331639074199858
 20
9.507470533754173
 10
10.33157951329175
 20
9.527093248655463
 10
10.331539956068374
 20
9.546896965438822
 10
10.331499042963369
 20
9.567263070814281
 10
10.331418457052663
 20
9.587635719040904
 10
10.331338439857246
 20
9.607640032688707
 10
10.331258449249736
 20
9.627637684566443
 10
10.331178458642224
 20
9.647635336444177
 10
10.331099759804472
 20
9.66726487609317
 10
10.331059974635195
 20
9.686887650451917
 10
10.331019588449868
 20
9.707059051650742
 10
10.330959222512556
 20
9.727431760667852
 10
10.330878504404685
 20
9.74762389582883
 10
10.330799804919335
 20
9.767253650011668
 10
10.330759997083497
 20
9.786876424302122
 10
10.330719611863513
 20
9.807047396432699
 10
10.330659269021826
 20
9.827420105519103
 10
10.330578550167147
 20
9.847612455213538
 10
10.330499850034075
 20
9.867242423930165
 10
10.330460019531676
 20
9.886865198152327
 10
10.330419635277034
 20
9.907035741214692
 10
10.330359315530972
 20
9.927408450370336
 10
10.330278595929608
 20
9.947601014598225
 10
10.33019989514869
 20
9.96723119784868
 10
10.330160041979731
 20
9.986853972002498
 10
10.330119658690432
 20
10.007024085996653
 10
10.330059362039997
 20
10.027396795221584
 10
10.329978641692069
 20
10.047589573982895
 10
10.329899940263186
 20
10.067219971767177
 10
10.329860064427665
 20
10.086842745852703
 10
10.32981968210371
 20
10.107012430778612
 10
10.329759408548899
 20
10.127385140072835
 10
10.32967868745453
 20
10.147578133367618
 10
10.329599985377554
 20
10.167208745685688
 10
10.329560086875475
 20
10.186831519702892
 10
10.329519705516862
 20
10.207000775560585
 10
10.329459455057675
 20
10.227373484924067
 10
10.329378733216991
 20
10.247566692752272
 10
10.329298742609481
 20
10.267564344630008
 10
10.32921875200197
 20
10.287561996507725
 10
10.329139435438847
 20
10.307380430728339
 10
10.329079692603885
 20
10.32700314508395
 10
10.329040139719313
 20
10.346805139969266
 10
10.328999231745449
 20
10.367169523448496
 10
10.328918831205348
 20
10.387542172233728
 10
10.328839480445644
 20
10.407369204646441
 10
10.328779714944119
 20
10.426991918934068
 10
10.32874016260068
 20
10.446793699285312
 10
10.32869925526556
 20
10.46715786823069
 10
10.328618877821084
 20
10.487530517085515
 10
10.328539525452317
 20
10.507357978564526
 10
10.328479737284233
 20
10.526980692784168
 10
10.328440185482048
 20
10.546782258601358
 10
10.328399278785549
 20
10.567146213012881
 10
10.328318924436697
 20
10.587518861937317
 10
10.32823957045887
 20
10.607346752482629
 10
10.328179759624224
 20
10.62696946663427
 10
10.328140208363417
 20
10.646770817917417
 10
10.328099302305413
 20
10.667134557795107
 10
10.328018971052185
 20
10.687507206789103
 10
10.327939615465297
 20
10.707335526400712
 10
10.32787978196409
 20
10.726958240484384
 10
10.327840231244783
 20
10.746759377233449
 10
10.327799325825156
 20
10.767122902577283
 10
10.327719017667553
 20
10.787495551640903
 10
10.327639660471604
 20
10.807324300318815
 10
10.327579804303834
 20
10.826947014334486
 10
10.327540254126152
 20
10.846747936549495
 10
10.327499349344777
 20
10.86711124735949
 10
10.327419064282799
 20
10.887483896492704
 10
10.327339035969226
 20
10.90749100469359
 10
10.327259045361714
 20
10.927488656571294
 10
10.327179054754204
 20
10.947486308448992
 10
10.327100347471069
 20
10.9671186426631
 10
10.327060267042137
 20
10.986741416132078
 10
10.327019893431585
 20
11.006907228192912
 10
10.326959828343014
 20
11.027279938112379
 10
10.326879100516667
 20
11.0474748678337
 10
10.326800392584332
 20
11.067107416581612
 10
10.32676028948884
 20
11.08673018998227
 10
10.326719916843631
 20
11.106895572974885
 10
10.326659874850685
 20
11.127268282963641
 10
10.326579146279126
 20
11.147463427218389
 10
10.32650043769747
 20
11.167096190500105
 10
10.326460311935419
 20
11.186718963832472
 10
10.326419940255553
 20
11.206883917756842
 10
10.326359921358232
 20
11.227256627814867
 10
10.326279192041588
 20
11.247451986603076
 10
10.326200482810489
 20
11.267084964418597
 10
10.326160334381877
 20
11.286707737682661
 10
10.326119963667354
 20
11.306872262538816
 10
10.326059967865659
 20
11.327244972666094
 10
10.32597923780405
 20
11.347440545987748
 10
10.325900527923386
 20
11.367073738337107
 10
10.325860356828212
 20
11.386696511532884
 10
10.32581998707903
 20
11.40686060732079
 10
10.32576001437296
 20
11.427233317517336
 10
10.32567928356651
 20
11.447429105372455
 10
10.325599292959
 20
11.467426757250154
 10
10.32551930235149
 20
11.487424409127891
 10
10.32543997669244
 20
11.507245423374828
 10
10.325379961264378
 20
11.526868136912844
 10
10.325340414895724
 20
11.54666755176393
 10
10.32529951459539
 20
11.567029355211485
 10
10.325219391808393
 20
11.587402004833628
 10
10.325140021697763
 20
11.60723419729291
 10
10.325079983603139
 20
11.626856910762976
 10
10.32504043777709
 20
11.646656111079992
 10
10.324999538114023
 20
11.667017699993673
 10
10.32491943842265
 20
11.687390349685423
 10
10.32484006670296
 20
11.707222971211003
 10
10.324780005941774
 20
11.726845684613057
 10
10.32474046065846
 20
11.746644670396021
 10
10.324699561632537
 20
11.767006044775878
 10
10.324619485036788
 20
11.7873786945372
 10
10.324540111708037
 20
11.807211745129083
 10
10.324480028280288
 20
11.826834458463171
 10
10.324440483539828
 20
11.846633229712065
 10
10.324401038707265
 20
11.866267609980257
 10
10.324399999820356
 20
11.88589042115778
 10
10.324399835190924
 20
11.905525047993063
 10
10.324435879496074
 20
11.924772789642404
 10
10.32451448809318
 20
11.944372026294703
 10
10.324594478700691
 20
11.964369678172437
 10
10.324674469308201
 20
11.984367330050155
 10
10.324755121083868
 20
12.00454054876682
 10
10.32481752347362
 20
12.024913251674208
 10
10.324857970901938
 20
12.045110451343856
 10
10.324898563312601
 20
12.066197114145526
 10
10.32481971920195
 20
12.08731976201652
 10
10.324736124579431
 20
12.108054877931082
 10
10.324569527355427
 20
12.129551785931994
 10
10.324320839456213
 20
12.150346630988153
 10
10.324034667531535
 20
12.173253053647873
 10
10.323412833264134
 20
12.196251607792993
 10
10.322795802945254
 20
12.218097813587914
 10
10.321906765098458
 20
12.241812011227303
 10
10.320858453976768
 20
12.263760364114024
 10
10.31966500761796
 20
12.28809394519762
 10
10.317945745159887
 20
12.312541694354618
 10
10.316296937692298
 20
12.335267063523085
 10
10.314086700904834
 20
12.36083719531584
 10
10.311748447748638
 20
12.38374341935087
 10
10.308978482923816
 20
12.410172178417708
 10
10.30536762946112
 20
12.436720638954347
 10
10.302124569696744
 20
12.45988906315705
 10
10.297975103510922
 20
12.486342624283202
 10
10.29389042451444
 20
12.509588823788842
 10
10.289115718643918
 20
12.53625908732849
 10
10.283412359454992
 20
12.563008306069724
 10
10.278337005921728
 20
12.586294074163215
 10
10.271950330961864
 20
12.613188053152362
 10
10.265908570074357
 20
12.636483694855043
 10
10.258983050958035
 20
12.662810241457484
 10
10.251110520692173
 20
12.689126311414434
 10
10.244266788318946
 20
12.711637757590678
 10
10.235975087283116
 20
12.737328768982751
 10
10.228266420431657
 20
12.75975460033227
 10
10.219683825231225
 20
12.784502787486637
 10
10.210309402248456
 20
12.809185049098271
 10
10.202056306770217
 20
12.83068729327247
 10
10.192363428982873
 20
12.854869395396051
 10
10.183366272761315
 20
12.876285123796698
 10
10.173566388704897
 20
12.89948014892423
 10
10.163117817233331
 20
12.92259378874277
 10
10.154272971273075
 20
12.942031048412796
 10
10.144821839641306
 20
12.962464132516189
 10
10.135726527581223
 20
12.9817706310266
 10
10.126366245939023
 20
13.00162187566825
 10
10.116780359326885
 20
13.021438693418634
 10
10.105610225936585
 20
13.044404666603741
 10
10.090941456270013
 20
13.072531607028955
 10
10.078086725518146
 20
13.095420924356674
 10
10.065673478237589
 20
13.117348285316016
 10
10.052617172301824
 20
13.139129071647767
 10
10.039822283928196
 20
13.16030149332539
 10
10.023828602227354
 20
13.185418390298976
 10
10.009720354628866
 20
13.206343777040281
 10
9.992595115260158
 20
13.231409229555577
 10
9.97411359040533
 20
13.255960839738627
 10
9.959983074847099
 20
13.274456846452487
 10
9.943761089534876
 20
13.29503684152823
 10
9.929029243045392
 20
13.31309125982527
 10
9.905948280468778
 20
13.340797883167346
 10
9.880637319712257
 20
13.367356313938311
 10
9.863179807272424
 20
13.385179102470806
 10
9.84223275402256
 20
13.405629472489867
 10
9.82394882013471
 20
13.422612928751807
 10
9.801855049606926
 20
13.442899604455526
 10
9.77859640096308
 20
13.462422093213851
 10
9.757132800290771
 20
13.480110514086876
 10
9.728475750897704
 20
13.501964256045802
 10
9.705030268145778
 20
13.518342130382692
 10
9.678612153338149
 20
13.536426899459212
 10
9.65089283128601
 20
13.553350225493537
 10
9.628730366265135
 20
13.566582848340515
 10
9.601186328699649
 20
13.582017082131399
 10
9.577923576797428
 20
13.594125848762673
 10
9.550202403021178
 20
13.608299649885057
 10
9.521419016777871
 20
13.621284371657843
 10
9.497010011492819
 20
13.632017284440602
 10
9.465994916538095
 20
13.644493490068593
 10
9.440406469150885
 20
13.653748611806105
 10
9.410577300483213
 20
13.664260042949106
 10
9.379801055751116
 20
13.673379769822365
 10
9.355619241371862
 20
13.680301929831911
 10
9.326491263412374
 20
13.687883647954795
 10
9.301727258670066
 20
13.693619078280976
 10
9.274265651644278
 20
13.699843569323393
 10
9.246297380542252
 20
13.70509606886584
 10
9.222508900661694
 20
13.70942731091635
 10
9.194500135030061
 20
13.713946687529242
 10
9.17023917393493
 20
13.717299965259514
 10
9.144358559510682
 20
13.720797736482776
 10
9.1181349230062
 20
13.723574786000444
 10
9.09469592559158
 20
13.72596541350854
 10
9.067632201181251
 20
13.728255564545263
 10
9.04382770816366
 20
13.729801980169137
 10
9.01954122293053
 20
13.731334298897604
 10
8.995053626969876
 20
13.732361694370782
 10
8.973526887241206
 20
13.733220294522322
 10
8.950554040869557
 20
13.733969966519886
 10
8.928946274978983
 20
13.734493076344895
 10
8.907140947767965
 20
13.735013065579022
 10
8.88526217875104
 20
13.735331871237813
 10
8.865196735543424
 20
13.735612793901817
 10
8.845200883182633
 20
13.73589273583487
 10
8.825205030821861
 20
13.73617267776792
 10
8.807012031658566
 20
13.736423044458947
 10
8.78889371453193
 20
13.736855328540885
 10
8.769318270493569
 20
13.737324986730473
 10
8.75007641462831
 20
13.737822213920216
 10
8.730490250610375
 20
13.738370844182198
 10
8.706543610572167
 20
13.739020457570499
 10
8.682423112779356
 20
13.739207374555653
 10
8.658815460606682
 20
13.739333239414933
 10
8.631325649602864
 20
13.738987050152314
 10
8.607288572494078
 20
13.738191698860229
 10
8.580453300582937
 20
13.737216601701348
 10
8.553361362521152
 20
13.735364787357137
 10
8.52932187026789
 20
13.733607778051251
 10
8.501197248096812
 20
13.730993088748985
 10
8.476913487933661
 20
13.7281857246794
 10
8.450192156211568
 20
13.725003195620769
 10
8.423293859691952
 20
13.720918508076299
 10
8.399609924681313
 20
13.717208746001438
 10
8.372022059233537
 20
13.712345261239157
 10
8.348151797722707
 20
13.707596823064
 10
8.320249561436077
 20
13.701918672546633
 10
8.292243506384256
 20
13.695086235290358
 10
8.268043782907037
 20
13.68901991086006
 10
8.239144216903798
 20
13.68104140083424
 10
8.214862694253034
 20
13.673630174287354
 10
8.187659146103728
 20
13.66518121238379
 10
8.160423516686409
 20
13.655555601723707
 10
8.137456213865775
 20
13.647274531819852
 10
8.110595120958813
 20
13.63695172380635
 10
8.087697903256592
 20
13.627518338554799
 10
8.060938284389614
 20
13.61633841478891
 10
8.034291701215668
 20
13.603911533133454
 10
8.012195719386515
 20
13.5934260975205
 10
7.9863670980623285
 20
13.580495541341813
 10
7.964440377554675
 20
13.568846499530103
 10
7.93820235837059
 20
13.55471962617704
 10
7.912236593895211
 20
13.539237621226313
 10
7.890352682380184
 20
13.525953416339691
 10
7.864015227218258
 20
13.508988121926285
 10
7.842462789000047
 20
13.494157031437501
 10
7.818214757010641
 20
13.477253547576044
 10
7.794379663570178
 20
13.459073947793161
 10
7.775363986594841
 20
13.444358133365256
 10
7.753578924928674
 20
13.426830949977715
 10
7.734955974426758
 20
13.411165879832971
 10
7.713298162755304
 20
13.392786543661066
 10
7.692082146574103
 20
13.373338362606763
 10
7.672742519886586
 20
13.355355614782749
 10
7.6491104572608375
 20
13.33197500574525
 10
7.630452832566562
 20
13.312164168118366
 10
7.611973031473383
 20
13.292343222984098
 10
7.593932537660326
 20
13.271667840245595
 10
7.578423111538409
 20
13.253716399924055
 10
7.560855478991247
 20
13.232641580292128
 10
7.545835202950995
 20
13.213853270442314
 10
7.527094381819271
 20
13.19014369089823
 10
7.509158041719826
 20
13.165203772150642
 10
7.495199495550308
 20
13.145466965870087
 10
7.479412224714046
 20
13.122211019789026
 10
7.466142976619196
 20
13.101694522865946
 10
7.452535230080746
 20
13.080539654178216
 10
7.439324314689542
 20
13.058842138117665
 10
7.427941731940405
 20
13.040024630701382
 10
7.415783264429748
 20
13.019500200476049
 10
7.404722126003862
 20
13.000354222057185
 10
7.391343247097808
 20
12.97705619966693
 10
7.378553709750262
 20
12.953036865202277
 10
7.367450119941775
 20
12.931938772734265
 10
7.354995211913306
 20
12.907187653882216
 10
7.344573048892074
 20
12.885332038463828
 10
7.332432927882119
 20
12.859587056009337
 10
7.321120568137384
 20
12.832989029791772
 10
7.311574099241615
 20
12.810121915131575
 10
7.300785240100829
 20
12.782544895533226
 10
7.292198386067227
 20
12.758774008216687
 10
7.2824371270863075
 20
12.7312965006198
 10
7.273686627391039
 20
12.703016772289613
 10
7.266482793312903
 20
12.679126511464746
 10
7.258498789861077
 20
12.650215738176968
 10
7.252386925115573
 20
12.6254745137284
 10
7.245538404087339
 20
12.597088566275348
 10
7.239785152654386
 20
12.568009056845977
 10
7.23521447370734
 20
12.54402386605015
 10
7.230418034105742
 20
12.515678192979275
 10
7.226870167305347
 20
12.491157481448765
 10
7.223034887390157
 20
12.463884072071538
 10
7.220111579945928
 20
12.436128997530533
 10
7.217791469630665
 20
12.412954952350322
 10
7.215562658133454
 20
12.386635709253962
 10
7.213996322010458
 20
12.363197322614093
 10
7.2123601450609955
 20
12.33787124941818
 10
7.211364872983307
 20
12.312258572804469
 10
7.210568438105559
 20
12.289983874430188
 10
7.209955839735881
 20
12.265497822831673
 10
7.209678310040027
 20
12.243042422341397
 10
7.209416685136901
 20
12.220545488205465
 10
7.209438624786593
 20
12.197922895037717
 10
7.209481503788586
 20
12.176952718058232
 10
7.209624637905206
 20
12.155080720101177
 10
7.209875508454376
 20
12.134057709796252
 10
7.210129840633326
 20
12.112990745603028
 10
7.210502371943422
 20
12.0918714929428
 10
7.210863243180257
 20
12.071822874427562
 10
7.2112231454942535
 20
12.051828301427788
 10
7.211583047808249
 20
12.031833728427994
 10
7.211930799881263
 20
12.012551805898616
 10
7.212203373294079
 20
11.993305738372637
 10
7.212478222042392
 20
11.973684403384537
 10
7.212713097676676
 20
11.95443795585009
 10
7.212908715350155
 20
11.934853511857186
 10
7.213102238076201
 20
11.915568873731457
 10
7.213220923643748
 20
11.896321386147408
 10
7.213339706841146
 20
11.876530179519403
 10
7.21343982636869
 20
11.856907623550457
 10
7.213518934175684
 20
11.837116459078995
 10
7.213598924783195
 20
11.817118807201288
 10
7.213678915390705
 20
11.79712115532357
 10
7.213758905998216
 20
11.777123503445845
 10
7.213838896605727
 20
11.757125851568127
 10
7.2139188872132385
 20
11.737128199690407
 10
7.2139988778207496
 20
11.717130547812692
 10
7.214078868428261
 20
11.697132895934983
 10
7.214158859035771
 20
11.677135244057265
 10
7.214238849643282
 20
11.657137592179538
 10
7.214318840250793
 20
11.637139940301823
 10
7.214400421085224
 20
11.616786845983459
 10
7.214520364177782
 20
11.59641439871508
 10
7.2146394962309675
 20
11.576565231150363
 10
7.214739686530195
 20
11.556942675535174
 10
7.214818791288389
 20
11.537152180902734
 10
7.2148987818959
 20
11.517154529025017
 10
7.214978772503411
 20
11.4971568771473
 10
7.215058763110922
 20
11.47715922526959
 10
7.215138753718432
 20
11.457161573391874
 10
7.215218744325943
 20
11.437163921514145
 10
7.215298734933454
 20
11.41716626963643
 10
7.215378725540965
 20
11.39716861775872
 10
7.215458716148476
 20
11.377170965881003
 10
7.215538706755987
 20
11.357173314003276
 10
7.215618697363498
 20
11.337175662125558
 10
7.215700274884252
 20
11.316823237645085
 10
7.215820145865492
 20
11.296450790015252
 10
7.215939285621985
 20
11.276600282781333
 10
7.2160395466928975
 20
11.256977727519892
 10
7.216118648401094
 20
11.23718790272648
 10
7.216198639008605
 20
11.21719025084876
 10
7.216278629616116
 20
11.197192598971037
 10
7.216358620223627
 20
11.17719494709332
 10
7.216438610831138
 20
11.157197295215601
 10
7.216518601438649
 20
11.137199643337892
 10
7.216598592046159
 20
11.117201991460176
 10
7.21667858265367
 20
11.097204339582449
 10
7.216758573261181
 20
11.07720668770473
 10
7.216838563868692
 20
11.057209035827023
 10
7.2169185544762025
 20
11.037211383949305
 10
7.217000128684478
 20
11.016859629306726
 10
7.217119927554398
 20
10.996487181315441
 10
7.217239075014199
 20
10.97663533441231
 10
7.217339406856794
 20
10.957012779504618
 10
7.217418505513799
 20
10.937223624550208
 10
7.21749849612131
 20
10.91722597267249
 10
7.217578486728821
 20
10.897228320794785
 10
7.2176584773363315
 20
10.877230668917065
 10
7.2177384679438426
 20
10.85723301703934
 10
7.217818458551354
 20
10.837235365161622
 10
7.217898449158865
 20
10.817237713283903
 10
7.217978439766376
 20
10.797240061406196
 10
7.218058430373886
 20
10.777242409528478
 10
7.218138420981397
 20
10.757244757650753
 10
7.218218411588908
 20
10.737247105773035
 10
7.218299982485901
 20
10.716896020968374
 10
7.2184197092445
 20
10.69652357261564
 10
7.21853886440761
 20
10.676670386043295
 10
7.21863926702189
 20
10.657047831489345
 10
7.218718362626505
 20
10.637259346373956
 10
7.218798353234015
 20
10.617261694496237
 10
7.218878343841526
 20
10.597264042618512
 10
7.218958334449037
 20
10.577266390740794
 10
7.219038325056548
 20
10.557268738863085
 10
7.219118315664058
 20
10.537271086985369
 10
7.219198306271569
 20
10.517273435107642
 10
7.2192782968790805
 20
10.497275783229925
 10
7.219358287486592
 20
10.477278131352206
 10
7.219438278094103
 20
10.4572804794745
 10
7.219518268701613
 20
10.437282827596782
 10
7.219599836288519
 20
10.416932412630022
 10
7.219719490935798
 20
10.396559963915847
 10
7.219838653802216
 20
10.376705437674287
 10
7.219939127188181
 20
10.357082883474078
 10
7.2200182197392095
 20
10.337295068197683
 10
7.220098210346721
 20
10.317297416319967
 10
7.220178200954232
 20
10.297299764442258
 10
7.220258191561742
 20
10.277302112564541
 10
7.220338182169253
 20
10.257304460686814
 10
7.220418172776764
 20
10.237306808809098
 10
7.220498163384275
 20
10.21730915693138
 10
7.220578153991786
 20
10.197311505053671
 10
7.220658144599296
 20
10.177313853175953
 10
7.220738135206807
 20
10.157316201298228
 10
7.2208181258143185
 20
10.13731854942051
 10
7.2208981164218295
 20
10.1173208975428
 10
7.22097810702934
 20
10.097323245665084
 10
7.22105879167349
 20
10.077161103841041
 10
7.221158177819516
 20
10.05678855367732
 10
7.221279366423433
 20
10.036580606219276
 10
7.221397405047462
 20
10.016935016165558
 10
7.221478151272024
 20
9.997312363223575
 10
7.221558048674447
 20
9.97733783438828
 10
7.221638039281958
 20
9.957340182510551
 10
7.221718029889469
 20
9.937342530632836
 10
7.22179802049698
 20
9.917344878755117
 10
7.221878011104491
 20
9.897347226877399
 10
7.221958001712002
 20
9.877349574999684
 10
7.222037992319513
 20
9.857351923121973
 10
7.222117982927023
 20
9.837354271244257
 10
7.222197973534534
 20
9.817356619366532
 10
7.222277964142045
 20
9.797358967488814
 10
7.222358650184677
 20
9.777196510625728
 10
7.2224580825152005
 20
9.756821706341345
 10
7.222579524657455
 20
9.736611820986722
 10
7.222697782622568
 20
9.716969560246916
 10
7.22277840401566
 20
9.69734916114961
 10
7.222858305776738
 20
9.67737355881554
 10
7.222938296384249
 20
9.657375906937824
 10
7.22301828699176
 20
9.637378255060115
 10
7.22309827759927
 20
9.617380603182397
 10
7.223178268206781
 20
9.597382951304674
 10
7.223258258814292
 20
9.577385299426954
 10
7.223338249421803
 20
9.557387647549238
 10
7.223418240029314
 20
9.53738999567153
 10
7.2234982306368245
 20
9.51739234379381
 10
7.223578221244336
 20
9.497394691916085
 10
7.223658908265441
 20
9.47723201466522
 10
7.2237583520526645
 20
9.45685946478961
 10
7.223879537744214
 20
9.436652052755814
 10
7.223997573658485
 20
9.41700699812751
 10
7.224078263312676
 20
9.39738434490197
 10
7.2241581628894425
 20
9.37740928063929
 10
7.2242381534969535
 20
9.357411628761561
 10
7.224318144104465
 20
9.337413976883845
 10
7.224398134711976
 20
9.317416325006125
 10
7.224478125319487
 20
9.29741867312842
 10
7.224558115926997
 20
9.277421021250701
 10
7.224638106534508
 20
9.257423369372972
 10
7.224718097142019
 20
9.237425717495258
 10
7.22479808774953
 20
9.21742806561754
 10
7.224878078357041
 20
9.19743041373983
 10
7.224958762404604
 20
9.177268406328253
 10
7.225058134080503
 20
9.156895856092198
 10
7.225179323415414
 20
9.136687774222343
 10
7.225297362719815
 20
9.117042049756527
 10
7.225378123145687
 20
9.097419396885718
 10
7.225458020002148
 20
9.077445002463017
 10
7.225538010609659
 20
9.0574473505853
 10
7.22561800121717
 20
9.03744969870759
 10
7.22569799182468
 20
9.017452046829874
 10
7.2257779824321915
 20
8.997454394952147
 10
7.225857973039703
 20
8.977456743074429
 10
7.225937963647214
 20
8.957459091196721
 10
7.226017954254724
 20
8.937461439319005
 10
7.226097944862235
 20
8.917463787441276
 10
7.226177935469746
 20
8.897466135563562
 10
7.226258616544965
 20
8.87730479799127
 10
7.226357916109538
 20
8.856932247394793
 10
7.226479109086616
 20
8.836723495688874
 10
7.226597151782344
 20
8.81707710138555
 10
7.226677982979894
 20
8.797454448869487
 10
7.226757877114853
 20
8.777480724286763
 10
7.226837867722364
 20
8.757483072409036
 10
7.226917858329875
 20
8.73748542053132
 10
7.226997848937386
 20
8.717487768653603
 10
7.227077839544897
 20
8.697490116775892
 10
7.227157830152407
 20
8.677492464898178
 10
7.227237820759918
 20
8.657494813020449
 10
7.2273178113674295
 20
8.637497161142733
 10
7.2273978019749405
 20
8.617499509265025
 10
7.227477792582451
 20
8.597501857387305
 10
7.227559229027642
 20
8.577178178313897
 10
7.227678393631114
 20
8.556430775372995
 10
7.227841522797589
 20
8.53600967430053
 10
7.228220649849018
 20
8.50584774171178
 10
7.230003934073085
 20
8.475022111359975
 10
7.232207234867021
 20
8.443912847103762
 10
7.237683884458838
 20
8.40008725509454
 10
7.243966853841877
 20
8.366994997041338
 10
7.248070158722133
 20
8.3462339940088
 10
7.252316094048267
 20
8.325413502325473
 10
7.257296537609121
 20
8.301202008084305
 10
7.26419611549726
 20
8.271342279449463
 10
7.270801016400026
 20
8.246178605203857
 10
7.276110129162701
 20
8.226106570466067
 10
7.281514110247701
 20
8.20600173264097
 10
7.288030265167099
 20
8.181914813025983
 10
7.296997321463261
 20
8.151846091216653
 10
7.305366297883268
 20
8.126720757841294
 10
7.312078556007131
 20
8.106715732955067
 10
7.318932085971099
 20
8.086671315824686
 10
7.327091122420853
 20
8.062951917556022
 10
7.338156491257549
 20
8.033326240448815
 10
7.34827489978763
 20
8.008698028313123
 10
7.356637234334882
 20
7.988483125116421
 10
7.3652481066036435
 20
7.968219817743396
 10
7.374919440869334
 20
7.945589731220476
 10
7.387515999182785
 20
7.917927404037858
 10
7.3989443662712935
 20
7.894654419074947
 10
7.409466825716456
 20
7.8733661830711466
 10
7.420505577371609
 20
7.85203242962928
 10
7.43144032715894
 20
7.831047987808124
 10
7.444771544447358
 20
7.8065430459164995
 10
7.456965621329029
 20
7.785283669082914
 10
7.470179101147487
 20
7.762416013018329
 10
7.484322824908742
 20
7.739555455714966
 10
7.496101918748553
 20
7.720716039738175
 10
7.5090423312196
 20
7.700440396332221
 10
7.521264547614283
 20
7.68178187628917
 10
7.537586279759989
 20
7.657105894477506
 10
7.555363671275648
 20
7.632587411249352
 10
7.568445559663831
 20
7.614839557585856
 10
7.582313271208278
 20
7.596306489143852
 10
7.595534767635307
 20
7.578976153195881
 10
7.611043592895835
 20
7.558722768638586
 10
7.627334560046755
 20
7.538566966469129
 10
7.6418788867783265
 20
7.52072283498946
 10
7.658643316822878
 20
7.500726242930357
 10
7.674043257870382
 20
7.483001060027389
 10
7.689290930306028
 20
7.46549654917466
 10
7.704977949905607
 20
7.448058138277393
 10
7.719620156174131
 20
7.431847448200944
 10
7.735672296154961
 20
7.414377139856138
 10
7.750816598770552
 20
7.3982527037977235
 10
7.7672084290314105
 20
7.380839375554427
 10
7.784150802269311
 20
7.363519711999724
 10
7.798870761455269
 20
7.3485481134431785
 10
7.814064086557832
 20
7.333207386598336
 10
7.828846860347638
 20
7.318423053762451
 10
7.843683882567989
 20
7.303587855882249
 10
7.858652637377949
 20
7.288773530716465
 10
7.8732518715810675
 20
7.274339169239986
 10
7.888259310343045
 20
7.259572762212656
 10
7.902989290736202
 20
7.245171266366276
 10
7.91623977057561
 20
7.232220914978176
 10
7.929300815471388
 20
7.219245905826323
 10
7.942753011654453
 20
7.205871244241225
 10
7.955369211351252
 20
7.193205060170794
 10
7.968540184993757
 20
7.179806160082888
 10
7.980497391335137
 20
7.1676611578681175
 10
7.992082029863559
 20
7.155484263347089
 10
8.004060080360997
 20
7.14289032327971
 10
8.013879252763216
 20
7.132299562447765
 10
8.025093948404674
 20
7.11975526336461
 10
8.03322596011673
 20
7.110798474055808
 10
8.040438205475533
 20
7.101896721985133
 10
8.049966957095771
 20
7.090265554367801
 10
8.056039548908387
 20
7.082500882712451
 10
8.064371907854849
 20
7.071013545750931
 10
8.069933923890158
 20
7.063659127502674
 10
8.074330577265023
 20
7.0565640908864085
 10
8.081419030336873
 20
7.045558661089826
 10
8.084434048637169
 20
7.040563366069921
 10
8.089988179260638
 20
7.030043549273943
 10
8.09253838803966
 20
7.02594776304608
 10
8.093679705427858
 20
7.022574187261556
 10
8.098300727638309
 20
7.011976381003269
 10
8.099464949899344
 20
7.009106065743326
 10
8.102545350870134
 20
6.999262931008845
 10
8.103760578131258
 20
6.996826598270077
 10
8.103666011749072
 20
6.995447653176467
 10
8.105837078548458
 20
6.986037086616664
 10
8.105750605756226
 20
6.987046391693099
 10
8.10639556677377
 20
6.9790326049031135
 10
8.10743226879165
 20
6.970889617013221
 10
8.107546266097966
 20
6.963639655417915
 10
8.108100251969853
 20
6.948945009439061
 10
8.10824707182898
 20
6.939092141908736
 10
8.107946686617423
 20
6.924890649859378
 10
8.107776843216962
 20
6.911859672372722
 10
8.107024281684886
 20
6.899395185711103
 10
8.106172470042932
 20
6.884310851286463
 10
8.105394055090326
 20
6.874506019578332
 10
8.103760297427915
 20
6.860407766778291
 10
8.102146817394063
 20
6.84575862720399
 10
8.100108093476305
 20
6.8315808553159565
 10
8.097608492206486
 20
6.814120109242859
 10
8.0952627104008
 20
6.798865096645943
 10
8.092367972346516
 20
6.781726011146427
 10
8.090290906182968
 20
6.768985118318058
 10
8.087717314572687
 20
6.756910478396303
 10
8.08408438603568
 20
6.73964415794424
 10
8.080682134686164
 20
6.724208151693963
 10
8.07666324857855
 20
6.70707339343637
 10
8.07302824130074
 20
6.691453149879292
 10
8.069101852712429
 20
6.676228005784725
 10
8.064758220194774
 20
6.659382096905566
 10
8.060930740240849
 20
6.645253722066173
 10
8.056219310562911
 20
6.628995425876015
 10
8.051810835517701
 20
6.613661694571766
 10
8.047131771208658
 20
6.59876102750503
 10
8.041535583903936
 20
6.580961186509979
 10
8.036159419672815
 20
6.564175317492506
 10
8.030344385589569
 20
6.546477292209137
 10
8.025849255574938
 20
6.532662334251644
 10
8.021034191977018
 20
6.519443261675101
 10
8.014664410331273
 20
6.501933285594485
 10
8.00848238952955
 20
6.485191438466044
 10
8.001866638232642
 20
6.467642992078308
 10
7.996223204416878
 20
6.452609948352076
 10
7.990343957205203
 20
6.438006304416448
 10
7.9834961306337275
 20
6.421008677062519
 10
7.977106457240328
 20
6.405474114433355
 10
7.97002898411186
 20
6.388753846174255
 10
7.963020901114211
 20
6.372172380987402
 10
7.9558949106381505
 20
6.355826644596988
 10
7.948874424156474
 20
6.339732669812047
 10
7.942866014171872
 20
6.3264007486966625
 10
7.935652380304776
 20
6.311123055272949
 10
7.92792570514425
 20
6.294715696758045
 10
7.920095068191989
 20
6.2785282786119785
 10
7.9121271181713535
 20
6.262073290082823
 10
7.904897447824246
 20
6.247454822991687
 10
7.896785764454528
 20
6.231530624464151
 10
7.889200371139049
 20
6.2165961652598165
 10
7.881463667785052
 20
6.202055077550815
 10
7.872589316712034
 20
6.185399695653789
 10
7.86405752528742
 20
6.169559972139473
 10
7.855019301052298
 20
6.153031289776548
 10
7.847605452312292
 20
6.139414008104882
 10
7.840016299958575
 20
6.126342879408746
 10
7.830808256629467
 20
6.110490854744972
 10
7.822183783429362
 20
6.095873245540255
 10
7.812759113362546
 20
6.080246421291316
 10
7.803635126619543
 20
6.065096690914511
 10
7.794414874346115
 20
6.050232700813947
 10
7.785101072622258
 20
6.0352273760117
 10
7.777097595002159
 20
6.0226555163293884
 10
7.767701841015276
 20
6.008429196522445
 10
7.758393074031196
 20
5.9942908916547815
 10
7.74897782740536
 20
5.980532462505477
 10
7.739209690861656
 20
5.9662631965004795
 10
7.73106214475998
 20
5.9546871995338435
 10
7.721239715083814
 20
5.9412946946070955
 10
7.715375289673788
 20
5.933062410196564
 10
7.709414106862868
 20
5.92596532813294
 10
7.700312522738099
 20
5.914870402859782
 10
7.694723130911297
 20
5.9083881337466515
 10
7.685556018425866
 20
5.898634477098153
 10
7.680211662270682
 20
5.892618765872116
 10
7.6749960399222985
 20
5.887951737885354
 10
7.665681136559757
 20
5.879182017222816
 10
7.661669798633101
 20
5.875615058632356
 10
7.652578371335821
 20
5.868482117342555
 10
7.647348237913968
 20
5.8640148447981435
 10
7.642496564947662
 20
5.860947817080109
 10
7.63205356606429
 20
5.853782578756517
 10
7.62760093268663
 20
5.850911229057701
 10
7.617546844722006
 20
5.845276290642855
 10
7.611455140354282
 20
5.8415414426349255
 10
7.605900566930371
 20
5.839097683510632
 10
7.594043448935844
 20
5.833397677650762
 10
7.588212127857141
 20
5.830794394473386
 10
7.5768386079800765
 20
5.826439908302202
 10
7.569183228104642
 20
5.823253780216289
 10
7.562167855304201
 20
5.821198149292555
 10
7.548247154809209
 20
5.816794587393792
 10
7.539103085011384
 20
5.814130803037768
 10
7.525564620053782
 20
5.810740457143627
 10
7.515260739687576
 20
5.808001959669666
 10
7.505528386388928
 20
5.806156487417218
 10
7.490100491950199
 20
5.803092584451443
 10
7.478611693774743
 20
5.801031456475282
 10
7.463584414371247
 20
5.7987810990955975
 10
7.449729242658628
 20
5.796629405348296
 10
7.4362899880471875
 20
5.795073000571342
 10
7.419589619916372
 20
5.793114660183488
 10
7.406047113447274
 20
5.791722502061274
 10
7.389791077406238
 20
5.7904023532948194
 10
7.374363993308778
 20
5.789104963113264
 10
7.359282485845032
 20
5.788255457491003
 10
7.3411256725378555
 20
5.787234069900651
 10
7.3245367150851886
 20
5.786428365467003
 10
7.306503328141323
 20
5.785748178799126
 10
7.289627033684896
 20
5.785093983511115
 10
7.273005045159506
 20
5.784751001041135
 10
7.253745730494055
 20
5.784365610672179
 10
7.234870309214856
 20
5.784035318099881
 10
7.215522331398577
 20
5.78376446340226
 10
7.195531354917641
 20
5.7834840288308405
 10
7.175540762113388
 20
5.7832041188688095
 10
7.155704686566471
 20
5.782926379929794
 10
7.136083517755598
 20
5.782668339295997
 10
7.11630266471998
 20
5.782431031004709
 10
7.095959620231595
 20
5.782186754192161
 10
7.075588825982819
 20
5.78190479069996
 10
7.055723760549533
 20
5.781626647120326
 10
7.03610259223916
 20
5.781368567980116
 10
7.016322103659293
 20
5.781131264271981
 10
6.996325731487974
 20
5.780891307805925
 10
6.9763293593166535
 20
5.78065135133987
 10
6.9561743025639124
 20
5.780409457077018
 10
6.935803245127276
 20
5.780147731278781
 10
6.915591173088776
 20
5.77986482462267
 10
6.895941259292813
 20
5.779589566219985
 10
6.876319834150534
 20
5.779351235919075
 10
6.856194105959625
 20
5.779109694871846
 10
6.835823048013009
 20
5.778848008308807
 10
6.815610611522759
 20
5.778565096760745
 10
6.795960333273342
 20
5.7782898335918365
 10
6.776338908632106
 20
5.778051464784521
 10
6.756213909355339
 20
5.777809932666321
 10
6.735842850898766
 20
5.777548285338479
 10
6.715630049956754
 20
5.777265368898822
 10
6.6956341975959806
 20
5.77698542696577
 10
6.675638345235217
 20
5.7767054850327195
 10
6.649961881209407
 20
5.776302964485533
 10
6.616482993070596
 20
5.774779491384027
 10
6.588743294439588
 20
5.772466523203101
 10
6.542609039019095
 20
5.767549970731727
 10
6.494990287791525
 20
5.757497307439932
 10
6.46077651022486
 20
5.748930777840947
 10
6.4128928910907215
 20
5.733482573524949
 10
6.3784189256357
 20
5.719301114619562
 10
6.333800689157991
 20
5.69917233537458
 10
6.28981596703374
 20
5.673181950002301
 10
6.259291452617451
 20
5.653438017627461
 10
6.2172188311732866
 20
5.62169194344507
 10
6.188567083982253
 20
5.59606875343981
 10
6.153345787610688
 20
5.562315480403709
 10
6.120839921137108
 20
5.523524135607138
 10
6.099085111004008
 20
5.495437657225735
 10
6.070887120131036
 20
5.453332360726575
 10
6.052773896484593
 20
5.421145823532245
 10
6.029484834659411
 20
5.376130622366638
 10
6.01099153875812
 20
5.327367463390404
 10
5.999664365648597
 20
5.293544107828487
 10
5.986917486077248
 20
5.244162726489203
 10
5.9805058227493095
 20
5.207970885357686
 10
5.974136141314456
 20
5.165468177828182
 10
5.971570306852723
 20
5.121726978890713
 10
5.970669622392151
 20
5.097746525772787
 10
5.970106511631483
 20
5.07099659004003
 10
5.970042050217148
 20
5.04740010819887
 10
5.970001504607342
 20
5.027039569952255
 10
5.9700000001995175
 20
5.006666759955616
 10
5.97
 20
4.986656715424162
 10
5.97
 20
4.966658903565869
 10
5.97
 20
4.946661091707574
 10
5.97
 20
4.926663279849285
 10
5.97
 20
4.906665467990992
 10
5.97
 20
4.886667656132697
 10
5.97
 20
4.866669844274408
 10
5.97
 20
4.846672032416115
 10
5.97
 20
4.826674220557819
 10
5.97
 20
4.80667640869953
 10
5.97
 20
4.786678596841234
 10
5.97
 20
4.766680784982942
 10
5.97
 20
4.746682973124654
 10
5.97
 20
4.726685161266357
 10
5.97
 20
4.706687349408065
 10
5.97
 20
4.686689537549773
 10
5.97
 20
4.66669172569148
 10
5.97
 20
4.646693913833189
 10
5.97
 20
4.626696101974896
 10
5.97
 20
4.606698290116603
 10
5.97
 20
4.586700478258311
 10
5.97
 20
4.566702666400018
 10
5.97
 20
4.546704854541726
 10
5.97
 20
4.526707042683434
 10
5.97
 20
4.506709230825141
 10
5.97
 20
4.486711418966849
 10
5.97
 20
4.466713607108557
 10
5.97
 20
4.446715795250265
 10
5.97
 20
4.426717983391972
 10
5.97
 20
4.40672017153368
 10
5.97
 20
4.386722359675384
 10
5.97
 20
4.366724547817095
 10
5.97
 20
4.346726735958799
 10
5.97
 20
4.3267289241005065
 10
5.97
 20
4.306731112242217
 10
5.97
 20
4.286733300383922
 10
5.97
 20
4.2667354885256294
 10
5.97
 20
4.246737676667341
 10
5.97
 20
4.226739864809045
 10
5.97
 20
4.206742052950752
 10
5.97
 20
4.186744241092464
 10
5.97
 20
4.166746429234168
 10
5.97
 20
4.146748617375876
 10
5.97
 20
4.126750805517584
 10
5.97
 20
4.106752993659291
 10
5.97
 20
4.086755181800998
 10
5.97
 20
4.066757369942706
 10
5.97
 20
4.046759558084414
 10
5.97
 20
4.026761746226121
 10
5.97
 20
4.006763934367829
 10
5.970004832968978
 20
3.988669987887033
 10
5.969845405308665
 20
3.9727986165091025
 10
5.969447823605874
 20
3.9550255739900244
 10
5.969366860936932
 20
3.94514209367924
 10
5.968512608096568
 20
3.935711680307973
 10
5.967444384572636
 20
3.921574775333032
 10
5.9665715085608895
 20
3.913321647560986
 10
5.964598127658773
 20
3.8997420868771577
 10
5.963435401664639
 20
3.8904440310606088
 10
5.96153283994275
 20
3.8816883998719502
 10
5.958902656973203
 20
3.8684236706087876
 10
5.957338952792267
 20
3.8617232325287953
 10
5.953826322519574
 20
3.8492410706094855
 10
5.952016532204684
 20
3.841905680670142
 10
5.949493271893588
 20
3.8352983572806263
 10
5.945041784065984
 20
3.8224989659215116
 10
5.942515203768666
 20
3.81593673308686
 10
5.9372993037926705
 20
3.804009345860203
 10
5.935735854317331
 20
3.7995941346721223
 10
5.933557191647898
 20
3.796165777583623
 10
5.927964154388128
 20
3.7855842253074026
 10
5.925952471914872
 20
3.782117655185313
 10
5.919619693445403
 20
3.7725765513431155
 10
5.9178812649033645
 20
3.769261463329357
 10
5.915686853781233
 20
3.767031059939333
 10
5.9091610827777705
 20
3.75858957039438
 10
5.908323622816022
 20
3.757577386424394
 10
5.9012357297975635
 20
3.7504130769358732
 10
5.90240570875401
 20
3.750773347024122
 10
5.9034068868863425
 20
3.752370268395646
 10
5.896565444700461
 20
3.746568870575419
 10
5.898239436749336
 20
3.74774712998684
 10
5.8911172170638615
 20
3.7433945751875757
 10
5.892685733235195
 20
3.7436699783598026
 10
5.894364011070658
 20
3.745176888354091
 10
5.886785468032587
 20
3.741324939572828
 10
5.889511614909853
 20
3.7424180629026385
 10
5.881929316640787
 20
3.7400258435991915
 10
5.884670659501221
 20
3.7402403525059196
 10
5.887763749048434
 20
3.741596776722777
 10
5.879069123179849
 20
3.7396349465468655
 10
5.881137233438959
 20
3.7399140801939783
 10
5.8727181175978025
 20
3.73934918840189
 10
5.867038508644863
 20
3.738574629339086
 10
5.861681088106948
 20
3.7387819811507805
 10
5.842953474221231
 20
3.738593429241114
 10
5.824834864835614
 20
3.7384987246161216
 10
5.805815079706176
 20
3.7385
 10
5.785817267847883
 20
3.7385
 10
5.765819455989591
 20
3.7385
 10
5.745821644131299
 20
3.7385
 10
5.725823832273006
 20
3.7385
 10
5.7058260204147135
 20
3.7385
 10
5.685828208556421
 20
3.7385
 10
5.665830396698128
 20
3.7385
 10
5.6458325848398365
 20
3.7385
 10
5.62583477298154
 20
3.7385
 10
5.605836961123249
 20
3.7385
 10
5.5858391492649595
 20
3.7385
 10
5.565841337406663
 20
3.7385
 10
5.545843525548372
 20
3.7385
 10
5.5258457136900825
 20
3.7385
 10
5.505847901831787
 20
3.7385
 10
5.4858500899734945
 20
3.7385
 10
5.465852278115202
 20
3.7385
 10
5.445854466256909
 20
3.7385
 10
5.425856654398617
 20
3.7385
 10
5.405858842540325
 20
3.7385
 10
5.385861030682032
 20
3.7385
 10
5.36586321882374
 20
3.7385
 10
5.345865406965448
 20
3.7385
 10
5.325867595107155
 20
3.7385
 10
5.3058697832488635
 20
3.7385
 10
5.285871971390571
 20
3.7385
 10
5.265874159532278
 20
3.7385
 10
5.245876347673983
 20
3.7385
 10
5.225878535815694
 20
3.7385
 10
5.205880723957401
 20
3.7385
 10
5.185882912099105
 20
3.7385
 10
5.165885100240816
 20
3.7385
 10
5.145887288382524
 20
3.7385
 10
5.125889476524228
 20
3.7385
 10
5.10589166466594
 20
3.7385
 10
5.085893852807647
 20
3.7385
 10
5.065896040949351
 20
3.7385
 10
5.045898229091063
 20
3.7385
 10
5.025900417232767
 20
3.7385
 10
5.005902605374475
 20
3.7385
 10
4.985904793516182
 20
3.7385
 10
4.96590698165789
 20
3.7385
 10
4.945909169799597
 20
3.7385
 10
4.925911357941304
 20
3.7385
 10
4.9059135460830126
 20
3.7385
 10
4.88591573422472
 20
3.7385
 10
4.865917922366427
 20
3.7385
 10
4.8459201105081355
 20
3.7385
 10
4.825922298649843
 20
3.7385
 10
4.805924486791551
 20
3.7385
 10
4.7859266749332585
 20
3.7385
 10
4.765928863074966
 20
3.7385
 10
4.746641117336505
 20
3.738499327740872
 10
4.72814357001479
 20
3.7385692193084274
 10
4.708936274325761
 20
3.7387237096134
 10
4.695500929893577
 20
3.7387737643132657
 10
4.682262612337451
 20
3.739400825411922
 10
4.666178947415578
 20
3.7400901054137834
 10
4.654115590083105
 20
3.7408558543505435
 10
4.638364831189494
 20
3.742239315568461
 10
4.62644410571978
 20
3.743182091963443
 10
4.614837431254739
 20
3.7447747605299098
 10
4.599864202917917
 20
3.746707871175911
 10
4.589922710836838
 20
3.7482546933223757
 10
4.575445942502523
 20
3.7509753898079197
 10
4.5659499202767115
 20
3.7525895874682993
 10
4.5569140751006785
 20
3.754934349635524
 10
4.54312953994677
 20
3.7582678632291606
 10
4.5351825255891915
 20
3.7604522917578977
 10
4.522047125024564
 20
3.7646094360986746
 10
4.514345524792271
 20
3.7668143419061857
 10
4.507270782787078
 20
3.769736912853861
 10
4.494864948811518
 20
3.7744711352102276
 10
4.488855944879825
 20
3.7770158521982324
 10
4.477204380663499
 20
3.782580534942597
 10
4.471129486146912
 20
3.7851787117602926
 10
4.465796388252561
 20
3.78844900641525
 10
4.454329220781977
 20
3.7948542371993064
 10
4.4490720409712035
 20
3.798049033453373
 10
4.438550062174673
 20
3.805140842393709
 10
4.432648162106948
 20
3.8087974642568185
 10
4.427591886090008
 20
3.8129853693084512
 10
4.417132843453215
 20
3.8210182130460226
 10
4.412214290646806
 20
3.8250892074799965
 10
4.402704652535103
 20
3.8337192061911645
 10
4.396723746992806
 20
3.8388251615241633
 10
4.391598712604654
 20
3.844344592286928
 10
4.3817926829033125
 20
3.8543424383807063
 10
4.376364329221463
 20
3.8602432056378073
 10
4.36748799114882
 20
3.8706756893045133
 10
4.361286742964397
 20
3.877675029678063
 10
4.355887275952314
 20
3.8849966320824234
 10
4.346542897335036
 20
3.897229222286999
 10
4.340176263791405
 20
3.90599816866139
 10
4.331597347845508
 20
3.9185418983243148
 10
4.325241117095002
 20
3.927607833962935
 10
4.319620038195001
 20
3.936890687549799
 10
4.310468487540078
 20
3.9516999803334727
 10
4.302759075654755
 20
3.9645443808524288
 10
4.294049687202407
 20
3.9795528181458044
 10
4.286524069392469
 20
3.9924368637355183
 10
4.279475051567896
 20
4.005434229611546
 10
4.270092893610265
 20
4.022667454107246
 10
4.260796046828408
 20
4.039796510485302
 10
4.2514088916004
 20
4.057151115045009
 10
4.24204723746076
 20
4.074458085793707
 10
4.23271968368957
 20
4.091773392846567
 10
4.224291022355887
 20
4.1074075903573
 10
4.217196112031879
 20
4.120959564709614
 10
4.209281384869223
 20
4.136596912939495
 10
4.200757473172121
 20
4.153414581710383
 10
4.192353133147239
 20
4.170257931556514
 10
4.183475114269396
 20
4.18805376496476
 10
4.174630036756777
 20
4.205802435680201
 10
4.16575780373225
 20
4.223626496324656
 10
4.157499440605408
 20
4.2402108134843655
 10
4.1493942731629065
 20
4.256825791179902
 10
4.141201001164341
 20
4.273618950779719
 10
4.133713384823587
 20
4.289237300249587
 10
4.1258041502887925
 20
4.306064529494335
 10
4.1173693610714714
 20
4.324003210545314
 10
4.108953526600682
 20
4.341945252717955
 10
4.1004959482182475
 20
4.359977430214463
 10
4.092078946501074
 20
4.377941975531546
 10
4.083637858023142
 20
4.395978851602957
 10
4.076192233193142
 20
4.411869738773009
 10
4.068995689310628
 20
4.427804908258223
 10
4.061018042715827
 20
4.445463172223283
 10
4.053321610328487
 20
4.462635540315173
 10
4.045456503796125
 20
4.480342987703532
 10
4.037338333834763
 20
4.498618867862857
 10
4.029220163873396
 20
4.516894748022189
 10
4.021167582558683
 20
4.535022887131932
 10
4.013204117312821
 20
4.552992209429162
 10
4.005192725909547
 20
4.5711170993792
 10
3.998088926817352
 20
4.587168859642623
 10
3.9912364708073906
 20
4.603255205199974
 10
3.983488277748217
 20
4.6214396653172605
 10
3.975800445666033
 20
4.639526128823636
 10
3.968066570131171
 20
4.657770256234351
 10
3.960186048338242
 20
4.676360077331272
 10
3.952284434711019
 20
4.694946540600365
 10
3.9444943538760513
 20
4.713269099222049
 10
3.9367565874897865
 20
4.731493767078692
 10
3.9289927349732303
 20
4.749808534042827
 10
3.9221314649397683
 20
4.765973810190268
 10
3.915523343899711
 20
4.782164736139928
 10
3.9079316926805543
 20
4.800762198584157
 10
3.9002264105682913
 20
4.819591273394177
 10
3.892564605927484
 20
4.838262000249898
 10
3.88504775711944
 20
4.856579235941829
 10
3.87755290595652
 20
4.874898256726927
 10
3.8700089355708975
 20
4.893339057621379
 10
3.862497415380804
 20
4.911719258650899
 10
3.8549679774475956
 20
4.930164409549258
 10
3.8480197334253536
 20
4.947176493312172
 10
3.8412435945070365
 20
4.964204870640841
 10
3.8339294925495637
 20
4.982588877601005
 10
3.826681610202603
 20
5.000852722246742
 10
3.8193918411552064
 20
5.019275360885068
 10
3.8118601792076228
 20
5.038308375800481
 10
3.804275366225906
 20
5.0573373988090635
 10
3.7969478176794316
 20
5.075715495353238
 10
3.789744041422522
 20
5.093847547510311
 10
3.7824812139644814
 20
5.112202217644238
 10
3.7755437141114023
 20
5.129729716387591
 10
3.7687302588579685
 20
5.147266137444201
 10
3.7615032356234233
 20
5.1658727326833205
 10
3.7542628257229005
 20
5.184513788007316
 10
3.747022415822383
 20
5.203154843331302
 10
3.739782005921864
 20
5.22179589865529
 10
3.732541596021342
 20
5.240436953979286
 10
3.725301186120822
 20
5.259078009303277
 10
3.7180607762203017
 20
5.277719064627268
 10
3.7108203663197803
 20
5.296360119951262
 10
3.703918804375456
 20
5.314125535726131
 10
3.6971190975800594
 20
5.331898392809281
 10
3.690021525425268
 20
5.3504551393424435
 10
3.6829646983224276
 20
5.368935014488634
 10
3.6758835876465663
 20
5.3875130350387685
 10
3.6687611322959266
 20
5.4061994768856705
 10
3.661638676945287
 20
5.424885918732574
 10
3.6544581106473037
 20
5.443724720655186
 10
3.647194344605034
 20
5.462732186323463
 10
3.6399700133807382
 20
5.481580153158337
 10
3.633054134932078
 20
5.499621551196412
 10
3.6262133260461966
 20
5.517664966980886
 10
3.6192146589752223
 20
5.5361301870205875
 10
3.6123205383239574
 20
5.5543860443765585
 10
3.605372082581601
 20
5.572862871317106
 10
3.5982133284739524
 20
5.591898213593061
 10
3.5910163383207303
 20
5.610931536049003
 10
3.5839380012970876
 20
5.629647139534176
 10
3.576863768545792
 20
5.648351890537602
 10
3.569789535794496
 20
5.667056641541028
 10
3.5628346294412996
 20
5.685445455569231
 10
3.5559177289808828
 20
5.703834674566579
 10
3.548883086822362
 20
5.722540428222356
 10
3.541843857048243
 20
5.741258380121718
 10
3.5348046272741227
 20
5.759976332021083
 10
3.527765397500005
 20
5.778694283920441
 10
3.520726167725885
 20
5.797412235819806
 10
3.5136869379517672
 20
5.816130187719164
 10
3.5066477081776486
 20
5.834848139618526
 10
3.499608478403528
 20
5.853566091517891
 10
3.49240527497021
 20
5.872719245011833
 10
3.4851485732190084
 20
5.891871971239255
 10
3.478076392344442
 20
5.910531328093678
 10
3.4710420917222975
 20
5.929109186455941
 10
3.4639930293485284
 20
5.947747404347317
 10
3.457038061865835
 20
5.966136380446919
 10
3.4501211442711446
 20
5.984525592982076
 10
3.4430078486351507
 20
6.003440304284388
 10
3.4357755476465224
 20
6.0226022430722885
 10
3.4285959621592976
 20
6.041545245774234
 10
3.4214340808543806
 20
6.06044111733891
 10
3.414248446011485
 20
6.079336177073181
 10
3.4071146992790924
 20
6.0980923062154115
 10
3.39995195463085
 20
6.116906120282996
 10
3.3928038975987542
 20
6.135659749939488
 10
3.3856814422481136
 20
6.154346191786395
 10
3.378558986897472
 20
6.1730326336333015
 10
3.3713787767904018
 20
6.191870502270925
 10
3.364115111140311
 20
6.210878006311668
 10
3.3568904228533807
 20
6.229726906098427
 10
3.3495659259870516
 20
6.248835258497969
 10
3.3421877900173405
 20
6.267942864614485
 10
3.3349396686882193
 20
6.286707410122731
 10
3.3276468341337213
 20
6.305558006393006
 10
3.3203783753456735
 20
6.324311481965126
 10
3.3132256795314303
 20
6.3427660716081995
 10
3.306096482595933
 20
6.361220361485956
 10
3.2986967433846415
 20
6.380376359272607
 10
3.291006403194186
 20
6.400114043605685
 10
3.2834496045230432
 20
6.419317230632389
 10
3.275879951482764
 20
6.438549955915451
 10
3.268232911371616
 20
6.457780377731421
 10
3.260807052412766
 20
6.476445362398351
 10
3.253356851546256
 20
6.495153005493531
 10
3.245922804261309
 20
6.5137984199992
 10
3.238441976619491
 20
6.532560998828927
 10
3.2309381637982386
 20
6.5513229916134845
 10
3.2232587775550656
 20
6.570519845407965
 10
3.2152164210468355
 20
6.5904185515016
 10
3.2073444664960986
 20
6.60966333112104
 10
3.1995193723598083
 20
6.62878977027467
 10
3.191617098383179
 20
6.647913470982894
 10
3.1839054479477076
 20
6.666566695873568
 10
3.1761167853033943
 20
6.6853608668313935
 10
3.1683708168183267
 20
6.703999724363697
 10
3.1602596812647996
 20
6.723512677821878
 10
3.152015300391281
 20
6.743021452982423
 10
3.143969276955189
 20
6.762041825556222
 10
3.1355973844653544
 20
6.781656177899378
 10
3.127391129199509
 20
6.8006815239237834
 10
3.119151906300378
 20
6.819779377981057
 10
3.110818267564043
 20
6.838875558467813
 10
3.1024930669343123
 20
6.857938309574653
 10
3.09373787503358
 20
6.877765213450281
 10
3.085201332740962
 20
6.89684959283632
 10
3.07610397183477
 20
6.917168128876286
 10
3.0667345805414943
 20
6.937467033122041
 10
3.0582993504913114
 20
6.955703225659518
 10
3.0499038955642996
 20
6.9738533996445815
 10
3.0415084406372874
 20
6.992003573629646
 10
3.031409520165343
 20
7.013785374838036
 10
3.020806623370748
 20
7.035526270817992
 10
3.011590768997111
 20
7.0543333108759505
 10
3.001974181922332
 20
7.0737578680528435
 10
2.9926077837323697
 20
7.092451319585951
 10
2.982926666772087
 20
7.11176267411093
 10
2.9730536575499067
 20
7.131058306296005
 10
2.962565208149561
 20
7.151504456709944
 10
2.9501736466115687
 20
7.174782133113952
 10
2.938784774743048
 20
7.195296309941533
 10
2.928198350797412
 20
7.214325772014547
 10
2.9173987941917456
 20
7.233329321666496
 10
2.906202708414148
 20
7.252984416081415
 10
2.893271050630795
 20
7.275000196832042
 10
2.881322785179079
 20
7.2946459378380375
 10
2.869926752514086
 20
7.313352410734947
 10
2.8583061840603943
 20
7.3320164031992245
 10
2.8466549251430453
 20
7.350692981006616
 10
2.8336100511347797
 20
7.3711372003532185
 10
2.82138032000708
 20
7.389807340259262
 10
2.8095426989376033
 20
7.407860044932879
 10
2.7975165927053394
 20
7.425877519412249
 10
2.785074562212282
 20
7.444483019237372
 10
2.770873410401531
 20
7.465171434837322
 10
2.757711746550224
 20
7.483770527069657
 10
2.7449943082101593
 20
7.501715362802301
 10
2.73203735391078
 20
7.519609723941525
 10
2.718922908707392
 20
7.537681145570142
 10
2.704076757038549
 20
7.557642521797043
 10
2.690316095325252
 20
7.575628239873394
 10
2.6754804843966475
 20
7.5949604781424105
 10
2.66011504902407
 20
7.614126508660476
 10
2.6460956321735605
 20
7.631529385735747
 10
2.630353516246258
 20
7.650624054141602
 10
2.6157489478655274
 20
7.66786502546786
 10
2.5991645656555677
 20
7.68736276494004
 10
2.5818932545550735
 20
7.7066059717911095
 10
2.5657893933321088
 20
7.724412553196193
 10
2.546455646277659
 20
7.7449698339748405
 10
2.529292290524897
 20
7.762415721038672
 10
2.510222133063953
 20
7.781661895539742
 10
2.4902914070870543
 20
7.800494052380208
 10
2.472353286652362
 20
7.8172692477961885
 10
2.450512375547801
 20
7.8368122805724765
 10
2.431407076424165
 20
7.853054243249028
 10
2.4078846509188576
 20
7.872795271955927
 10
2.383073966538519
 20
7.891694139692128
 10
2.362142976502308
 20
7.907339497912735
 10
2.335661621817048
 20
7.925958162729145
 10
2.3133052481123224
 20
7.9405964540056875
 10
2.2834502120991136
 20
7.9596695842027705
 10
2.2518060250082166
 20
7.977118380779861
 10
2.226717123885614
 20
7.9904555791554746
 10
2.193445046051693
 20
8.006499328367298
 10
2.166573246486784
 20
8.01801421556764
 10
2.129017968511471
 20
8.033322142261053
 10
2.0894408745806774
 20
8.045774390429894
 10
2.0599746884183925
 20
8.054317289388907
 10
2.019878400279725
 20
8.063835196859555
 10
1.9889173127178095
 20
8.06942500332929
 10
1.9476240014030544
 20
8.075998506339578
 10
1.9050592896747454
 20
8.079047297981642
 10
1.8753720259409474
 20
8.080490189201054
 10
1.8362434502273715
 20
8.080639958650888
 10
1.8060088124648028
 20
8.079265967572843
 10
1.7685979414142845
 20
8.076983523240669
 10
1.7308183571193645
 20
8.071942704021785
 10
1.7049617168280407
 20
8.068081385593924
 10
1.673681438617457
 20
8.062502751993197
 10
1.6479785182780666
 20
8.057089855648991
 10
1.6218849668836244
 20
8.051479255150321
 10
1.5957642265193885
 20
8.045003037796892
 10
1.568332920259428
 20
8.038012910313725
 10
1.5325821804498796
 20
8.027332606694976
 10
1.5049795319447985
 20
8.017724715041977
 10
1.4616627154878017
 20
8.001482363638608
 10
1.4194664326729725
 20
7.980604123388609
 10
1.3923545707708056
 20
7.966227607167545
 10
1.3572508095497673
 20
7.945336743332227
 10
1.3315040233178848
 20
7.928117417673037
 10
1.2992272555373563
 20
7.905687485637146
 10
1.2684004279556564
 20
7.880493478070837
 10
1.2468773870249406
 20
7.862247777033839
 10
1.2201990756529788
 20
7.837790721435614
 10
1.200017600113823
 20
7.8176881114181365
 10
1.176718668090284
 20
7.793992422481125
 10
1.1545847386103125
 20
7.768773916042133
 10
1.1371838245445052
 20
7.7485143593141235
 10
1.116317765575701
 20
7.722569090240998
 10
1.1001788223225242
 20
7.701031245672277
 10
1.0805010223543385
 20
7.674249791086523
 10
1.0622137381404817
 20
7.646158065396689
 10
1.048152166028384
 20
7.624064797759364
 10
1.0316432020146462
 20
7.596324621456548
 10
1.0188780329892746
 20
7.573237557425771
 10
1.0039924923977575
 20
7.545838162171925
 10
0.9903709997216361
 20
7.51754371750535
 10
0.9793406901423329
 20
7.494146813160334
 10
0.9666262676233692
 20
7.465038427571796
 10
0.9569060400470925
 20
7.440794007886219
 10
0.9455495038353924
 20
7.411868793607192
 10
0.9355462996524573
 20
7.382233672597711
 10
0.927595909963089
 20
7.358063321455018
 10
0.9187260473323303
 20
7.328453302778198
 10
0.9120606102758686
 20
7.30366296841463
 10
0.9041428548471966
 20
7.273354237719904
 10
0.8976894271163773
 20
7.242469256897408
 10
0.892703394474102
 20
7.217614357471283
 10
0.8874613718432839
 20
7.187406577878886
 10
0.8837950664239673
 20
7.162133890796893
 10
0.8795444419773089
 20
7.131345703228761
 10
0.8767750245954302
 20
7.100162585450703
 10
0.874746391976285
 20
7.075135020308858
 10
0.8730618378630397
 20
7.045036702353683
 10
0.8723177942859563
 20
7.0197844816159005
 10
0.8716112141423271
 20
6.989497694170203
 10
0.8722913442476669
 20
6.9590011147088955
 10
0.8730427123317736
 20
6.933537363936554
 10
0.8747809136127975
 20
6.902704459488241
 10
0.8769427571902717
 20
6.877177675000069
 10
0.879700817584897
 20
6.846910437964577
 10
0.8838700891949187
 20
6.816637688404984
 10
0.8874452793461773
 20
6.791928421825481
 10
0.8924555694940624
 20
6.762426755004486
 10
0.8973002232187584
 20
6.737773258938872
 10
0.9033667775805962
 20
6.707884868690275
 10
0.9108495514236256
 20
6.6781640256202035
 10
0.9171922614434044
 20
6.653694759544568
 10
0.9256566697815525
 20
6.624235663389845
 10
0.9333825390922235
 20
6.5999075645835354
 10
0.9430680724157878
 20
6.570137163278241
 10
0.9542845738661518
 20
6.540695816039926
 10
0.9634186535296358
 20
6.517269321752221
 10
0.9751119695759184
 20
6.4893810287690945
 10
0.9855116094595768
 20
6.466320154169267
 10
0.9961188410066524
 20
6.442993920704291
 10
1.0073824773736733
 20
6.419883624595635
 10
1.0175522716896754
 20
6.3991553671128365
 10
1.0294553571726377
 20
6.375820394718579
 10
1.0403302976622117
 20
6.355337290960214
 10
1.0522348104739827
 20
6.333026177186763
 10
1.0647478006528903
 20
6.310937398291076
 10
1.0752921399328703
 20
6.292414070117992
 10
1.0865535771274166
 20
6.272922908988635
 10
1.0973308771893175
 20
6.2545587422056705
 10
1.1099828060526848
 20
6.233069710235484
 10
1.1231795242587517
 20
6.2118253818607965
 10
1.1341939549228048
 20
6.194162116519116
 10
1.1456676551489835
 20
6.175923075265483
 10
1.1568190519664496
 20
6.158362176286353
 10
1.1689704315738665
 20
6.139245802421401
 10
1.1814033314394439
 20
6.120250453259423
 10
1.1928901911986067
 20
6.102728678980603
 10
1.2049681855593686
 20
6.084495488280051
 10
1.2166369706101514
 20
6.067074002485789
 10
1.2286806442850566
 20
6.049101556007348
 10
1.240889779867651
 20
6.031209041223867
 10
1.2525502367807837
 20
6.014132854706135
 10
1.2646504283091606
 20
5.996543709319683
 10
1.2764432486031507
 20
5.979536080053585
 10
1.2881311369901312
 20
5.962681529843327
 10
1.2998697709767897
 20
5.945851042003574
 10
1.3115453147331777
 20
5.929113747449208
 10
1.3234973340552063
 20
5.9120574901077525
 10
1.335257740761591
 20
5.895355652792869
 10
1.3470667688076703
 20
5.878585801571382
 10
1.3589267180618863
 20
5.861839876053888
 10
1.37063696323132
 20
5.845307910989748
 10
1.3825208220689889
 20
5.828578355715245
 10
1.3942828256128776
 20
5.812070822802762
 10
1.4060613933493866
 20
5.795540418597894
 10
1.417869373929571
 20
5.77902424619052
 10
1.4294184379724622
 20
5.762871480671501
 10
1.440859459436128
 20
5.746843329058676
 10
1.452371902485068
 20
5.730686152847654
 10
1.46397646031384
 20
5.714399756170723
 10
1.4755810181426101
 20
5.698113359493793
 10
1.4870393513316973
 20
5.68203232756845
 10
1.4983190638460373
 20
5.666156733450756
 10
1.5097214667230825
 20
5.650059054191556
 10
1.5209842973343577
 20
5.634159194568852
 10
1.53219753406073
 20
5.618235946546041
 10
1.5437056210451117
 20
5.601892864473563
 10
1.5552191807388485
 20
5.5855420106029445
 10
1.5667327404325848
 20
5.569191156732325
 10
1.5774865624130094
 20
5.5539232888210766
 10
1.5881123916791768
 20
5.538600580867943
 10
1.5994076706505562
 20
5.5223116485895645
 10
1.6106146228892566
 20
5.506122885254545
 10
1.6218914517386405
 20
5.489803188347251
 10
1.6319317865891172
 20
5.4752859024543765
 10
1.6417505031382076
 20
5.460675965532358
 10
1.652880883902207
 20
5.444120017254009
 10
1.6640381902518886
 20
5.427524023938174
 10
1.6751954966015654
 20
5.410928030622347
 10
1.6850539218583616
 20
5.3962771381711425
 10
1.6946886562817205
 20
5.381539166885396
 10
1.7054422894381285
 20
5.365094953253054
 10
1.7160174799735255
 20
5.348867099300299
 10
1.7267265469334663
 20
5.332370145367575
 10
1.736350534768004
 20
5.317558297509291
 10
1.7457480137385573
 20
5.30266614225406
 10
1.755969807575264
 20
5.286473633279656
 10
1.7656871623107642
 20
5.2709335827152834
 10
1.775748990570806
 20
5.254672033944742
 10
1.7851531850750453
 20
5.239486705697055
 10
1.7943468618446947
 20
5.22423282443747
 10
1.8040598546480253
 20
5.208123119633612
 10
1.8130651823932933
 20
5.192978046826323
 10
1.8225418891934995
 20
5.176792406865046
 10
1.831510027472923
 20
5.161492739325021
 10
1.8402511877077263
 20
5.146131430532951
 10
1.8493589793170586
 20
5.13013456506718
 10
1.8575450613154503
 20
5.115475241460242
 10
1.8663300872753783
 20
5.099398147090403
 10
1.8747542277386477
 20
5.084005686991555
 10
1.882933047257413
 20
5.068552141496173
 10
1.8913719850229347
 20
5.052622292070997
 10
1.8987024369825947
 20
5.038430804627925
 10
1.9067230921010723
 20
5.022447815444909
 10
1.9144572934044186
 20
5.00707152636905
 10
1.9219169422102056
 20
4.991628012933563
 10
1.9296284774476113
 20
4.9756895673994705
 10
1.9361181615846306
 20
4.961849333666687
 10
1.943336290630677
 20
4.945886513718537
 10
1.9502476306215513
 20
4.9306557931596915
 10
1.9568340840825351
 20
4.915369139650269
 10
1.9636546469427743
 20
4.899582733245272
 10
1.969123175668746
 20
4.886387576957169
 10
1.975369739983848
 20
4.870569012866778
 10
1.9810074268373308
 20
4.856403417850458
 10
1.986187043862577
 20
4.8421900376925615
 10
1.9921981049088768
 20
4.825786938134517
 10
1.9971406356012067
 20
4.811729364722111
 10
2.0026375811828934
 20
4.795312026495241
 10
2.006782853014718
 20
4.783169838574311
 10
2.0102733421652155
 20
4.771031186046166
 10
2.0151861520450303
 20
4.7542475469954875
 10
2.019259831531863
 20
4.7396489316840995
 10
2.0237179738567628
 20
4.72275823482057
 10
2.026730136573916
 20
4.711753208769374
 10
2.028994415523689
 20
4.700804988572448
 10
2.0326978224637315
 20
4.683586905662967
 10
2.035766101578021
 20
4.668458807872526
 10
2.0390329351304537
 20
4.6511699591744025
 10
2.041144585167636
 20
4.640634985279426
 10
2.0424737666064283
 20
4.630222016437295
 10
2.04501574105002
 20
4.611728870417438
 10
2.0473256565475335
 20
4.594163471432838
 10
2.0496558275664696
 20
4.575506723856287
 10
2.0512165165777385
 20
4.563729755291029
 10
2.052074589419613
 20
4.552081669209494
 10
2.0535879257745604
 20
4.5332147835650565
 10
2.0549548251337457
 20
4.515110662787358
 10
2.0562874916816622
 20
4.4961307829230455
 10
2.0572458767336137
 20
4.4835228937893294
 10
2.057559483756691
 20
4.471061556059159
 10
2.058133083229788
 20
4.451962689936771
 10
2.058617739061531
 20
4.433470371084059
 10
2.0590394465158686
 20
4.4142642937374985
 10
2.0593988088398287
 20
4.39974887834199
 10
2.0592550374212752
 20
4.385376097376024
 10
2.0591043549480323
 20
4.366412925252173
 10
2.058873800311096
 20
4.348291506451595
 10
2.058530357592324
 20
4.329283481798398
 10
2.058275141746385
 20
4.313677278091381
 10
2.0576083957253157
 20
4.298205366216662
 10
2.056802924433084
 20
4.279050576777542
 10
2.055955019175478
 20
4.260553420081395
 10
2.0549943642020567
 20
4.241356431978921
 10
2.0542180536414905
 20
4.225398505276971
 10
2.0530649644678953
 20
4.209579176014159
 10
2.051660696205758
 20
4.190112236216759
 10
2.0502402767511434
 20
4.170942920248894
 10
2.0487498045892627
 20
4.151412849871867
 10
2.0474915189871976
 20
4.134735000278819
 10
2.0459224694959572
 20
4.118175366757523
 10
2.044120512298165
 20
4.099075023650001
 10
2.042314733692993
 20
4.080695688819909
 10
2.0403550276032805
 20
4.06160669876074
 10
2.0385421864451265
 20
4.043878471848686
 10
2.0365178889891253
 20
4.026233569795554
 10
2.0343292581809918
 20
4.007144164128685
 10
2.0321548880700546
 20
3.988808785406797
 10
2.029811924509823
 20
3.9697649771285977
 10
2.0275050075918153
 20
3.9509942166762784
 10
2.0250902121051517
 20
3.9322678106270543
 10
2.0226512723843926
 20
3.9133575898380344
 10
2.020250525002158
 20
3.895428487691465
 10
2.017627462541845
 20
3.876620677932739
 10
2.0149670041409227
 20
3.8575297408698104
 10
2.0122345213880797
 20
3.838469523636366
 10
2.009527169495001
 20
3.81958669477694
 10
2.0068732869131787
 20
3.8016949049126776
 10
2.003984475105933
 20
3.782926545307171
 10
2.0009352479522877
 20
3.763106541920009
 10
1.9978916304320589
 20
3.743284103244096
 10
1.9949709325837908
 20
3.724256213015793
 10
1.9921063164111066
 20
3.706081179235177
 10
1.9890382696451332
 20
3.6871803494879916
 10
1.9858257593131978
 20
3.6673832263063715
 10
1.9826191130934687
 20
3.6475833830278925
 10
1.9795380051212654
 20
3.6285531987712067
 10
1.976517513289967
 20
3.6103447367740458
 10
1.97329523138214
 20
3.5914383325939037
 10
1.9699363042905873
 20
3.5717246295446734
 10
1.9665773771990338
 20
3.552010926495436
 10
1.9632233989822332
 20
3.5323262617397213
 10
1.959871983224806
 20
3.512675286681274
 10
1.9565120823876012
 20
3.492995876457957
 10
1.9531967025602497
 20
3.4735765220835346
 10
1.9498517950059904
 20
3.454171255848582
 10
1.946455539172466
 20
3.4344729726346257
 10
1.9430577726227232
 20
3.414765926646118
 10
1.93966000607298
 20
3.395058880657609
 10
1.9362622395232374
 20
3.3753518346691016
 10
1.9328644729734945
 20
3.3556447886805922
 10
1.929437489077352
 20
3.335768049410756
 10
1.9259953945376205
 20
3.3156937431172446
 10
1.9226032802241746
 20
3.295785571631083
 10
1.9191251002880931
 20
3.275367921371665
 10
1.9157191329729657
 20
3.254912046136624
 10
1.9124055103167084
 20
3.234989663565551
 10
1.9090821436059822
 20
3.2148946134860386
 10
1.9058078725073018
 20
3.1949663464699642
 10
1.902440895468755
 20
3.1744685758225235
 10
1.8991529792301813
 20
3.1539318675797468
 10
1.8958825292311432
 20
3.133477180813367
 10
1.8925689640979564
 20
3.1122544397934697
 10
1.8894476553835224
 20
3.0917009817978904
 10
1.8863309496670895
 20
3.0711669948804983
 10
1.883293399528355
 20
3.0505950049289967
 10
1.8802221027332995
 20
3.0297592628042866
 10
1.877101590947834
 20
3.0077537949172424
 10
1.8742576639380715
 20
2.9867567908902557
 10
1.8714731824491975
 20
2.9661790199171114
 10
1.8687680636344939
 20
2.9455648054484738
 10
1.8659421683835364
 20
2.923969414753658
 10
1.86307644323443
 20
2.9003790210979816
 10
1.860650304419745
 20
2.8785045611480493
 10
1.8582949513616285
 20
2.8571955644837352
 10
1.8560926952570462
 20
2.8358188376553835
 10
1.8538182749187335
 20
2.8135852861439847
 10
1.851581050824154
 20
2.788767367262052
 10
1.8498543845216564
 20
2.7662141758670757
 10
1.8480791286050609
 20
2.742673452558332
 10
1.8467152817533545
 20
2.7189739921393596
 10
1.8455024548793493
 20
2.697300828494267
 10
1.84438990908171
 20
2.673941803899366
 10
1.8435574311463414
 20
2.6521495651604403
 10
1.842574571125409
 20
2.62386128407244
 10
1.8426637856206614
 20
2.595243182805778
 10
1.8428642745975683
 20
2.5718008002493162
 10
1.8435297207725112
 20
2.5450528284501375
 10
1.8445528116153285
 20
2.5214487075409777
 10
1.8458233362949565
 20
2.4942247190924367
 10
1.8480277207970512
 20
2.4668014226760793
 10
1.8500909077003707
 20
2.442595489717797
 10
1.853119497709079
 20
2.414106131158219
 10
1.856289778115679
 20
2.3896956434539427
 10
1.8598036475331576
 20
2.363329344829983
 10
1.8641683426697024
 20
2.336848152970592
 10
1.8679803945218552
 20
2.3142622008281264
 10
1.8726164500926217
 20
2.2889494847962375
 10
1.877127983870425
 20
2.266327763050581
 10
1.8824015323341552
 20
2.2402563343351223
 10
1.888529664443701
 20
2.2141358637922575
 10
1.894032216704517
 20
2.1911029257133046
 10
1.9008899486061035
 20
2.164518107830624
 10
1.9073560106537975
 20
2.141400542239237
 10
1.9152090803524882
 20
2.1137941748709004
 10
1.9242433667625913
 20
2.0862162058583893
 10
1.9320907283068016
 20
2.0627561081774264
 10
1.9420770839330779
 20
2.0350209125899266
 10
1.9511621816333176
 20
2.01166512495836
 10
1.9623378512649454
 20
1.9834436075021395
 10
1.974952244295428
 20
1.9554174137465654
 10
1.9857952511897639
 20
1.931849112404286
 10
1.9999481459106063
 20
1.9032604577600565
 10
2.012369877223752
 20
1.8800333011653625
 10
2.028507122162891
 20
1.850529212779575
 10
2.0466009998658166
 20
1.8215786719660947
 10
2.0609993166243457
 20
1.7991376333533127
 10
2.0798041930716957
 20
1.7717616021542413
 10
2.0958931191356576
 20
1.750000143564579
 10
2.1157072551102685
 20
1.7237108344409824
 10
2.137231079221511
 20
1.698227227467424
 10
2.154969117955844
 20
1.6776967018464413
 10
2.1782791933495886
 20
1.6525045209028808
 10
2.1977891043834767
 20
1.6329400374641927
 10
2.2211974300131736
 20
1.6099083895865844
 10
2.24616415435038
 20
1.5879184753965785
 10
2.2657057887107164
 20
1.5710640510441554
 10
2.2901009998111115
 20
1.5511688292198784
 10
2.3108236311334496
 20
1.5352902189827033
 10
2.334846188218484
 20
1.5171273615295315
 10
2.3599112175991093
 20
1.4998900542826412
 10
2.3797859089306557
 20
1.4864222078022027
 10
2.4031797673322854
 20
1.4712165770226133
 10
2.4237444019617094
 20
1.4584630310685416
 10
2.446187636911356
 20
1.444638092248348
 10
2.4692069243976444
 20
1.4313894397233975
 10
2.488529582112106
 20
1.420354335804367
 10
2.509818012953714
 20
1.4084986707335863
 10
2.529441815698624
 20
1.397875841315543
 10
2.5484603911859995
 20
1.387592513272662
 10
2.5676107379518007
 20
1.3774432004237032
 10
2.588108745287123
 20
1.3666061438790291
 10
2.6119155677819124
 20
1.3545122431705339
 10
2.6331192603165796
 20
1.3442213365932782
 10
2.6593522926782547
 20
1.33163553936978
 10
2.6863624609732155
 20
1.3200131771912655
 10
2.708915975828974
 20
1.310477609289748
 10
2.735781902630333
 20
1.2997960409529383
 10
2.7589780660388836
 20
1.2912077806263789
 10
2.786078927670738
 20
1.2813223982209536
 10
2.8138224642619214
 20
1.2724425765683356
 10
2.8368359633908136
 20
1.2652261015960446
 10
2.863891804385979
 20
1.2573286443056912
 10
2.8874106439811036
 20
1.2510210740459524
 10
2.914330271839758
 20
1.2439162712781262
 10
2.941735032990445
 20
1.2377284285260926
 10
2.964509960569671
 20
1.2327008741367689
 10
2.990514643992211
 20
1.227394681815986
 10
3.0135909899051208
 20
1.2231101413053613
 10
3.0397184359807716
 20
1.2183360201980644
 10
3.0661986995474777
 20
1.214333003965811
 10
3.0892122979579235
 20
1.2109446199251308
 10
3.115453375165665
 20
1.2075043806432382
 10
3.1387294220638045
 20
1.2048659662907775
 10
3.1647842189368762
 20
1.2019820631787914
 10
3.19110836411604
 20
1.1998451939652894
 10
3.214201259691813
 20
1.19805206416473
 10
3.2405092831755744
 20
1.1964180321788889
 10
3.263879040694415
 20
1.1953723159652767
 10
3.2896766104066497
 20
1.1942802018548837
 10
3.3156824286222855
 20
1.193896859050318
 10
3.338675805988201
 20
1.1936314121695777
 10
3.364670654035893
 20
1.1937119919724934
 10
3.3878541364185044
 20
1.1941620902268704
 10
3.413661257655466
 20
1.1947233357854583
 10
3.4396382353180486
 20
1.1960045766450438
 10
3.46261961503992
 20
1.1972125679099839
 10
3.4885716621145098
 20
1.1989595028456996
 10
3.5116835958655526
 20
1.2008950426098877
 10
3.53705156829909
 20
1.2030744544664027
 10
3.562523732397631
 20
1.2059322880132424
 10
3.5853700559014032
 20
1.20856319010832
 10
3.6111910733748736
 20
1.2119231043253218
 10
3.634156476475262
 20
1.2152959994807113
 10
3.6597644922031343
 20
1.2191193581340118
 10
3.6854594506802374
 20
1.2236911478232948
 10
3.7081375635291374
 20
1.2278043864772594
 10
3.7337459218872024
 20
1.2328424670635496
 10
3.7564882481652377
 20
1.2377112966227337
 10
3.7822920423339994
 20
1.2433079536902523
 10
3.8081420283816443
 20
1.249733350113699
 10
3.830899086424091
 20
1.2554840066751156
 10
3.856872671570016
 20
1.2625149164119498
 10
3.879600053679095
 20
1.2691250156564027
 10
3.9074768166396674
 20
1.277370074647082
 10
3.9352708638422644
 20
1.2868421787022664
 10
3.9612111635176523
 20
1.2959090701732414
 10
3.9942212486436794
 20
1.3088162904098635
 10
4.0201055684155325
 20
1.3201579759402104
 10
4.050468636713679
 20
1.333836931863521
 10
4.080410337605274
 20
1.3494316359875793
 10
4.1033077328371945
 20
1.3616787705801747
 10
4.130890332755738
 20
1.3774488104316869
 10
4.15327608307639
 20
1.3911874339879744
 10
4.178156453099226
 20
1.406660987315702
 10
4.202595688607299
 20
1.4233147716793606
 10
4.222085877070395
 20
1.4367684644565957
 10
4.2442474009231335
 20
1.4526524632724096
 10
4.263363165072628
 20
1.4669287150560888
 10
4.28382228173072
 20
1.4822867167249736
 10
4.304026235541748
 20
1.4983090627012574
 10
4.321603395393297
 20
1.5123345558941157
 10
4.340844641229804
 20
1.5280680655992072
 10
4.358126818825244
 20
1.5425861952903888
 10
4.37577649008392
 20
1.5574412540179468
 10
4.393272972468704
 20
1.572630497725526
 10
4.40928448408155
 20
1.5865631607690027
 10
4.426092264196133
 20
1.601365293424623
 10
4.441961137287245
 20
1.6155295143113881
 10
4.458225265443246
 20
1.6300553469398302
 10
4.474397119467985
 20
1.6447698348614561
 10
4.489311485952344
 20
1.6583540201080083
 10
4.504274211093569
 20
1.671999454201466
 10
4.519140133175609
 20
1.6855761578115251
 10
4.533725949827259
 20
1.698897187682841
 10
4.548323154160651
 20
1.7121935416358391
 10
4.5629106419952485
 20
1.725480103382516
 10
4.577302490451941
 20
1.7385521776009982
 10
4.591906571854822
 20
1.7517746329304964
 10
4.605226793214203
 20
1.763842202384999
 10
4.618635210082445
 20
1.775714099718693
 10
4.632626487362021
 20
1.788103794435868
 10
4.645668288145861
 20
1.7994975251420182
 10
4.65974305959859
 20
1.811600435390354
 10
4.672754723348938
 20
1.822806569179552
 10
4.685867720668873
 20
1.8337325144758567
 10
4.6999136960378
 20
1.8454419601945888
 10
4.712709832051394
 20
1.8559222668661994
 10
4.7268667008934315
 20
1.8672782158071097
 10
4.738607238965882
 20
1.8767421005219571
 10
4.750486323702885
 20
1.8857335410561846
 10
4.763981967429919
 20
1.8959876580442594
 10
4.775134433321962
 20
1.9041886421817764
 10
4.788781624213435
 20
1.9138377805932847
 10
4.799737947725626
 20
1.9216682102280092
 10
4.810829755937014
 20
1.9288904390224384
 10
4.824389534665968
 20
1.937798836216278
 10
4.834883406911591
 20
1.9444035531935584
 10
4.848575656021402
 20
1.9525806448355563
 10
4.85859101907657
 20
1.958686792314115
 10
4.868695097196967
 20
1.9640459993904518
 10
4.882173577751424
 20
1.9713349657479542
 10
4.891616430435268
 20
1.9761486532780226
 10
4.905168554535713
 20
1.9825578961386574
 10
4.914390906767944
 20
1.9870843064923724
 10
4.923593877692381
 20
1.9907536865486322
 10
4.936722107856258
 20
1.996194942543477
 10
4.9445228960746554
 20
1.999155453687718
 10
4.9575857137877675
 20
2.0035473486036257
 10
4.964935479162007
 20
2.006257614010755
 10
4.972149939976895
 20
2.007997114364268
 10
4.986511883667935
 20
2.0118633552691696
 10
4.99613708858926
 20
2.014185499347389
 10
5.010458814838789
 20
2.017156675850903
 10
5.025443385640002
 20
2.0203363316367957
 10
5.040339249607896
 20
2.023051588944359
 10
5.05753599228914
 20
2.0262111002390886
 10
5.072319389405378
 20
2.028733081622978
 10
5.08944982946542
 20
2.0313936484377417
 10
5.104490610767348
 20
2.033768775290996
 10
5.119434867108381
 20
2.0356795432980714
 10
5.136656317110953
 20
2.037909843568293
 10
5.151256138187877
 20
2.039600869105411
 10
5.16834281711443
 20
2.0413056948108923
 10
5.1832205944451575
 20
2.0428335129218618
 10
5.197949465044171
 20
2.043879294603973
 10
5.215069254553235
 20
2.045126159656787
 10
5.2293799015335605
 20
2.04596089868986
 10
5.246346288740187
 20
2.0466613398593303
 10
5.26163188233371
 20
2.0473327839746265
 10
5.276757259054487
 20
2.047559359114375
 10
5.294318548350133
 20
2.0478471181085105
 10
5.309439701624597
 20
2.0479089594398996
 10
5.3268233050596185
 20
2.0477260174181304
 10
5.34211349545027
 20
2.047602661200409
 10
5.357215158297807
 20
2.047042774386691
 10
5.374934945458346
 20
2.04640936002345
 10
5.390438076893868
 20
2.0456789350635485
 10
5.4080164276241
 20
2.0446166207515084
 10
5.423980433488482
 20
2.043680220948129
 10
5.439758615462501
 20
2.042373244665662
 10
5.457962475860203
 20
2.0408778123553333
 10
5.474493618914847
 20
2.0393781707648495
 10
5.492575503306595
 20
2.037554608307711
 10
5.509609116265926
 20
2.03585207515988
 10
5.526509150991179
 20
2.033878176096202
 10
5.5448798496523475
 20
2.031736925842447
 10
5.5617263721175405
 20
2.029644286482795
 10
5.579941367267686
 20
2.0272169790640313
 10
5.597947543575813
 20
2.024825517862654
 10
5.615854580608281
 20
2.0222597577657333
 10
5.634341539727138
 20
2.0196101821206627
 10
5.651437383325058
 20
2.0170426248120497
 10
5.6697449900288905
 20
2.014143201117585
 10
5.688143956255183
 20
2.011234743579064
 10
5.706470576129475
 20
2.0081952039014626
 10
5.725420111201491
 20
2.0050504685491655
 10
5.743553175825273
 20
2.0019673482957847
 10
5.762399427480038
 20
1.998672070538566
 10
5.781047686212036
 20
1.9954139567732776
 10
5.799636042297508
 20
1.9920541025394383
 10
5.818571322081178
 20
1.9886295069999427
 10
5.836717992784013
 20
1.9852756872629245
 10
5.855551315835877
 20
1.9817075457831683
 10
5.874502282561983
 20
1.9781187392756407
 10
5.893413031631391
 20
1.9744619484390806
 10
5.9126861757118245
 20
1.970733085234563
 10
5.931590929409835
 20
1.9670397636603754
 10
5.950821934809746
 20
1.9632403508611525
 10
5.970025352186121
 20
1.9594468438972938
 10
5.9892028607248875
 20
1.955612964753914
 10
6.00862872672493
 20
1.9517278302957304
 10
6.027874047036257
 20
1.9478606615774963
 10
6.047281611360769
 20
1.9439394880640546
 10
6.066190952913006
 20
1.9401197082716288
 10
6.085057888177416
 20
1.936233087303875
 10
6.10441665749048
 20
1.9322428658839033
 10
6.123564136279422
 20
1.9282744498841624
 10
6.142906132750327
 20
1.9242398448861269
 10
6.16255463635558
 20
1.9201413913866863
 10
6.182207592486989
 20
1.9160500423103661
 10
6.20175418473099
 20
1.9119811615119637
 10
6.2212566640306335
 20
1.9079176505085607
 10
6.2407926306091115
 20
1.9038426612836814
 10
6.2600961141107865
 20
1.899816273723232
 10
6.279382549131431
 20
1.8957632872699606
 10
6.298907126939415
 20
1.891659142849085
 10
6.3184009477897645
 20
1.8875576296488572
 10
6.337928401482799
 20
1.8834444826166545
 10
6.3578413731656385
 20
1.87925030369286
 10
6.377777025310598
 20
1.875090088471702
 10
6.396872005002182
 20
1.8711074365750988
 10
6.4153601231722
 20
1.8671989370431166
 10
6.434331582508125
 20
1.8631248299137293
 10
6.44809175684713
 20
1.8602182154807194
 10
6.461487694174786
 20
1.8568467778487228
 10
6.480162047876701
 20
1.8521880754500788
 10
6.4984949501982525
 20
1.8475623047051177
 10
6.51729909010846
 20
1.8427541713698117
 10
6.527916818545651
 20
1.8401526814907219
 10
6.537938866747608
 20
1.8369526314369131
 10
6.555500433685482
 20
1.8315055393989481
 10
6.572068715760591
 20
1.8262490415991723
 10
6.589738492477392
 20
1.820492424272714
 10
6.60649275299508
 20
1.81504467392097
 10
6.62306795455102
 20
1.8094056305838686
 10
6.639330469383286
 20
1.8038805362982056
 10
6.6525795413263635
 20
1.799160041282635
 10
6.668281726660091
 20
1.7932402053585983
 10
6.685938817039881
 20
1.7866017640456202
 10
6.703506889048227
 20
1.77987157367709
 10
6.721272851923881
 20
1.7730631302304334
 10
6.7380288298798385
 20
1.7665465077732978
 10
6.755602544442076
 20
1.759590880177709
 10
6.77135711795914
 20
1.7533702358265577
 10
6.786867220937504
 20
1.7469247675024033
 10
6.804936361270012
 20
1.7394156053855254
 10
6.822804597746217
 20
1.7319576428947236
 10
6.840924920997291
 20
1.7243548112931169
 10
6.8578397818757
 20
1.7172618892730978
 10
6.874623902853767
 20
1.7100408968374936
 10
6.892022764830526
 20
1.7025532253977143
 10
6.908363578216465
 20
1.6954181063339395
 10
6.925559533884089
 20
1.6877776058706422
 10
6.943702409037805
 20
1.6797185478147703
 10
6.9618326554872025
 20
1.6716481810796933
 10
6.979665556118896
 20
1.6637097352106598
 10
6.996977146808202
 20
1.6559510218645959
 10
7.0146945932142515
 20
1.6479466352045855
 10
7.031460600202328
 20
1.6403762724298252
 10
7.048092023175386
 20
1.6326874365408295
 10
7.065970170898124
 20
1.6244178763171
 10
7.083658396381756
 20
1.6162101651483933
 10
7.1015400984298225
 20
1.6078810520608826
 10
7.120099677605908
 20
1.5992366367634134
 10
7.13870075601784
 20
1.5906296454716975
 10
7.156179463057354
 20
1.5825456334245094
 10
7.172777077743028
 20
1.574786650488353
 10
7.190025017466383
 20
1.5666193584323986
 10
7.20766865822022
 20
1.558266288601502
 10
7.225269955125629
 20
1.549877743888912
 10
7.24350623976264
 20
1.5411842471643813
 10
7.262019601217975
 20
1.5323861912878332
 10
7.280339907246283
 20
1.5237123088463398
 10
7.297691341961462
 20
1.51549819392869
 10
7.314972604687808
 20
1.5072249325159637
 10
7.332974368825204
 20
1.498603242909073
 10
7.351010339137948
 20
1.4899651728701542
 10
7.369046309450699
 20
1.4813271028312311
 10
7.386791734057599
 20
1.4728283389912071
 10
7.404508289854321
 20
1.4643056346224732
 10
7.4226518524493
 20
1.4555758391526286
 10
7.440983855183985
 20
1.4467736950054955
 10
7.459187130206494
 20
1.4380554458838881
 10
7.4767941502002335
 20
1.4296231500808458
 10
7.494357066666995
 20
1.4211564563159076
 10
7.51255143090684
 20
1.4123828044817364
 10
7.531025922553116
 20
1.403501501327831
 10
7.5493092055131905
 20
1.3947448732314567
 10
7.567345175825935
 20
1.3861068031925374
 10
7.585381146138683
 20
1.3774687331536153
 10
7.60341711645143
 20
1.368830663114694
 10
7.621453086764184
 20
1.3601925930757703
 10
7.639489057076933
 20
1.3515545230368484
 10
7.658243948464913
 20
1.3425730744322721
 10
7.6770736277439555
 20
1.3336520985878935
 10
7.6951855636841735
 20
1.3250769759310557
 10
7.713259971084008
 20
1.3165196237550276
 10
7.7313343784838375
 20
1.307962271579002
 10
7.749699720263829
 20
1.2992673289289836
 10
7.768095511714189
 20
1.290596286127159
 10
7.786201040324272
 20
1.282064255609626
 10
7.804290896881546
 20
1.2735396108160435
 10
7.822380753438827
 20
1.2650149660224579
 10
7.84191595131728
 20
1.2558129754911964
 10
7.861599571055262
 20
1.2467375209106037
 10
7.879902988205289
 20
1.2383114961870245
 10
7.898213804612353
 20
1.2298904536161608
 10
7.916464093214554
 20
1.2215073432268162
 10
7.934208101702559
 20
1.2133571248945334
 10
7.9519081068379
 20
1.2051725010753296
 10
7.9706525205756895
 20
1.1965028558886373
 10
7.9902153399614635
 20
1.1875403175144967
 10
8.009198278468027
 20
1.1789448103265114
 10
8.028868119789914
 20
1.1700430557980814
 10
8.048687304854276
 20
1.161268357447747
 10
8.066913736638217
 20
1.153212059801382
 10
8.084884198164387
 20
1.1452511655570328
 10
8.102988027832593
 20
1.1372093689525975
 10
8.121693497693363
 20
1.1289006968758346
 10
8.140441859742793
 20
1.12062852746204
 10
8.159870250478427
 20
1.1120618101143513
 10
8.18070256852582
 20
1.1030351453303653
 10
8.20049011701468
 20
1.0946437064263053
 10
8.219633825496652
 20
1.0865293530666817
 10
8.23885044482996
 20
1.0784781674784147
 10
8.257192771351855
 20
1.0707990913348304
 10
8.275313961000975
 20
1.063194902247509
 10
8.29357081091537
 20
1.0555119239108284
 10
8.313466526742435
 20
1.0471429639952974
 10
8.333508847428986
 20
1.038903955237999
 10
8.353210076706802
 20
1.0308213221871596
 10
8.374277520844284
 20
1.0223356994404473
 10
8.394283950882645
 20
1.0144589627516847
 10
8.41362931649088
 20
1.0068465228061818
 10
8.433046985831576
 20
0.9992983356982221
 10
8.451729001447042
 20
0.9920420135662862
 10
8.470370056771035
 20
0.9848016036657651
 10
8.489011112095021
 20
0.9775611937652471
 10
8.511226136688146
 20
0.9689535556556771
 10
8.5337970796536
 20
0.9606920459362769
 10
8.55363531917833
 20
0.9534753920595537
 10
8.574359371143569
 20
0.9460485564679602
 10
8.594276764528237
 20
0.9390419500187708
 10
8.6134571957683
 20
0.9322964477411197
 10
8.632667976333165
 20
0.9255784093014214
 10
8.652359859154766
 20
0.9186955968998961
 10
8.673059732063901
 20
0.9115642197254827
 10
8.693000630106571
 20
0.9048173218822161
 10
8.716638042748547
 20
0.8968559904014943
 10
8.74071940648345
 20
0.8893776684884599
 10
8.760448504730647
 20
0.8833104370717417
 10
8.780364678128583
 20
0.8772285855737874
 10
8.799942223791618
 20
0.8713018975112895
 10
8.818984023613853
 20
0.8655376930465322
 10
8.838016843366502
 20
0.8597647975537417
 10
8.861004657847044
 20
0.8528140678403623
 10
8.888943247447576
 20
0.8450017915645452
 10
8.91316967291899
 20
0.8388734625944066
 10
8.933230916324094
 20
0.8338277804271008
 10
8.95334872909376
 20
0.8288450130523511
 10
8.972996629802681
 20
0.8239837311741581
 10
8.99285485343127
 20
0.819093183520688
 10
9.012522523146952
 20
0.8142773508329089
 10
9.04108503482618
 20
0.8074044395167657
 10
9.070445816426139
 20
0.8016356708804266
 10
9.091820841070348
 20
0.7975886307352806
 10
9.114164813147925
 20
0.7935069687579123
 10
9.135346716780731
 20
0.7898088875257905
 10
9.154987063741693
 20
0.7863827873922984
 10
9.17462271396205
 20
0.7829509269843999
 10
9.2005012380746
 20
0.7784806194108083
 10
9.234218897522773
 20
0.7737712611360787
 10
9.261858972120601
 20
0.770970475553601
 10
9.283865042171
 20
0.7688112068026601
 10
9.306018429603238
 20
0.7668774120569908
 10
9.328232566948357
 20
0.7649656191105918
 10
9.353050728976969
 20
0.7631156930254577
 10
9.375724982678793
 20
0.7617426436788359
 10
9.409140444543384
 20
0.7599758985089304
 10
9.443392609666338
 20
0.7601383198319662
 10
9.464844508799512
 20
0.760481305840413
 10
9.48633744620596
 20
0.7609018416378874
 10
9.507163150858272
 20
0.7614007311681211
 10
9.537075178391525
 20
0.7622500475184107
 10
9.567519176627327
 20
0.7644657966474702
 10
9.598130377250538
 20
0.7670611061790591
 10
9.640508161500424
 20
0.7728597585402732
 10
9.67253478612539
 20
0.7791913984936595
 10
9.717695413871214
 20
0.7893682026139421
 10
9.762946290219324
 20
0.8045028634476117
 10
9.795754586514438
 20
0.8167244526322164
 10
9.841391100680342
 20
0.8373550977679599
 10
9.87338094026835
 20
0.8548435785479096
 10
9.914010861944387
 20
0.8787059307057785
 10
9.953006082725215
 20
0.9074211287514875
 10
9.979249050789768
 20
0.9281147242510427
 10
10.014004402983137
 20
0.9591190834168326
 10
10.038105882117742
 20
0.9837226011318788
 10
10.067054635555275
 20
1.0147217339931474
 10
10.093787943031451
 20
1.0489687082911323
 10
10.111724119606356
 20
1.0731446418679218
 10
10.133935821874706
 20
1.1061485798346604
 10
10.149757657095305
 20
1.1324671083917717
 10
10.167943675437487
 20
1.163746044712984
 10
10.184262706961723
 20
1.1967303838566523
 10
10.19619615547618
 20
1.2218036552883624
 10
10.21025787953673
 20
1.254350524351472
 10
10.22042598820378
 20
1.280768993389431
 10
10.231492546385867
 20
1.3103018152085584
 10
10.24119056566815
 20
1.3407714520708012
 10
10.248572011788353
 20
1.3647065291291747
 10
10.25672580009718
 20
1.3935703648947775
 10
10.262968085309423
 20
1.418176484572373
 10
10.270114490909117
 20
1.4470456580948776
 10
10.276067782496412
 20
1.4765418898513112
 10
10.280599165973236
 20
1.4997947595016943
 10
10.285337836570363
 20
1.5265843243648816
 10
10.28903321643155
 20
1.5501627841115975
 10
10.29321582622433
 20
1.5775050162829722
 10
10.29646628249239
 20
1.6052666408792187
 10
10.299057058203388
 20
1.628362506280229
 10
10.301593606963689
 20
1.6546197842598587
 10
10.303438537891664
 20
1.6779769630742984
 10
10.305409227756732
 20
1.7037196971671016
 10
10.306680238936833
 20
1.7297208686283188
 10
10.307712495955052
 20
1.752329885033132
 10
10.308543930571611
 20
1.7775565554481454
 10
10.308965279340061
 20
1.8003741255563903
 10
10.309353274284124
 20
1.8221697883070076
 10
10.309541123982982
 20
1.8440414187328116
 10
10.309703037032934
 20
1.8642846232913406
 10
10.30984723675189
 20
1.8846568964589459
 10
10.309968489784218
 20
1.9048566408277547
 10
10.310088474495663
 20
1.9248540927351565
 10
10.310208459207107
 20
1.944851544642574
 10
10.310327369611336
 20
1.964676553832285
 10
10.310463136348176
 20
1.9842989045005373
 10
10.31062154818537
 20
2.0040935471704984
 10
10.310784231296127
 20
2.0244505132241795
 10
10.310908287195799
 20
2.0448229272804914
 10
10.311027290596689
 20
2.0646633654219113
 10
10.311163030706176
 20
2.0842857162766006
 10
10.311321440663413
 20
2.1040801069257378
 10
10.311484121999735
 20
2.1244368209577917
 10
10.31160820503078
 20
2.144809234824547
 10
10.311727211581871
 20
2.164650177011564
 10
10.311862925064007
 20
2.1842725280526505
 10
10.312021333141455
 20
2.2040666666809754
 10
10.312184012703174
 20
2.2244231286914196
 10
10.312308122865588
 20
2.2447955423685793
 10
10.312428201990759
 20
2.264808675251218
 10
10.312548186702204
 20
2.2848061271586286
 10
10.312668171413646
 20
2.3048035790660304
 10
10.312785829899315
 20
2.32444197719856
 10
10.312941312989814
 20
2.3440641899693277
 10
10.313102495619185
 20
2.3642168750495536
 10
10.313246829582004
 20
2.3845891472772993
 10
10.31336809077105
 20
2.4047901386330977
 10
10.313485751010084
 20
2.4244287887874276
 10
10.31364120747323
 20
2.444051001744248
 10
10.313802386196201
 20
2.464203182784161
 10
10.313946747290391
 20
2.484575454821965
 10
10.314068010128452
 20
2.5047766982002053
 10
10.314187994839896
 20
2.5247741501075898
 10
10.31430797955134
 20
2.544771602014984
 10
10.314426899635993
 20
2.564598110214817
 10
10.314562507995461
 20
2.584220461991914
 10
10.314720908653303
 20
2.6040136056620584
 10
10.314883566026596
 20
2.6243669185963925
 10
10.315008001557896
 20
2.6447370757444775
 10
10.315127256260986
 20
2.66457957266645
 10
10.315263179248857
 20
2.684204176854193
 10
10.315421601091318
 20
2.704000160413955
 10
10.315584285075118
 20
2.724357250474347
 10
10.315708327624856
 20
2.744729664623937
 10
10.315828402955969
 20
2.764742169453082
 10
10.315948387667413
 20
2.784739621360476
 10
10.316068372378858
 20
2.8047370732678774
 10
10.316186026494316
 20
2.824374843350098
 10
10.316341575941456
 20
2.8439970556572334
 10
10.316502768305764
 20
2.86415099683001
 10
10.316647034655912
 20
2.884523269531123
 10
10.316768291736262
 20
2.904723632834961
 10
10.31688594760551
 20
2.9243616549389624
 10
10.317041470425293
 20
2.9439838674321495
 10
10.3172026588832
 20
2.9641373045646304
 10
10.317346952364717
 20
2.984509577075786
 10
10.317468211093663
 20
3.0047101924020527
 10
10.317588195805108
 20
3.0247076443094536
 10
10.317708180516552
 20
3.044705096216848
 10
10.31782709654605
 20
3.0645309763644257
 10
10.317962771262152
 20
3.0841533276769453
 10
10.318121176603167
 20
3.1039470993950298
 10
10.318283853580985
 20
3.124303194494033
 10
10.318408003243226
 20
3.1446756078952207
 10
10.318527017530815
 20
3.1645177879540807
 10
10.318662665619566
 20
3.1841401394529982
 10
10.31882106908121
 20
3.2039336591502594
 10
10.318983744284006
 20
3.224289502227657
 10
10.319107921077618
 20
3.244661915439255
 10
10.319228003942802
 20
3.2646756672584245
 10
10.319347988654247
 20
3.284673119165835
 10
10.31946797336569
 20
3.304670571073236
 10
10.3195856361571
 20
3.324309588139179
 10
10.319741053854207
 20
3.3439318013668595
 10
10.319902226889957
 20
3.364083248588241
 10
10.320046627483967
 20
3.384455520349488
 10
10.320167892723093
 20
3.404657130640311
 10
10.320285557267454
 20
3.424296399728056
 10
10.320440948337206
 20
3.443918613141783
 10
10.320602117466557
 20
3.464069556322852
 10
10.320746545191938
 20
3.4844418278941554
 10
10.320867812080495
 20
3.504643690207412
 10
10.32098779679194
 20
3.5246411421147963
 10
10.321107781503384
 20
3.5446385940221905
 10
10.321226705583294
 20
3.564465721157342
 10
10.321362248549377
 20
3.5840880733922766
 10
10.321520644593058
 20
3.6038805981313504
 10
10.321683312786561
 20
3.624235446247383
 10
10.321807596692675
 20
3.644607858710552
 10
10.321926626567222
 20
3.664452532746985
 10
10.322062142905954
 20
3.6840748851683527
 10
10.322220537071098
 20
3.7038671578865796
 10
10.322383203488746
 20
3.7242217539809803
 10
10.322507514526231
 20
3.744594166254607
 10
10.322627604929632
 20
3.764609165063784
 10
10.322747589641077
 20
3.7846066169711516
 10
10.322867574352523
 20
3.804604068878545
 10
10.322985245815737
 20
3.8242443329283122
 10
10.32314053176281
 20
3.8438665470765434
 10
10.323301685470003
 20
3.8640155003465075
 10
10.323446220307876
 20
3.884387771167876
 10
10.323567493709925
 20
3.904590628445654
 10
10.323685166925252
 20
3.924231144517178
 10
10.32384042624497
 20
3.9438533588514515
 10
10.324001576045765
 20
3.964001808081143
 10
10.324146138015006
 20
3.9843740787125315
 10
10.324267413067329
 20
4.004577188012722
 10
10.324385088034598
 20
4.024217956106063
 10
10.324540320726962
 20
4.043840170626385
 10
10.324701466621358
 20
4.063988115815764
 10
10.324846055721968
 20
4.084360386257212
 10
10.32496733242473
 20
4.104563747579822
 10
10.325087317136175
 20
4.124561199487223
 10
10.32520730184762
 20
4.144558651394624
 10
10.325326235599483
 20
4.164387277539944
 10
10.325461620188195
 20
4.184009630883742
 10
10.325620005060989
 20
4.203800656622918
 10
10.325782662689337
 20
4.2241540057343565
 10
10.325907107970698
 20
4.244526417069927
 10
10.326026156582405
 20
4.264374089129584
 10
10.326161514543765
 20
4.283996442659809
 10
10.326319897539031
 20
4.303787216378163
 10
10.326482553390514
 20
4.324140313467995
 10
10.326607025803245
 20
4.344512724613992
 10
10.326727125273868
 20
4.364529222436194
 10
10.326847109985312
 20
4.384526674343595
 10
10.326967094696757
 20
4.404524126250997
 10
10.327084776578902
 20
4.424165889306329
 10
10.32723990414859
 20
4.443788104561168
 10
10.327401034620827
 20
4.463934059839437
 10
10.327545730833933
 20
4.4843063295309475
 10
10.32766701405416
 20
4.504510685818097
 10
10.32778469768741
 20
4.524152700895218
 10
10.327939798629743
 20
4.543774916336092
 10
10.328100925195582
 20
4.563920367574074
 10
10.328245648540054
 20
4.584292637075634
 10
10.328366933411562
 20
4.604497245385171
 10
10.328486918123007
 20
4.624494697292565
 10
10.328606902834451
 20
4.644492149199984
 10
10.328725844627595
 20
4.664322022332918
 10
10.328861097466289
 20
4.683944376599116
 10
10.32901947305088
 20
4.703734155359221
 10
10.329182121885784
 20
4.724086257487773
 10
10.329306701411017
 20
4.744458667885312
 10
10.32942576560968
 20
4.764308833922554
 10
10.329560991821022
 20
4.783931188375224
 10
10.329719365528922
 20
4.8037207151144665
 10
10.329882012586124
 20
4.824072565221384
 10
10.33000661924273
 20
4.844444975429381
 10
10.3301267262607
 20
4.864462720241553
 10
10.330246710972144
 20
4.884460172148938
 10
10.330366695683589
 20
4.904457624056322
 10
10.33048438622841
 20
4.924100634095509
 10
10.330639382048062
 20
4.943722850270941
 10
10.330800493191743
 20
4.963866311597783
 10
10.33094532364871
 20
4.984238580349388
 10
10.331066615040992
 20
5.0044441836234235
 10
10.331184307336077
 20
5.024087445684404
 10
10.331339276528377
 20
5.043709662045874
 10
10.33150038376566
 20
5.063852619332426
 10
10.331645241353993
 20
5.084224887894078
 10
10.331766534398394
 20
5.104430743190514
 10
10.331886519109839
 20
5.1244281950979085
 10
10.332006503821283
 20
5.14442564700531
 10
10.332125453651564
 20
5.164256767125881
 10
10.33226057474024
 20
5.183879122314567
 10
10.332418941040771
 20
5.203667654095558
 10
10.332581581078083
 20
5.224018509241201
 10
10.33270629484719
 20
5.244390918700699
 10
10.332825374632808
 20
5.264243578715546
 10
10.332960469094132
 20
5.283865934090673
 10
10.333118833518812
 20
5.303654213850804
 10
10.333281471777582
 20
5.324004816974818
 10
10.333406212678064
 20
5.344377226244738
 10
10.333526327247533
 20
5.364396218046879
 10
10.333646311958978
 20
5.384393669954281
 10
10.333766296670422
 20
5.404391121861699
 10
10.333883995873766
 20
5.424035378884732
 10
10.334038859943387
 20
5.443657595980705
 10
10.334199951758514
 20
5.463798563356164
 10
10.33434491645934
 20
5.484170831167875
 10
10.334466216027824
 20
5.504377681428766
 10
10.334583916980597
 20
5.524022190473617
 10
10.334738754422865
 20
5.54364440775568
 10
10.33489984233159
 20
5.563784871090799
 10
10.335044834163789
 20
5.58415713871253
 10
10.335166135385228
 20
5.604364240995873
 10
10.335283838087259
 20
5.624009002062511
 10
10.335438648902173
 20
5.64363121953064
 10
10.335599732904496
 20
5.663771178825459
 10
10.335744751868065
 20
5.684143446257202
 10
10.33586605474263
 20
5.704350800562941
 10
10.335986039454074
 20
5.724348252470342
 10
10.336106024165518
 20
5.7443457043777535
 10
10.336224983651789
 20
5.764178323508577
 10
10.336359946363096
 20
5.783800679806132
 10
10.336518301508704
 20
5.803587712587101
 10
10.3366809309649
 20
5.823937068728299
 10
10.336805806109252
 20
5.844309477060162
 10
10.336924904632028
 20
5.8641651350982285
 10
10.337059840715982
 20
5.883787491582255
 10
10.337218193986745
 20
5.903574272342355
 10
10.337380821663391
 20
5.92392337646193
 10
10.337505723939117
 20
5.944295784604232
 10
10.337625847591767
 20
5.96431627541933
 10
10.337745832303211
 20
5.984313727326715
 10
10.337865817014656
 20
6.004311179234126
 10
10.337983526620969
 20
6.023956935262859
 10
10.338138232313206
 20
6.04357915346551
 10
10.338299300893373
 20
6.063717122849223
 10
10.338444426969435
 20
6.084089389531037
 10
10.338565736372058
 20
6.1042977388012165
 10
10.338683447726792
 20
6.123943746851743
 10
10.338838126791677
 20
6.143565965240478
 10
10.338999191465446
 20
6.16370343058389
 10
10.339144344672873
 20
6.1840756970757145
 10
10.339265655729461
 20
6.204284298368301
 10
10.339385640440904
 20
6.2242817502756855
 10
10.33950562515235
 20
6.244279202183063
 10
10.339624592666626
 20
6.264113068301596
 10
10.339759423627914
 20
6.283735425521666
 10
10.339917769498594
 20
6.303521211323446
 10
10.340080390148065
 20
6.323869320481793
 10
10.340205399536293
 20
6.344241727875588
 10
10.340325149477119
 20
6.364200788989687
 10
10.340450880966735
 20
6.384054886961237
 10
10.340585612132633
 20
6.403971354602099
 10
10.340720881722417
 20
6.423968708958544
 10
10.340856151312202
 20
6.443966063314998
  0
LWPOLYLINE
  5
97
330
17
100
AcDbEntity
  8
FORKS
100
AcDbPolyline
 90
155
 70
0
 10
7.662953917043892
 20
8.512851134001723
 10
7.663741610580813
 20
8.492764948810247
 10
7.664528878812859
 20
8.472689583956061
 10
7.665322893074169
 20
8.452627160091552
 10
7.666125810747881
 20
8.432554251686572
 10
7.666904864383887
 20
8.413015455316241
 10
7.6680442739577686
 20
8.393510488334218
 10
7.669238034581933
 20
8.373207555167367
 10
7.670278666286789
 20
8.35254624533033
 10
7.6710803952795406
 20
8.332125938992691
 10
7.671867264905207
 20
8.312060670353185
 10
7.672668040189603
 20
8.29199851427736
 10
7.673471736846974
 20
8.27190608064215
 10
7.674269771863843
 20
8.25179679407763
 10
7.675058017833176
 20
8.231696563874998
 10
7.675845711370096
 20
8.211610378683524
 10
7.676633404907017
 20
8.19152419349205
 10
7.677421098443937
 20
8.171438008300578
 10
7.678208791980858
 20
8.151351823109106
 10
7.678996485517779
 20
8.13126563791763
 10
7.679783454028168
 20
8.111197868666778
 10
7.680582554750989
 20
8.09113564626558
 10
7.681386051863057
 20
8.071048213782102
 10
7.682185763399666
 20
8.05093899362108
 10
7.682974108071413
 20
8.030836262799939
 10
7.683761801608334
 20
8.010750077608463
 10
7.684549495145254
 20
7.990663892416991
 10
7.685336988660501
 20
7.970582802249111
 10
7.6861271689325905
 20
7.950520226528156
 10
7.686929859081404
 20
7.930453043348506
 10
7.687733962406184
 20
7.910350399294248
 10
7.688526866682574
 20
7.890240909512422
 10
7.68931481123581
 20
7.870148332107823
 10
7.690102504772731
 20
7.8500621469163505
 10
7.690890198309651
 20
7.829975961724875
 10
7.691677291926074
 20
7.8099050249821
 10
7.6924742715074395
 20
7.789842718567392
 10
7.693273690413092
 20
7.769855561646404
 10
7.69411151313278
 20
7.7503357020179635
 10
7.695266004409917
 20
7.730741106986994
 10
7.696466635949047
 20
7.710311664034603
 10
7.697432106020535
 20
7.689646670933502
 10
7.698228983008379
 20
7.6693369519073205
 10
7.699016676545299
 20
7.649250766715847
 10
7.69980437008222
 20
7.629164581524374
 10
7.700591564601172
 20
7.6090910869881325
 10
7.701386831334738
 20
7.58902871273134
 10
7.702189871578234
 20
7.568952730625306
 10
7.70299342158741
 20
7.54884366249874
 10
7.703781992635855
 20
7.528735206406678
 10
7.704569686172775
 20
7.508649021215206
 10
7.705357379709696
 20
7.488562836023733
 10
7.706145073246616
 20
7.468476650832259
 10
7.706931866580375
 20
7.448413309670787
 10
7.707733932623277
 20
7.4283512047187275
 10
7.708537783090934
 20
7.408254916176549
 10
7.709334525839937
 20
7.388145578428044
 10
7.710122695800251
 20
7.368047275714563
 10
7.7109103893371715
 20
7.347961090523092
 10
7.711698082874093
 20
7.327874905331618
 10
7.712485776411013
 20
7.3077887201401435
 10
7.713273469947933
 20
7.2877025349486715
 10
7.714061163484854
 20
7.2676163497571995
 10
7.714848055783732
 20
7.247550507987552
 10
7.715648447265054
 20
7.227488336710215
 10
7.71645209818741
 20
7.207397049319748
 10
7.717250517456156
 20
7.1872877779746425
 10
7.718038786038489
 20
7.1671869746395025
 10
7.71882647957541
 20
7.14710078944803
 10
7.71961417311233
 20
7.127014604256558
 10
7.720401590844334
 20
7.106935441586615
 10
7.7211930618749065
 20
7.0868729169900275
 10
7.72199582856166
 20
7.066803806342116
 10
7.7227792862194455
 20
7.0471739777821565
 10
7.723858559064302
 20
7.027666049027931
 10
7.7250418104248
 20
7.0075488870972755
 10
7.726146904870754
 20
6.986890741008635
 10
7.726952957811059
 20
6.9663755944390005
 10
7.727739977576246
 20
6.9463065280087655
 10
7.728538209629873
 20
6.926244271201612
 10
7.729341603228962
 20
6.906159433036865
 10
7.73014218445055
 20
6.886050247322319
 10
7.730930580364693
 20
6.865946219321305
 10
7.731718273901613
 20
6.845860034129833
 10
7.732505967438534
 20
6.82577384893836
 10
7.733293660975455
 20
6.805687663746887
 10
7.734081354512376
 20
6.785601478555414
 10
7.734869048049296
 20
6.765515293363938
 10
7.735656166540803
 20
6.7454437263161315
 10
7.736452724032863
 20
6.725381403183419
 10
7.737255918086647
 20
6.705301566170409
 10
7.738058175827967
 20
6.6851924468595465
 10
7.738846670602931
 20
6.665085918246246
 10
7.739634364139851
 20
6.644999733054771
 10
7.7404220576767715
 20
6.624913547863299
 10
7.741209700329293
 20
6.604828659865616
 10
7.741997337370661
 20
6.584765983412157
 10
7.742799876895183
 20
6.564702598004048
 10
7.743603829272929
 20
6.544603751708457
 10
7.744399279754061
 20
6.52449436277604
 10
7.745187373767328
 20
6.504397987554132
 10
7.745975067304248
 20
6.484311802362656
 10
7.746762760841168
 20
6.464225617171183
 10
7.747550454378088
 20
6.444139431979711
 10
7.7483381479150095
 20
6.4240532467882385
 10
7.74912584145193
 20
6.403967061596765
 10
7.749912657477326
 20
6.3839031473058805
 10
7.750714339717154
 20
6.363841027152334
 10
7.751506813976206
 20
6.344015209352611
 10
7.7524558334757065
 20
6.324500852153838
 10
7.7536191303932975
 20
6.304737965269527
 10
7.754828753538411
 20
6.284133201588481
 10
7.755675025310999
 20
6.263462379525897
 10
7.756464276751127
 20
6.243336944623298
 10
7.75725700025395
 20
6.223274469634565
 10
7.758059841267626
 20
6.203203488692962
 10
7.7588640952988674
 20
6.183097046870432
 10
7.759654453370505
 20
6.162987456239484
 10
7.760442248704292
 20
6.142898676661514
 10
7.761229942241213
 20
6.122812491470041
 10
7.762017635778133
 20
6.1027263062785675
 10
7.762804579373513
 20
6.08265916733118
 10
7.76360410218564
 20
6.062596961647938
 10
7.764407649595016
 20
6.042508268576192
 10
7.765206938548744
 20
6.022399031677518
 10
7.765995258331769
 20
6.002296931160874
 10
7.76678295186869
 20
5.9822107459694
 10
7.76757064540561
 20
5.962124560777925
 10
7.76835833894253
 20
5.942038375586453
 10
7.76914603247945
 20
5.921952190394981
 10
7.7699337260163714
 20
5.901866005203508
 10
7.770720768418466
 20
5.881796365641703
 10
7.771518616669021
 20
5.861734093632997
 10
7.772321964533093
 20
5.841650401712995
 10
7.773122930006556
 20
5.821541231217908
 10
7.773911348570007
 20
5.801436630085811
 10
7.774699042106927
 20
5.781350444894338
 10
7.775486735643847
 20
5.761264259702866
 10
7.776274302635229
 20
5.741181299207837
 10
7.777063230435073
 20
5.7211186738788875
 10
7.7778658463754375
 20
5.701053360997659
 10
7.778653569751337
 20
5.6813324941573695
 10
7.779672706093545
 20
5.661821599738533
 10
7.780845436414159
 20
5.641890208453522
 10
7.782014993355517
 20
5.621235230513907
 10
7.782825520342576
 20
5.60062524988531
 10
7.783613213879496
 20
5.580539064693834
 10
7.784400907416416
 20
5.560452879502361
 10
7.7851885747973455
 20
5.54036736119395
 10
7.785975789749414
 20
5.520304668022315
 10
7.786778304298733
 20
5.500241912915293
 10
7.787582231601158
 20
5.4801436969167945
 10
7.788378104665177
 20
5.4600343247219545
 10
7.789166223506972
 20
5.439937319193195
 10
7.789953917043893
 20
5.419851134001723
  0
LWPOLYLINE
  5
98
330
17
100
AcDbEntity
  8
FORKS
100
AcDbPolyline
 90
155
 70
0
 10
7.543046082956107
 20
8.508148865998278
 10
7.543833776493028
 20
8.488062680806806
 10
7.544621895334823
 20
8.467965675278045
 10
7.545417768398842
 20
8.447856303083206
 10
7.546221695701267
 20
8.427758087084708
 10
7.547049487041401
 20
8.40712575905156
 10
7.548249474075471
 20
8.386495795100714
 10
7.549416529489808
 20
8.366664855613044
 10
7.550398903110667
 20
8.347175735034558
 10
7.5511725611917555
 20
8.32742367098925
 10
7.551961078639931
 20
8.307316569245808
 10
7.552763720633125
 20
8.287207465154431
 10
7.5535668689518936
 20
8.267128774386162
 10
7.554363042640883
 20
8.247066436051869
 10
7.555150183745391
 20
8.226994295871556
 10
7.555937877282311
 20
8.206908110680082
 10
7.556725570819232
 20
8.186821925488609
 10
7.557513264356152
 20
8.166735740297133
 10
7.558300957893073
 20
8.146649555105661
 10
7.5590886514299935
 20
8.126563369914189
 10
7.559877069993444
 20
8.106458768782094
 10
7.560678035466907
 20
8.086349598287006
 10
7.561481383330979
 20
8.066265906367004
 10
7.562279231581535
 20
8.046203634358298
 10
7.563066273983628
 20
8.026133994796494
 10
7.563853967520549
 20
8.006047809605022
 10
7.564641661057469
 20
7.985961624413547
 10
7.565429554616064
 20
7.965870344198481
 10
7.566221589207465
 20
7.9457608199704675
 10
7.56702574403479
 20
7.925656878746641
 10
7.56782848568615
 20
7.905588398397421
 10
7.56861953462742
 20
7.885525857082727
 10
7.569406977148025
 20
7.86544606410438
 10
7.570194670684946
 20
7.845359878912907
 10
7.570982364221866
 20
7.825273693721435
 10
7.571770657679283
 20
7.805172260081263
 10
7.572569499530912
 20
7.785063005473791
 10
7.5733769256014
 20
7.764879037991303
 10
7.574266754867553
 20
7.74423374197637
 10
7.575473079628918
 20
7.723694464352818
 10
7.576633264128288
 20
7.703990034650684
 10
7.577542638834596
 20
7.684497335260641
 10
7.578321148920594
 20
7.664634683903877
 10
7.579108842457514
 20
7.644548498712403
 10
7.579896535994435
 20
7.62446231352093
 10
7.580684728549324
 20
7.604363437674224
 10
7.581481855550204
 20
7.584254115145113
 10
7.582285660282846
 20
7.564158972847667
 10
7.583087342522674
 20
7.544096852694121
 10
7.58387415854807
 20
7.524032938403238
 10
7.58466185208499
 20
7.503946753211762
 10
7.585449545621911
 20
7.483860568020289
 10
7.586237239158831
 20
7.463774382828816
 10
7.587025832898914
 20
7.443665353607342
 10
7.587829767159963
 20
7.423556300700285
 10
7.588632761668444
 20
7.403481464838984
 10
7.58942764459894
 20
7.38341907538059
 10
7.590214861712466
 20
7.363345007711123
 10
7.5910025552493865
 20
7.3432588225196485
 10
7.591790248786308
 20
7.323172637328175
 10
7.592577942323228
 20
7.303086452136704
 10
7.593365635860148
 20
7.283000266945228
 10
7.594153329397069
 20
7.262914081753754
 10
7.594941824172033
 20
7.242807553140454
 10
7.595744081913353
 20
7.222698433829593
 10
7.596547275967137
 20
7.202618596816582
 10
7.597343833459197
 20
7.18255627368387
 10
7.598130951950704
 20
7.162484706636063
 10
7.5989186454876245
 20
7.14239852144459
 10
7.599706339024545
 20
7.122312336253114
 10
7.6004943083663825
 20
7.102219128540111
 10
7.60128763522566
 20
7.082109655495818
 10
7.602091713515046
 20
7.062007641740251
 10
7.6029151008334
 20
7.041466345896733
 10
7.604053242938663
 20
7.0208333169216735
 10
7.605230807616666
 20
7.000816606197807
 10
7.606275789589736
 20
6.98133055024887
 10
7.607045123723274
 20
6.961673326435557
 10
7.6078334910319265
 20
6.941570022482846
 10
7.608633586820412
 20
6.921460817541264
 10
7.609437038197463
 20
6.901374531302534
 10
7.610235755117211
 20
6.881312293699797
 10
7.611022746276908
 20
6.861243951317865
 10
7.611810439813828
 20
6.84115776612639
 10
7.612598133350749
 20
6.821071580934917
 10
7.6133858268876695
 20
6.800985395743443
 10
7.614173520424591
 20
6.78089921055197
 10
7.614961213961511
 20
6.760813025360498
 10
7.615749482543844
 20
6.740712222025359
 10
7.616547901812591
 20
6.720602950680253
 10
7.617351552734946
 20
6.700511663289786
 10
7.618151944216268
 20
6.680449492012449
 10
7.618938836515146
 20
6.660383650242802
 10
7.619726530052066
 20
6.640297465051331
 10
7.6205142235889864
 20
6.620211279859856
 10
7.621301968010307
 20
6.600123797474593
 10
7.6220914563969515
 20
6.580014172397553
 10
7.622895761848569
 20
6.559906433402184
 10
7.623698654446961
 20
6.5398341552942965
 10
7.624492246618967
 20
6.519771714711726
 10
7.625279539679543
 20
6.499695719550688
 10
7.626067233216463
 20
6.479609534359216
 10
7.626854926753383
 20
6.4595233491677435
 10
7.627642620290303
 20
6.439437163976268
 10
7.6284303138272245
 20
6.419350978784795
 10
7.629218007364145
 20
6.399264793593321
 10
7.630006578412591
 20
6.37915633750126
 10
7.630810128421766
 20
6.3590472693746944
 10
7.631624499138852
 20
6.338701962770938
 10
7.632628686491388
 20
6.318062308405564
 10
7.633826205612299
 20
6.297691322635351
 10
7.6349773985056855
 20
6.278162213661875
 10
7.635771005828691
 20
6.2586638264120245
 10
7.636557141462403
 20
6.2386168909316755
 10
7.63735172225855
 20
6.218507467552972
 10
7.638155726221012
 20
6.198407324091098
 10
7.638958317165909
 20
6.17834264151015
 10
7.639746822876454
 20
6.158279999463049
 10
7.640534414616507
 20
6.138196408658071
 10
7.641322108153428
 20
6.118110223466598
 10
7.642109801690348
 20
6.098024038275124
 10
7.642898245168811
 20
6.077918806839564
 10
7.643699633225156
 20
6.057809653082159
 10
7.644502930791919
 20
6.037727221750426
 10
7.645300356953168
 20
6.017664933023732
 10
7.646087424243984
 20
5.997594663157431
 10
7.646875117780905
 20
5.977508477965957
 10
7.647662811317825
 20
5.957422292774485
 10
7.648450504854745
 20
5.937336107583011
 10
7.649238198391665
 20
5.917249922391537
 10
7.650025891928586
 20
5.897163737200063
 10
7.650814236600334
 20
5.87706100637892
 10
7.651613948136943
 20
5.856951786217897
 10
7.652417445249011
 20
5.83686435373442
 10
7.653216545971832
 20
5.816802131333222
 10
7.654003514482222
 20
5.796734362082371
 10
7.654791208019142
 20
5.776648176890898
 10
7.655578901556062
 20
5.756561991699423
 10
7.6563667216385225
 20
5.736472581811506
 10
7.657157502293049
 20
5.7163630079180425
 10
7.6579617313288235
 20
5.696257196395794
 10
7.6587808529290635
 20
5.675806938832605
 10
7.659857149879145
 20
5.655170848725745
 10
7.661045235597033
 20
5.634968367356234
 10
7.662152826168008
 20
5.615485371636215
 10
7.662917686254791
 20
5.595922981881866
 10
7.663705379791711
 20
5.575836796690394
 10
7.664493073328631
 20
5.5557506114989215
 10
7.665280793021543
 20
5.535663759424385
 10
7.666069858825298
 20
5.5155541176098835
 10
7.666874189252119
 20
5.495445748313429
 10
7.667677106925831
 20
5.475372839908449
 10
7.6684711211871415
 20
5.45531041604394
 10
7.669258389419187
 20
5.435235051189752
 10
7.670046082956108
 20
5.415148865998278
  0
TEXT
  5
99
330
17
100
AcDbEntity
  8
FORKS
100
AcDbText
 10
7.366999040767166
 20
7.264024460437279
 30
0.0
 40
0.1
  1
갈림길1 0.12m
 11
7.366999040767166
 21
7.264024460437279
 31
0.0
100
AcDbText
  0
LWPOLYLINE
  5
9A
330
17
100
AcDbEntity
  8
FORKS
100
AcDbPolyline
 90
141
 70
0
 10
2.232
 20
2.4685
 10
2.2521929971854204
 20
2.4685
 10
2.272385994370841
 20
2.4685
 10
2.2925789915562613
 20
2.4685
 10
2.3127719887416816
 20
2.4685
 10
2.332964985927102
 20
2.4685
 10
2.3531579831125224
 20
2.4685
 10
2.373350980297943
 20
2.4685
 10
2.3935439774833633
 20
2.4685
 10
2.4137369746687836
 20
2.4685
 10
2.4339299718542042
 20
2.4685
 10
2.4541229690396245
 20
2.4685
 10
2.4743159662250447
 20
2.4685
 10
2.4945089634104654
 20
2.4685
 10
2.5147019605958856
 20
2.4685
 10
2.5348949577813062
 20
2.4685
 10
2.5550879549667265
 20
2.4685
 10
2.5752809521521467
 20
2.4685
 10
2.5954739493375674
 20
2.4685
 10
2.6156669465229876
 20
2.4685
 10
2.635859943708408
 20
2.4685
 10
2.6560529408938285
 20
2.4685
 10
2.6762459380792487
 20
2.4685
 10
2.696438935264669
 20
2.4685
 10
2.7166319324500896
 20
2.4685
 10
2.73682492963551
 20
2.4685
 10
2.7570179268209305
 20
2.4685
 10
2.7772109240063507
 20
2.4685
 10
2.797403921191771
 20
2.4685
 10
2.8175969183771916
 20
2.4685
 10
2.837789915562612
 20
2.4685
 10
2.8579829127480325
 20
2.4685
 10
2.8781759099334527
 20
2.4685
 10
2.898368907118873
 20
2.4685
 10
2.918561904304293
 20
2.4685
 10
2.938754901489714
 20
2.4685
 10
2.958947898675134
 20
2.4685
 10
2.9791408958605547
 20
2.4685
 10
2.999333893045975
 20
2.4685
 10
3.019526890231395
 20
2.4685
 10
3.039719887416816
 20
2.4685
 10
3.059912884602236
 20
2.4685
 10
3.0801058817876568
 20
2.4685
 10
3.100298878973077
 20
2.4685
 10
3.120491876158497
 20
2.4685
 10
3.140684873343918
 20
2.4685
 10
3.160877870529338
 20
2.4685
 10
3.1813698142827955
 20
2.46849925525329
 10
3.202148981942644
 20
2.4682922283329494
 10
3.222627253432369
 20
2.4678913906928095
 10
3.242238759847691
 20
2.4675040699297406
 10
3.2618435368767957
 20
2.467499999084153
 10
3.2820260506624335
 20
2.4675000000000002
 10
3.3022190478478537
 20
2.4675000000000002
 10
3.322412045033274
 20
2.4675000000000002
 10
3.342605042218694
 20
2.4675000000000002
 10
3.362798039404115
 20
2.4675000000000002
 10
3.382991036589535
 20
2.4675000000000002
 10
3.4031840337749557
 20
2.4675000000000002
 10
3.423377030960376
 20
2.4675000000000002
 10
3.443570028145796
 20
2.4675000000000002
 10
3.4637630253312164
 20
2.4675000000000002
 10
3.483956022516637
 20
2.4675000000000002
 10
3.5041490197020577
 20
2.4675000000000002
 10
3.524342016887478
 20
2.4675000000000002
 10
3.544535014072898
 20
2.4675000000000002
 10
3.5647280112583184
 20
2.4675000000000002
 10
3.584921008443739
 20
2.4675000000000002
 10
3.6051140056291593
 20
2.4675000000000002
 10
3.62530700281458
 20
2.4675000000000002
 10
3.6455
 20
2.4675000000000002
 10
3.6656929971854204
 20
2.4675000000000002
 10
3.6858859943708406
 20
2.4675000000000002
 10
3.7060789915562617
 20
2.4675000000000002
 10
3.7262719887416815
 20
2.4675000000000002
 10
3.746464985927102
 20
2.4675000000000002
 10
3.7666579831125224
 20
2.4675000000000002
 10
3.786850980297943
 20
2.4675000000000002
 10
3.8070439774833633
 20
2.4675000000000002
 10
3.827236974668784
 20
2.4675000000000002
 10
3.847429971854204
 20
2.4675000000000002
 10
3.8676229690396244
 20
2.4675000000000002
 10
3.8878159662250447
 20
2.4675000000000002
 10
3.9080089634104653
 20
2.4675000000000002
 10
3.9282019605958856
 20
2.4675000000000002
 10
3.9483949577813062
 20
2.4675000000000002
 10
3.9685879549667264
 20
2.4675000000000002
 10
3.9887809521521467
 20
2.4675000000000002
 10
4.008973949337567
 20
2.4675000000000002
 10
4.029166946522988
 20
2.4675000000000002
 10
4.049359943708408
 20
2.4675000000000002
 10
4.0695529408938285
 20
2.4675000000000002
 10
4.089745938079249
 20
2.4675000000000002
 10
4.109938935264669
 20
2.4675000000000002
 10
4.130131932450089
 20
2.4675000000000002
 10
4.15032492963551
 20
2.4675000000000002
 10
4.1705179268209305
 20
2.4675000000000002
 10
4.190710924006351
 20
2.4675000000000002
 10
4.210903921191771
 20
2.4675000000000002
 10
4.231105362196819
 20
2.4674999994058493
 10
4.251886454561141
 20
2.4674913503564975
 10
4.272655220871862
 20
2.4670869207430153
 10
4.292557221934968
 20
2.4666959981316516
 10
4.312160090404858
 20
2.466499245055817
 10
4.332052101324866
 20
2.4665
 10
4.352245098510286
 20
2.4665
 10
4.372438095695706
 20
2.4665
 10
4.3926310928811265
 20
2.4665
 10
4.412824090066548
 20
2.4665
 10
4.433017087251969
 20
2.4665
 10
4.453210084437389
 20
2.4665
 10
4.473403081622809
 20
2.4665
 10
4.493596078808229
 20
2.4665
 10
4.51378907599365
 20
2.4665
 10
4.53398207317907
 20
2.4665
 10
4.55417507036449
 20
2.4665
 10
4.57436806754991
 20
2.4665
 10
4.594561064735331
 20
2.4665
 10
4.614754061920752
 20
2.4665
 10
4.634947059106172
 20
2.4665
 10
4.655140056291592
 20
2.4665
 10
4.675333053477013
 20
2.4665
 10
4.6955260506624334
 20
2.4665
 10
4.715719047847854
 20
2.4665
 10
4.735912045033274
 20
2.4665
 10
4.756105042218694
 20
2.4665
 10
4.776298039404114
 20
2.4665
 10
4.796491036589535
 20
2.4665
 10
4.816684033774955
 20
2.4665
 10
4.836877030960376
 20
2.4665
 10
4.857070028145796
 20
2.4665
 10
4.877263025331217
 20
2.4665
 10
4.8974560225166375
 20
2.4665
 10
4.917649019702058
 20
2.4665
 10
4.937842016887478
 20
2.4665
 10
4.958035014072898
 20
2.4665
 10
4.978228011258318
 20
2.4665
 10
4.998421008443739
 20
2.4665
 10
5.01861400562916
 20
2.4665
 10
5.03880700281458
 20
2.4665
 10
5.059
 20
2.4665
  0
LWPOLYLINE
  5
9B
330
17
100
AcDbEntity
  8
FORKS
100
AcDbPolyline
 90
141
 70
0
 10
2.232
 20
2.3485
 10
2.2521929971854204
 20
2.3485
 10
2.272385994370841
 20
2.3485
 10
2.2925789915562613
 20
2.3485
 10
2.3127719887416816
 20
2.3485
 10
2.332964985927102
 20
2.3485
 10
2.3531579831125224
 20
2.3485
 10
2.373350980297943
 20
2.3485
 10
2.3935439774833633
 20
2.3485
 10
2.4137369746687836
 20
2.3485
 10
2.4339299718542042
 20
2.3485
 10
2.4541229690396245
 20
2.3485
 10
2.4743159662250447
 20
2.3485
 10
2.4945089634104654
 20
2.3485
 10
2.5147019605958856
 20
2.3485
 10
2.5348949577813062
 20
2.3485
 10
2.5550879549667265
 20
2.3485
 10
2.5752809521521467
 20
2.3485
 10
2.5954739493375674
 20
2.3485
 10
2.6156669465229876
 20
2.3485
 10
2.635859943708408
 20
2.3485
 10
2.6560529408938285
 20
2.3485
 10
2.6762459380792487
 20
2.3485
 10
2.696438935264669
 20
2.3485
 10
2.7166319324500896
 20
2.3485
 10
2.73682492963551
 20
2.3485
 10
2.7570179268209305
 20
2.3485
 10
2.7772109240063507
 20
2.3485
 10
2.797403921191771
 20
2.3485
 10
2.8175969183771916
 20
2.3485
 10
2.837789915562612
 20
2.3485
 10
2.8579829127480325
 20
2.3485
 10
2.8781759099334527
 20
2.3485
 10
2.898368907118873
 20
2.3485
 10
2.918561904304293
 20
2.3485
 10
2.938754901489714
 20
2.3485
 10
2.958947898675134
 20
2.3485
 10
2.9791408958605547
 20
2.3485
 10
2.999333893045975
 20
2.3485
 10
3.019526890231395
 20
2.3485
 10
3.039719887416816
 20
2.3485
 10
3.059912884602236
 20
2.3485
 10
3.0801058817876568
 20
2.3485
 10
3.100298878973077
 20
2.3485
 10
3.120491876158497
 20
2.3485
 10
3.140684873343918
 20
2.3485
 10
3.160877870529338
 20
2.3485
 10
3.180771921146721
 20
2.34850074474671
 10
3.2003748028726093
 20
2.3483053445138107
 10
3.220274764440236
 20
2.3479144520940025
 10
3.2410414910822647
 20
2.3475100427971234
 10
3.26182257007723
 20
2.3475000009158475
 10
3.2820260506624335
 20
2.3475
 10
3.3022190478478537
 20
2.3475
 10
3.322412045033274
 20
2.3475
 10
3.342605042218694
 20
2.3475
 10
3.362798039404115
 20
2.3475
 10
3.382991036589535
 20
2.3475
 10
3.4031840337749557
 20
2.3475
 10
3.423377030960376
 20
2.3475
 10
3.443570028145796
 20
2.3475
 10
3.4637630253312164
 20
2.3475
 10
3.483956022516637
 20
2.3475
 10
3.5041490197020577
 20
2.3475
 10
3.524342016887478
 20
2.3475
 10
3.544535014072898
 20
2.3475
 10
3.5647280112583184
 20
2.3475
 10
3.584921008443739
 20
2.3475
 10
3.6051140056291593
 20
2.3475
 10
3.62530700281458
 20
2.3475
 10
3.6455
 20
2.3475
 10
3.6656929971854204
 20
2.3475
 10
3.6858859943708406
 20
2.3475
 10
3.7060789915562617
 20
2.3475
 10
3.7262719887416815
 20
2.3475
 10
3.746464985927102
 20
2.3475
 10
3.7666579831125224
 20
2.3475
 10
3.786850980297943
 20
2.3475
 10
3.8070439774833633
 20
2.3475
 10
3.827236974668784
 20
2.3475
 10
3.847429971854204
 20
2.3475
 10
3.8676229690396244
 20
2.3475
 10
3.8878159662250447
 20
2.3475
 10
3.9080089634104653
 20
2.3475
 10
3.9282019605958856
 20
2.3475
 10
3.9483949577813062
 20
2.3475
 10
3.9685879549667264
 20
2.3475
 10
3.9887809521521467
 20
2.3475
 10
4.008973949337567
 20
2.3475
 10
4.029166946522988
 20
2.3475
 10
4.049359943708408
 20
2.3475
 10
4.0695529408938285
 20
2.3475
 10
4.089745938079249
 20
2.3475
 10
4.109938935264669
 20
2.3475
 10
4.130131932450089
 20
2.3475
 10
4.15032492963551
 20
2.3475
 10
4.1705179268209305
 20
2.3475
 10
4.190710924006351
 20
2.3475
 10
4.210903921191771
 20
2.3475
 10
4.231088474557565
 20
2.347500000594151
 10
4.250693265133099
 20
2.347497282590675
 10
4.2703027318797275
 20
2.3471099821442083
 10
4.290778963873973
 20
2.346709174695624
 10
4.311558117874033
 20
2.3465007549441825
 10
4.332052101324866
 20
2.3465
 10
4.352245098510286
 20
2.3465
 10
4.372438095695706
 20
2.3465
 10
4.3926310928811265
 20
2.3465
 10
4.412824090066548
 20
2.3465
 10
4.433017087251969
 20
2.3465
 10
4.453210084437389
 20
2.3465
 10
4.473403081622809
 20
2.3465
 10
4.493596078808229
 20
2.3465
 10
4.51378907599365
 20
2.3465
 10
4.53398207317907
 20
2.3465
 10
4.55417507036449
 20
2.3465
 10
4.57436806754991
 20
2.3465
 10
4.594561064735331
 20
2.3465
 10
4.614754061920752
 20
2.3465
 10
4.634947059106172
 20
2.3465
 10
4.655140056291592
 20
2.3465
 10
4.675333053477013
 20
2.3465
 10
4.6955260506624334
 20
2.3465
 10
4.715719047847854
 20
2.3465
 10
4.735912045033274
 20
2.3465
 10
4.756105042218694
 20
2.3465
 10
4.776298039404114
 20
2.3465
 10
4.796491036589535
 20
2.3465
 10
4.816684033774955
 20
2.3465
 10
4.836877030960376
 20
2.3465
 10
4.857070028145796
 20
2.3465
 10
4.877263025331217
 20
2.3465
 10
4.8974560225166375
 20
2.3465
 10
4.917649019702058
 20
2.3465
 10
4.937842016887478
 20
2.3465
 10
4.958035014072898
 20
2.3465
 10
4.978228011258318
 20
2.3465
 10
4.998421008443739
 20
2.3465
 10
5.01861400562916
 20
2.3465
 10
5.03880700281458
 20
2.3465
 10
5.059
 20
2.3465
  0
TEXT
  5
9C
330
17
100
AcDbEntity
  8
FORKS
100
AcDbText
 10
3.3455000000000004
 20
2.7075
 30
0.0
 40
0.1
  1
갈림길2 0.12m
 11
3.3455000000000004
 21
2.7075
 31
0.0
100
AcDbText
  0
LWPOLYLINE
  5
9D
330
17
100
AcDbEntity
  8
WALLS
100
AcDbPolyline
 90
5
 70
0
 10
9.591034584499306
 20
6.4567834861260796
 10
9.590508038217783
 20
6.615518754378325
 10
9.540508313300093
 20
6.615352898551057
 10
9.541034859581616
 20
6.456617630298812
 10
9.591034584499306
 20
6.4567834861260796
  0
LWPOLYLINE
  5
9E
330
17
100
AcDbEntity
  8
WALLS
100
AcDbPolyline
 90
5
 70
0
 10
9.590572537568958
 20
6.594611122820969
 10
9.59011063828831
 20
6.756283161343629
 10
9.54011084235029
 20
6.756140311225653
 10
9.540572741630937
 20
6.594468272702993
 10
9.590572537568958
 20
6.594611122820969
  0
LWPOLYLINE
  5
9F
330
17
100
AcDbEntity
  8
WALLS
100
AcDbPolyline
 90
5
 70
0
 10
9.590172062387044
 20
6.73530402486624
 10
9.589691965628965
 20
6.895366671218126
 10
9.539692190542006
 20
6.89521670037564
 10
9.540172287300084
 20
6.735154054023754
 10
9.590172062387044
 20
6.73530402486624
  0
LWPOLYLINE
  5
A0
330
17
100
AcDbEntity
  8
WALLS
100
AcDbPolyline
 90
5
 70
0
 10
9.589756415716646
 20
6.874387790133562
 10
9.58924810741355
 20
7.036056787728362
 10
9.539248354550512
 20
7.035899582018479
 10
9.539756662853609
 20
6.874230584423679
 10
9.589756415716646
 20
6.874387790133562
  0
LWPOLYLINE
  5
A1
330
17
100
AcDbEntity
  8
WALLS
100
AcDbPolyline
 90
5
 70
0
 10
9.589317178725675
 20
7.015036508459358
 10
9.588766035274094
 20
7.175787487284601
 10
9.53876632914611
 20
7.175616060579677
 10
9.539317472597691
 20
7.014865081754434
 10
9.589317178725675
 20
7.015036508459358
  0
LWPOLYLINE
  5
A2
330
17
100
AcDbEntity
  8
WALLS
100
AcDbPolyline
 90
5
 70
0
 10
9.588830585819489
 20
7.154771829116241
 10
9.588392793862335
 20
7.315987633454913
 10
9.538392978218615
 20
7.3158518557175025
 10
9.53883077017577
 20
7.15463605137883
 10
9.588830585819489
 20
7.154771829116241
  0
LWPOLYLINE
  5
A3
330
17
100
AcDbEntity
  8
WALLS
100
AcDbPolyline
 90
5
 70
0
 10
9.588454148495389
 20
7.295030544287852
 10
9.587950691954822
 20
7.455319826327938
 10
9.537950938588173
 20
7.455162780875248
 10
9.53845439512874
 20
7.294873498835162
 10
9.588454148495389
 20
7.295030544287852
  0
LWPOLYLINE
  5
A4
330
17
100
AcDbEntity
  8
WALLS
100
AcDbPolyline
 90
5
 70
0
 10
9.588015230834127
 20
7.434304089033038
 10
9.587529255105132
 20
7.59620275419536
 10
9.53752948036286
 20
7.596052668479981
 10
9.538015456091856
 20
7.4341540033176585
 10
9.588015230834127
 20
7.434304089033038
  0
LWPOLYLINE
  5
A5
330
17
100
AcDbEntity
  8
WALLS
100
AcDbPolyline
 90
5
 70
0
 10
9.587590813209724
 20
7.57518628529018
 10
9.587133062018923
 20
7.735484139484895
 10
9.53713326588309
 20
7.73534135862026
 10
9.537591017073892
 20
7.575043504425545
 10
9.587590813209724
 20
7.57518628529018
  0
LWPOLYLINE
  5
A6
330
17
100
AcDbEntity
  8
WALLS
100
AcDbPolyline
 90
5
 70
0
 10
9.587197450114052
 20
7.714526921798235
 10
9.586667408234328
 20
7.875738758194652
 10
9.536667678482653
 20
7.875574366104495
 10
9.537197720362377
 20
7.714362529708078
 10
9.587197450114052
 20
7.714526921798235
  0
LWPOLYLINE
  5
A7
330
17
100
AcDbEntity
  8
WALLS
100
AcDbPolyline
 90
5
 70
0
 10
9.586736397234002
 20
7.854741548389649
 10
9.586208613417295
 20
8.01548521490623
 10
9.536208882931025
 20
8.015321046393948
 10
9.536736666747732
 20
7.8545773798773695
 10
9.586736397234002
 20
7.854741548389649
  0
LWPOLYLINE
  5
A8
330
17
100
AcDbEntity
  8
WALLS
100
AcDbPolyline
 90
5
 70
0
 10
9.58627321544269
 20
7.994447261295509
 10
9.58581093414942
 20
8.156122989865553
 10
9.535811138539744
 20
8.155980024867764
 10
9.536273419833014
 20
7.994304296297718
 10
9.58627321544269
 20
7.994447261295509
  0
LWPOLYLINE
  5
A9
330
17
100
AcDbEntity
  8
WALLS
100
AcDbPolyline
 90
5
 70
0
 10
9.58587236038855
 20
8.135143257423218
 10
9.585392617964736
 20
8.295209596027407
 10
9.53539284253555
 20
8.295059739326343
 10
9.535872584959364
 20
8.134993400722154
 10
9.58587236038855
 20
8.135143257423218
  0
LWPOLYLINE
  5
AA
330
17
100
AcDbEntity
  8
WALLS
100
AcDbPolyline
 90
5
 70
0
 10
9.585458434149055
 20
8.274263899743701
 10
9.58492864687573
 20
8.435475736735402
 10
9.534928916864486
 20
8.435311423610983
 10
9.535458704137811
 20
8.274099586619283
 10
9.585458434149055
 20
8.274263899743701
  0
LWPOLYLINE
  5
AB
330
17
100
AcDbEntity
  8
WALLS
100
AcDbPolyline
 90
5
 70
0
 10
9.584997739927063
 20
8.41444881101942
 10
9.584468101290154
 20
8.575649568141165
 10
9.534468371164534
 20
8.575485289825215
 10
9.534998009801443
 20
8.414284532703471
 10
9.584997739927063
 20
8.41444881101942
  0
LWPOLYLINE
  5
AC
330
17
100
AcDbEntity
  8
WALLS
100
AcDbPolyline
 90
5
 70
0
 10
9.584531262587177
 20
8.55460772668551
 10
9.584093081256196
 20
8.715830912244229
 10
9.534093265923644
 20
8.71569501996822
 10
9.534531447254626
 20
8.554471834409501
 10
9.584531262587177
 20
8.55460772668551
  0
LWPOLYLINE
  5
AD
330
17
100
AcDbEntity
  8
WALLS
100
AcDbPolyline
 90
5
 70
0
 10
9.584154436948518
 20
8.694873467889039
 10
9.58365135867866
 20
8.855159059870623
 10
9.533651604952878
 20
8.855002128799732
 10
9.534154683222736
 20
8.694716536818149
 10
9.584154436948518
 20
8.694873467889039
  0
LWPOLYLINE
  5
AE
330
17
100
AcDbEntity
  8
WALLS
100
AcDbPolyline
 90
5
 70
0
 10
9.58371865148597
 20
8.834210536782225
 10
9.583189725715524
 20
8.995191979393345
 10
9.53318999559777
 20
8.995027698682813
 10
9.533718921368216
 20
8.834046256071693
 10
9.58371865148597
 20
8.834210536782225
  0
LWPOLYLINE
  5
AF
330
17
100
AcDbEntity
  8
WALLS
100
AcDbPolyline
 90
5
 70
0
 10
9.583257418012613
 20
8.974146401002237
 10
9.582748565443099
 20
9.135810909377607
 10
9.532748813123336
 20
9.135653530972796
 10
9.53325766569285
 20
8.973989022597426
 10
9.583257418012613
 20
8.974146401002237
  0
LWPOLYLINE
  5
B0
330
17
100
AcDbEntity
  8
WALLS
100
AcDbPolyline
 90
5
 70
0
 10
9.58281024217657
 20
9.11477199509836
 10
9.582373871612372
 20
9.275538089919776
 10
9.532374055799629
 20
9.275402374439095
 10
9.532810426363827
 20
9.11463627961768
 10
9.58281024217657
 20
9.11477199509836
  0
LWPOLYLINE
  5
B1
330
17
100
AcDbEntity
  8
WALLS
100
AcDbPolyline
 90
5
 70
0
 10
9.582436683135874
 20
9.254584712539721
 10
9.58190929239046
 20
9.415320997847353
 10
9.531909561527616
 20
9.415156944066467
 10
9.53243695227303
 20
9.254420658758836
 10
9.582436683135874
 20
9.254584712539721
  0
LWPOLYLINE
  5
B2
330
17
100
AcDbEntity
  8
WALLS
100
AcDbPolyline
 90
5
 70
0
 10
9.581973893343976
 20
9.394283399772133
 10
9.581511230008458
 20
9.555962818389387
 10
9.5315114347274
 20
9.555819738507866
 10
9.53197409806292
 20
9.394140319890612
 10
9.581973893343976
 20
9.394283399772133
  0
LWPOLYLINE
  5
B3
330
17
100
AcDbEntity
  8
WALLS
100
AcDbPolyline
 90
5
 70
0
 10
9.581577355569983
 20
9.5349344536434
 10
9.581025409784207
 20
9.695907385261252
 10
9.531025703700266
 20
9.695735945710604
 10
9.531577649486042
 20
9.534763014092752
 10
9.581577355569983
 20
9.5349344536434
  0
LWPOLYLINE
  5
B4
330
17
100
AcDbEntity
  8
WALLS
100
AcDbPolyline
 90
5
 70
0
 10
9.581091270719254
 20
9.674939804051016
 10
9.580634043020519
 20
9.835248740291219
 10
9.53063424639055
 20
9.835106132570859
 10
9.531091474089285
 20
9.674797196330656
 10
9.581091270719254
 20
9.674939804051016
  0
LWPOLYLINE
  5
B5
330
17
100
AcDbEntity
  8
WALLS
100
AcDbPolyline
 90
5
 70
0
 10
9.580698369051253
 20
9.814292033604548
 10
9.580168754410044
 20
9.975485408409963
 10
9.530169024284687
 20
9.975321130013516
 10
9.530698638925896
 20
9.814127755208101
 10
9.580698369051253
 20
9.814292033604548
  0
LWPOLYLINE
  5
B6
330
17
100
AcDbEntity
  8
WALLS
100
AcDbPolyline
 90
5
 70
0
 10
9.580231939380507
 20
9.954443624249617
 10
9.579793368675695
 20
10.115674191028354
 10
9.529793553654546
 20
10.115538184224231
 10
9.530232124359358
 20
9.954307617445494
 10
9.580231939380507
 20
9.954443624249617
  0
LWPOLYLINE
  5
B7
330
17
100
AcDbEntity
  8
WALLS
100
AcDbPolyline
 90
5
 70
0
 10
9.579854725429195
 20
10.094716391492277
 10
9.579352025400427
 20
10.254998293415248
 10
9.529352271315785
 20
10.254841476722188
 10
9.529854971344554
 20
10.094559574799217
 10
9.579854725429195
 20
10.094716391492277
  0
LWPOLYLINE
  5
B8
330
17
100
AcDbEntity
  8
WALLS
100
AcDbPolyline
 90
5
 70
0
 10
9.579419296031993
 20
10.234049398602021
 10
9.57889032924069
 20
10.395041125167797
 10
9.528890599130314
 20
10.394876842211357
 10
9.529419565921618
 20
10.233885115645581
 10
9.579419296031993
 20
10.234049398602021
  0
LWPOLYLINE
  5
B9
330
17
100
AcDbEntity
  8
WALLS
100
AcDbPolyline
 90
5
 70
0
 10
9.57895804482853
 20
10.373995842553839
 10
9.5784488735031
 20
10.535646374701695
 10
9.52844912153662
 20
10.535488884097479
 10
9.528958292862049
 20
10.373838351949622
 10
9.57895804482853
 20
10.373995842553839
  0
LWPOLYLINE
  5
BA
330
17
100
AcDbEntity
  8
WALLS
100
AcDbPolyline
 90
5
 70
0
 10
9.578510572525328
 20
10.514607834400175
 10
9.578074181662892
 20
10.675381311549016
 10
9.528074365850369
 20
10.6752455959874
 10
9.528510756712805
 20
10.51447211883856
 10
9.578510572525328
 20
10.514607834400175
  0
LWPOLYLINE
  5
BB
330
17
100
AcDbEntity
  8
WALLS
100
AcDbPolyline
 90
5
 70
0
 10
9.578136969063392
 20
10.654427876684581
 10
9.57760997138927
 20
10.815156780783328
 10
9.527610240150077
 20
10.814992841744376
 10
9.528137237824199
 20
10.654263937645629
 10
9.578136969063392
 20
10.654427876684581
  0
LWPOLYLINE
  5
BC
330
17
100
AcDbEntity
  8
WALLS
100
AcDbPolyline
 90
5
 70
0
 10
9.577678781833068
 20
10.794190077446501
 10
9.57715067825416
 20
10.954952995536509
 10
9.527150948029938
 20
10.954788747233543
 10
9.527679051608846
 20
10.794025829143536
 10
9.577678781833068
 20
10.794190077446501
  0
LWPOLYLINE
  5
BD
330
17
100
AcDbEntity
  8
WALLS
100
AcDbPolyline
 90
5
 70
0
 10
9.577216894671663
 20
10.933903513680079
 10
9.5767300145223
 20
11.095792944705167
 10
9.526730240645021
 20
11.09564257110005
 10
9.527217120794385
 20
10.933753140074963
 10
9.577216894671663
 20
10.933903513680079
  0
LWPOLYLINE
  5
BE
330
17
100
AcDbEntity
  8
WALLS
100
AcDbPolyline
 90
5
 70
0
 10
9.576791575567682
 20
11.074775585567053
 10
9.576334696646303
 20
11.235091905236615
 10
9.526334899687487
 20
11.234949412860601
 10
9.526791778608867
 20
11.07463309319104
 10
9.576791575567682
 20
11.074775585567053
  0
LWPOLYLINE
  5
BF
330
17
100
AcDbEntity
  8
WALLS
100
AcDbPolyline
 90
5
 70
0
 10
9.576398998201194
 20
11.214135256189781
 10
9.575869407555691
 20
11.375321248678862
 10
9.5258696774306
 20
11.37515697020191
 10
9.526399268076103
 20
11.21397097771283
 10
9.576398998201194
 20
11.214135256189781
  0
LWPOLYLINE
  5
C0
330
17
100
AcDbEntity
  8
WALLS
100
AcDbPolyline
 90
5
 70
0
 10
9.575938391968215
 20
11.354325356121734
 10
9.575410221552584
 20
11.515076403871824
 10
9.525410491436507
 20
11.514912122651847
 10
9.525938661852138
 20
11.354161074901757
 10
9.575938391968215
 20
11.354325356121734
  0
LWPOLYLINE
  5
C1
330
17
100
AcDbEntity
  8
WALLS
100
AcDbPolyline
 90
5
 70
0
 10
9.575474910881276
 20
11.494037454321422
 10
9.575011674069682
 20
11.655722411458498
 10
9.525011879282381
 20
11.65557915913665
 10
9.525475116093975
 20
11.493894201999574
 10
9.575474910881276
 20
11.494037454321422
  0
LWPOLYLINE
  5
C2
330
17
100
AcDbEntity
  8
WALLS
100
AcDbPolyline
 90
5
 70
0
 10
9.575073105661865
 20
11.634741188529409
 10
9.574594249534595
 20
11.79481676121661
 10
9.524594473250605
 20
11.794667189993257
 10
9.525073329377875
 20
11.634591617306056
 10
9.575073105661865
 20
11.634741188529409
  0
LWPOLYLINE
  5
C3
330
17
100
AcDbEntity
  8
WALLS
100
AcDbPolyline
 90
5
 70
0
 10
9.574639547423784
 20
11.773628870655312
 10
9.57442522436961
 20
11.937788046044549
 10
9.524425266983082
 20
11.937722767064255
 10
9.524639590037255
 20
11.773563591675018
 10
9.574639547423784
 20
11.773628870655312
  0
LWPOLYLINE
  5
C4
330
17
100
AcDbEntity
  8
WALLS
100
AcDbPolyline
 90
5
 70
0
 10
9.574404611242512
 20
11.916582819569477
 10
9.574933216236035
 20
12.07579728709037
 10
9.52493349180727
 20
12.07596329024586
 10
9.524404886813747
 20
11.916748822724966
 10
9.574404611242512
 20
11.916582819569477
  0
LWPOLYLINE
  5
C5
330
17
100
AcDbEntity
  8
WALLS
100
AcDbPolyline
 90
5
 70
0
 10
9.575023266349143
 20
12.056285791346518
 10
9.57308228229095
 20
12.202604911687725
 10
9.523086680992227
 20
12.20194169921847
 10
9.525027665050422
 20
12.055622578877262
 10
9.575023266349143
 20
12.056285791346518
  0
LWPOLYLINE
  5
C6
330
17
100
AcDbEntity
  8
WALLS
100
AcDbPolyline
 90
5
 70
0
 10
9.573712437800129
 20
12.185990979958216
 10
9.565186111541795
 20
12.314677054046072
 10
9.51529550057035
 20
12.311371462284217
 10
9.523821826828684
 20
12.182685388196361
 10
9.573712437800129
 20
12.185990979958216
  0
LWPOLYLINE
  5
C7
330
17
100
AcDbEntity
  8
WALLS
100
AcDbPolyline
 90
5
 70
0
 10
9.56660638998704
 20
12.30143429326844
 10
9.54954436040964
 20
12.409983487050873
 10
9.500150804178453
 20
12.402219686252511
 10
9.517212833755853
 20
12.293670492470078
 10
9.56660638998704
 20
12.30143429326844
  0
LWPOLYLINE
  5
C8
330
17
100
AcDbEntity
  8
WALLS
100
AcDbPolyline
 90
5
 70
0
 10
9.55198123993674
 20
12.398565965754052
 10
9.523041784155861
 20
12.505607811975008
 10
9.474774662612862
 20
12.49255848333506
 10
9.503714118393741
 20
12.385516637114105
 10
9.55198123993674
 20
12.398565965754052
  0
LWPOLYLINE
  5
C9
330
17
100
AcDbEntity
  8
WALLS
100
AcDbPolyline
 90
5
 70
0
 10
9.526924958063184
 20
12.493817831525616
 10
9.483992721487429
 20
12.605286395243327
 10
9.43733382069804
 20
12.587315669684076
 10
9.480266057273795
 20
12.475847105966364
 10
9.526924958063184
 20
12.493817831525616
  0
LWPOLYLINE
  5
CA
330
17
100
AcDbEntity
  8
WALLS
100
AcDbPolyline
 90
5
 70
0
 10
9.489873507077474
 20
12.591590588810277
 10
9.432013917959308
 20
12.715035962865318
 10
9.386740205862944
 20
12.693815901767024
 10
9.44459979498111
 20
12.570370527711983
 10
9.489873507077474
 20
12.591590588810277
  0
LWPOLYLINE
  5
CB
330
17
100
AcDbEntity
  8
WALLS
100
AcDbPolyline
 90
5
 70
0
 10
9.43800256887732
 20
12.703535962539961
 10
9.38580161628905
 20
12.790696129518748
 10
9.342906325187936
 20
12.765005781110235
 10
9.395107277776205
 20
12.677845614131448
 10
9.43800256887732
 20
12.703535962539961
  0
LWPOLYLINE
  5
CC
330
17
100
AcDbEntity
  8
WALLS
100
AcDbPolyline
 90
5
 70
0
 10
9.390669631163771
 20
12.783423347622
 10
9.342129720494896
 20
12.845930946335296
 10
9.3026385122431
 20
12.815264279238702
 10
9.351178422911975
 20
12.752756680525406
 10
9.390669631163771
 20
12.783423347622
  0
LWPOLYLINE
  5
CD
330
17
100
AcDbEntity
  8
WALLS
100
AcDbPolyline
 90
5
 70
0
 10
9.346454764185745
 20
12.841263165061743
 10
9.285290050266278
 20
12.897470821853073
 10
9.251458053492131
 20
12.8606551187595
 10
9.312622767411598
 20
12.80444746196817
 10
9.346454764185745
 20
12.841263165061743
  0
LWPOLYLINE
  5
CE
330
17
100
AcDbEntity
  8
WALLS
100
AcDbPolyline
 90
5
 70
0
 10
9.289481562245228
 20
12.894307298707062
 10
9.222733373661693
 20
12.93394699777022
 10
9.19720264456047
 20
12.890956511944168
 10
9.263950833144005
 20
12.85131681288101
 10
9.289481562245228
 20
12.894307298707062
  0
LWPOLYLINE
  5
CF
330
17
100
AcDbEntity
  8
WALLS
100
AcDbPolyline
 90
5
 70
0
 10
9.227593494688925
 20
12.931649941652468
 10
9.154542292291751
 20
12.958089346139312
 10
9.137526024307462
 20
12.911073959042247
 10
9.210577226704636
 20
12.884634554555403
 10
9.227593494688925
 20
12.931649941652468
  0
LWPOLYLINE
  5
D0
330
17
100
AcDbEntity
  8
WALLS
100
AcDbPolyline
 90
5
 70
0
 10
9.161989503814384
 20
12.956154254029327
 10
9.063291283163606
 20
12.975272774346545
 10
9.05378269079248
 20
12.926185233451529
 10
9.152480911443257
 20
12.907066713134311
 10
9.161989503814384
 20
12.956154254029327
  0
LWPOLYLINE
  5
D1
330
17
100
AcDbEntity
  8
WALLS
100
AcDbPolyline
 90
5
 70
0
 10
9.074662554941519
 20
12.97375574933224
 10
8.958218348155324
 20
12.983546053022495
 10
8.95402926798102
 20
12.933721845981205
 10
9.070473474767216
 20
12.92393154229095
 10
9.074662554941519
 20
12.97375574933224
  0
LWPOLYLINE
  5
D2
330
17
100
AcDbEntity
  8
WALLS
100
AcDbPolyline
 90
5
 70
0
 10
8.973994873105344
 20
12.982765859563544
 10
8.825223916593302
 20
12.986185066286035
 10
8.824075068688291
 20
12.93619826654359
 10
8.972846025200333
 20
12.9327790598211
 10
8.973994873105344
 20
12.982765859563544
  0
LWPOLYLINE
  5
D3
330
17
100
AcDbEntity
  8
WALLS
100
AcDbPolyline
 90
5
 70
0
 10
8.8455117167868
 20
12.985724667451008
 10
8.68299057566898
 20
12.989369734360151
 10
8.681869444459126
 20
12.939382305292332
 10
8.844390585576948
 20
12.935737238383188
 10
8.8455117167868
 20
12.985724667451008
  0
LWPOLYLINE
  5
D4
330
17
100
AcDbEntity
  8
WALLS
100
AcDbPolyline
 90
5
 70
0
 10
8.699802147046723
 20
12.989345763645419
 10
8.584810942640276
 20
12.98600273386367
 10
8.586263931134619
 20
12.936023850078262
 10
8.701255135541066
 20
12.939366879860012
 10
8.699802147046723
 20
12.989345763645419
  0
LWPOLYLINE
  5
D5
330
17
100
AcDbEntity
  8
WALLS
100
AcDbPolyline
 90
5
 70
0
 10
8.596386589863362
 20
12.98698705789256
 10
8.489557269935341
 20
12.97136486420639
 10
8.496792075853223
 20
12.921891057163364
 10
8.603621395781245
 20
12.937513250849534
 10
8.596386589863362
 20
12.98698705789256
  0
LWPOLYLINE
  5
D6
330
17
100
AcDbEntity
  8
WALLS
100
AcDbPolyline
 90
5
 70
0
 10
8.499344296279695
 20
12.973365655247601
 10
8.409337518280676
 20
12.94845865382861
 10
8.422672545152508
 20
12.900269681456006
 10
8.512679323151527
 20
12.925176682874998
 10
8.499344296279695
 20
12.973365655247601
  0
LWPOLYLINE
  5
D7
330
17
100
AcDbEntity
  8
WALLS
100
AcDbPolyline
 90
5
 70
0
 10
8.418055573044981
 20
12.951539334124892
 10
8.326187442343063
 20
12.912342743726093
 10
8.345809173864673
 20
12.866353748824118
 10
8.437677304566591
 20
12.905550339222916
 10
8.418055573044981
 20
12.951539334124892
  0
LWPOLYLINE
  5
D8
330
17
100
AcDbEntity
  8
WALLS
100
AcDbPolyline
 90
5
 70
0
 10
8.334031258325618
 20
12.916324747008007
 10
8.256877150111789
 20
12.8694031252238
 10
8.282857628657295
 20
12.826682934042735
 10
8.360011736871124
 20
12.873604555826942
 10
8.334031258325618
 20
12.916324747008007
  0
LWPOLYLINE
  5
D9
330
17
100
AcDbEntity
  8
WALLS
100
AcDbPolyline
 90
5
 70
0
 10
8.263804686097743
 20
12.874430429749605
 10
8.18746650458268
 20
12.810352127091274
 10
8.21961264459918
 20
12.772055577872845
 10
8.295950826114243
 20
12.836133880531175
 10
8.263804686097743
 20
12.874430429749605
  0
LWPOLYLINE
  5
DA
330
17
100
AcDbEntity
  8
WALLS
100
AcDbPolyline
 90
5
 70
0
 10
8.193987064703682
 20
12.816731502004622
 10
8.128545754371332
 20
12.742082554158632
 10
8.166143751343315
 20
12.70912211387494
 10
8.231585061675665
 20
12.78377106172093
 10
8.193987064703682
 20
12.816731502004622
  0
LWPOLYLINE
  5
DB
330
17
100
AcDbEntity
  8
WALLS
100
AcDbPolyline
 90
5
 70
0
 10
8.134607681913709
 20
12.749960376235293
 10
8.077674623160663
 20
12.665656810913166
 10
8.119110639276427
 20
12.63767366297634
 10
8.176043698029472
 20
12.721977228298467
 10
8.134607681913709
 20
12.749960376235293
  0
LWPOLYLINE
  5
DC
330
17
100
AcDbEntity
  8
WALLS
100
AcDbPolyline
 90
5
 70
0
 10
8.08414475980361
 20
12.67622510522483
 10
8.025452180069653
 20
12.571896974276637
 10
8.069029527919565
 20
12.547381372012609
 10
8.127722107653522
 20
12.651709502960802
 10
8.08414475980361
 20
12.67622510522483
  0
LWPOLYLINE
  5
DD
330
17
100
AcDbEntity
  8
WALLS
100
AcDbPolyline
 90
5
 70
0
 10
8.030482279830398
 20
12.582029156276517
 10
7.9923530391798385
 20
12.490622899873314
 10
8.038499120601895
 20
12.47137350587275
 10
8.076628361252453
 20
12.562779762275953
 10
8.030482279830398
 20
12.582029156276517
  0
LWPOLYLINE
  5
DE
330
17
100
AcDbEntity
  8
WALLS
100
AcDbPolyline
 90
5
 70
0
 10
7.995151813420064
 20
12.49903089019147
 10
7.972129055995652
 20
12.406361724232067
 10
8.020653936512257
 20
12.39430618729466
 10
8.04367669393667
 20
12.486975353254063
 10
7.995151813420064
 20
12.49903089019147
  0
LWPOLYLINE
  5
DF
330
17
100
AcDbEntity
  8
WALLS
100
AcDbPolyline
 90
5
 70
0
 10
7.973842896838907
 20
12.41623997138658
 10
7.9616691787172105
 20
12.307770741010069
 10
8.011357222183758
 20
12.302194152763976
 10
8.023530940305454
 20
12.410663383140486
 10
7.973842896838907
 20
12.41623997138658
  0
LWPOLYLINE
  5
E0
330
17
100
AcDbEntity
  8
WALLS
100
AcDbPolyline
 90
5
 70
0
 10
7.962530438046731
 20
12.321155112976752
 10
7.959230406260315
 20
12.191388691038282
 10
8.009214246273228
 20
12.190117574378165
 10
8.012514278059644
 20
12.319883996316635
 10
7.962530438046731
 20
12.321155112976752
  0
LWPOLYLINE
  5
E1
330
17
100
AcDbEntity
  8
WALLS
100
AcDbPolyline
 90
5
 70
0
 10
7.95931497410536
 20
12.208913177191182
 10
7.9612240664084615
 20
12.055457041319638
 10
8.011220197620412
 20
12.05607902511155
 10
8.00931110531731
 20
12.209535160983094
 10
7.95931497410536
 20
12.208913177191182
  0
LWPOLYLINE
  5
E2
330
17
100
AcDbEntity
  8
WALLS
100
AcDbPolyline
 90
5
 70
0
 10
7.9609515504042765
 20
12.076227001040438
 10
7.963227613693924
 20
11.910708211842435
 10
8.01322288705432
 20
11.911395701201817
 10
8.010946823764673
 20
12.07691449039982
 10
7.9609515504042765
 20
12.076227001040438
  0
LWPOLYLINE
  5
E3
330
17
100
AcDbEntity
  8
WALLS
100
AcDbPolyline
 90
5
 70
0
 10
7.963026404071161
 20
11.932349087995647
 10
7.963803682871151
 20
11.769482429248423
 10
8.013803113465384
 20
11.769721050815978
 10
8.013025834665394
 20
11.932587709563201
 10
7.963026404071161
 20
11.932349087995647
  0
LWPOLYLINE
  5
E4
330
17
100
AcDbEntity
  8
WALLS
100
AcDbPolyline
 90
5
 70
0
 10
7.9637109110012725
 20
11.790622246681941
 10
7.9643548353917355
 20
11.629641149066316
 10
8.014354435396536
 20
11.629841147466337
 10
8.013710511006073
 20
11.790822245081962
 10
7.9637109110012725
 20
11.790622246681941
  0
LWPOLYLINE
  5
E5
330
17
100
AcDbEntity
  8
WALLS
100
AcDbPolyline
 90
5
 70
0
 10
7.964263423217923
 20
11.650620787244995
 10
7.965022345308433
 20
11.489640264617291
 10
8.015021789685079
 20
11.489875980604738
 10
8.014262867594569
 20
11.650856503232442
 10
7.964263423217923
 20
11.650620787244995
  0
LWPOLYLINE
  5
E6
330
17
100
AcDbEntity
  8
WALLS
100
AcDbPolyline
 90
5
 70
0
 10
7.964930777506468
 20
11.510655620383396
 10
7.965574701896929
 20
11.34967452276777
 10
8.01557430190173
 20
11.349874521167791
 10
8.014930377511268
 20
11.510855618783417
 10
7.964930777506468
 20
11.510655620383396
  0
LWPOLYLINE
  5
E7
330
17
100
AcDbEntity
  8
WALLS
100
AcDbPolyline
 90
5
 70
0
 10
7.9654832897231165
 20
11.370654160946447
 10
7.9662422118136265
 20
11.209673638318733
 10
8.016241656190273
 20
11.20990935430618
 10
8.015482734099763
 20
11.370889876933894
 10
7.9654832897231165
 20
11.370654160946447
  0
LWPOLYLINE
  5
E8
330
17
100
AcDbEntity
  8
WALLS
100
AcDbPolyline
 90
5
 70
0
 10
7.966150644011661
 20
11.230688994084838
 10
7.966794568402124
 20
11.069707896469223
 10
8.016794168406923
 20
11.069907894869244
 10
8.01615024401646
 20
11.230888992484859
 10
7.966150644011661
 20
11.230688994084838
  0
LWPOLYLINE
  5
E9
330
17
100
AcDbEntity
  8
WALLS
100
AcDbPolyline
 90
5
 70
0
 10
7.966703156228312
 20
11.090687534647902
 10
7.967462078318822
 20
10.929707012020202
 10
8.017461522695468
 20
10.92994272800765
 10
8.016702600604958
 20
11.090923250635349
 10
7.966703156228312
 20
11.090687534647902
  0
LWPOLYLINE
  5
EA
330
17
100
AcDbEntity
  8
WALLS
100
AcDbPolyline
 90
5
 70
0
 10
7.967370510516855
 20
10.950722367786307
 10
7.968014434907318
 20
10.789741270170671
 10
8.018014034912119
 20
10.789941268570692
 10
8.017370110521655
 20
10.950922366186328
 10
7.967370510516855
 20
10.950722367786307
  0
LWPOLYLINE
  5
EB
330
17
100
AcDbEntity
  8
WALLS
100
AcDbPolyline
 90
5
 70
0
 10
7.967923094415676
 20
10.810704157629226
 10
7.968680918635966
 20
10.649980212896645
 10
8.018680362848736
 20
10.650215963642365
 10
8.017922538628445
 20
10.810939908374946
 10
7.967923094415676
 20
10.810704157629226
  0
LWPOLYLINE
  5
EC
330
17
100
AcDbEntity
  8
WALLS
100
AcDbPolyline
 90
5
 70
0
 10
7.968589350796443
 20
10.670995574946941
 10
7.969234373057126
 20
10.509757899436204
 10
8.019233972973161
 20
10.509957920026112
 10
8.018588950712479
 20
10.67119559553685
 10
7.968589350796443
 20
10.670995574946941
  0
LWPOLYLINE
  5
ED
330
17
100
AcDbEntity
  8
WALLS
100
AcDbPolyline
 90
5
 70
0
 10
7.969144772730366
 20
10.530711526747362
 10
7.969874528831213
 20
10.370448257552388
 10
8.019874010484047
 20
10.370675929351163
 10
8.0191442543832
 20
10.530939198546138
 10
7.969144772730366
 20
10.530711526747362
  0
LWPOLYLINE
  5
EE
330
17
100
AcDbEntity
  8
WALLS
100
AcDbPolyline
 90
5
 70
0
 10
7.969782996260515
 20
10.39145552557991
 10
7.970456086640641
 20
10.22975717453156
 10
8.020455653459091
 20
10.22996530422007
 10
8.019782563078966
 20
10.39166365526842
 10
7.969782996260515
 20
10.39145552557991
  0
LWPOLYLINE
  5
EF
330
17
100
AcDbEntity
  8
WALLS
100
AcDbPolyline
 90
5
 70
0
 10
7.970370177779821
 20
10.250805552045195
 10
7.971014102170282
 20
10.089824454429559
 10
8.021013702175082
 20
10.09002445282958
 10
8.020369777784621
 20
10.251005550445216
 10
7.970370177779821
 20
10.250805552045195
  0
LWPOLYLINE
  5
F0
330
17
100
AcDbEntity
  8
WALLS
100
AcDbPolyline
 90
5
 70
0
 10
7.97092268999647
 20
10.110804092608237
 10
7.97168161208698
 20
9.949823569980545
 10
8.021681056463626
 20
9.950059285967992
 10
8.020922134373116
 20
10.111039808595685
 10
7.97092268999647
 20
10.110804092608237
  0
LWPOLYLINE
  5
F1
330
17
100
AcDbEntity
  8
WALLS
100
AcDbPolyline
 90
5
 70
0
 10
7.971590044285014
 20
9.970838925746646
 10
7.972233968675477
 20
9.809857828131024
 10
8.022233568680276
 20
9.810057826531045
 10
8.021589644289813
 20
9.971038924146667
 10
7.971590044285014
 20
9.970838925746646
  0
LWPOLYLINE
  5
F2
330
17
100
AcDbEntity
  8
WALLS
100
AcDbPolyline
 90
5
 70
0
 10
7.972142526839319
 20
9.830837394679273
 10
7.972901908917853
 20
9.669856875045634
 10
8.022901352620751
 20
9.670092733903408
 10
8.022141970542217
 20
9.831073253537047
 10
7.972142526839319
 20
9.830837394679273
  0
LWPOLYLINE
  5
F3
330
17
100
AcDbEntity
  8
WALLS
100
AcDbPolyline
 90
5
 70
0
 10
7.972810310779794
 20
9.690872302051638
 10
7.973454235170257
 20
9.529891204436005
 10
8.023453835175056
 20
9.530091202836026
 10
8.022809910784593
 20
9.691072300451658
 10
7.972810310779794
 20
9.690872302051638
  0
LWPOLYLINE
  5
F4
330
17
100
AcDbEntity
  8
WALLS
100
AcDbPolyline
 90
5
 70
0
 10
7.973362830292786
 20
9.55086903266078
 10
7.974121640718917
 20
9.389916217507514
 10
8.024121085067797
 20
9.390151939384365
 10
8.023362274641666
 20
9.551104754537631
 10
7.973362830292786
 20
9.55086903266078
  0
LWPOLYLINE
  5
F5
330
17
100
AcDbEntity
  8
WALLS
100
AcDbPolyline
 90
5
 70
0
 10
7.974030072903587
 20
9.410931576088753
 10
7.974674108958427
 20
9.249922770998698
 10
8.02467370896219
 20
9.250122769657853
 10
8.02402967290735
 20
9.411131574747909
 10
7.974030072903587
 20
9.410931576088753
  0
LWPOLYLINE
  5
F6
330
17
100
AcDbEntity
  8
WALLS
100
AcDbPolyline
 90
5
 70
0
 10
7.974583017870595
 20
9.270872788115327
 10
7.975336873915348
 20
9.110380763937506
 10
8.025336322342655
 20
9.110615619137473
 10
8.024582466297902
 20
9.271107643315293
 10
7.974583017870595
 20
9.270872788115327
  0
LWPOLYLINE
  5
F7
330
17
100
AcDbEntity
  8
WALLS
100
AcDbPolyline
 90
5
 70
0
 10
7.975245310070639
 20
9.131395207488993
 10
7.9758943005068605
 20
8.969925611423488
 10
8.025893896647807
 20
8.970126573465265
 10
8.025244906211585
 20
9.13159616953077
 10
7.975245310070639
 20
9.131395207488993
  0
LWPOLYLINE
  5
F8
330
17
100
AcDbEntity
  8
WALLS
100
AcDbPolyline
 90
5
 70
0
 10
7.97580601190936
 20
8.990885291324703
 10
7.976511406210887
 20
8.830824489098573
 10
8.026510920667997
 20
8.831044838941173
 10
8.02580552636647
 20
8.991105641167303
 10
7.97580601190936
 20
8.990885291324703
  0
LWPOLYLINE
  5
F9
330
17
100
AcDbEntity
  8
WALLS
100
AcDbPolyline
 90
5
 70
0
 10
7.976419905423117
 20
8.851824464546311
 10
7.977117357602565
 20
8.689923646529106
 10
8.027116893659434
 20
8.690139039421009
 10
8.026419441479986
 20
8.852039857438214
 10
7.976419905423117
 20
8.851824464546311
  0
LWPOLYLINE
  5
FA
330
17
100
AcDbEntity
  8
WALLS
100
AcDbPolyline
 90
5
 70
0
 10
7.977027729020295
 20
8.71089680053274
 10
7.977704468258916
 20
8.55123582009709
 10
8.027704019121444
 20
8.551447748258184
 10
8.027027279882823
 20
8.711108728693834
 10
7.977027729020295
 20
8.71089680053274
  0
LWPOLYLINE
  5
FB
330
17
100
AcDbEntity
  8
WALLS
100
AcDbPolyline
 90
5
 70
0
 10
7.977353039961274
 20
8.564400580975892
 10
7.983384900162536
 20
8.492000382438658
 10
8.0332122729108
 20
8.496151638273393
 10
8.027180412709539
 20
8.568551836810627
 10
7.977353039961274
 20
8.564400580975892
  0
LWPOLYLINE
  5
FC
330
17
100
AcDbEntity
  8
WALLS
100
AcDbPolyline
 90
5
 70
0
 10
7.981683291906453
 20
8.500797762381696
 10
8.011349950033008
 20
8.379242710034225
 10
8.059924210815893
 20
8.391097716967847
 10
8.030257552689338
 20
8.512652769315318
 10
7.981683291906453
 20
8.500797762381696
  0
LWPOLYLINE
  5
FD
330
17
100
AcDbEntity
  8
WALLS
100
AcDbPolyline
 90
5
 70
0
 10
8.00778678586571
 20
8.391492058048048
 10
8.04318383254344
 20
8.2899409962742
 10
8.090397851469058
 20
8.306398104674262
 10
8.055000804791328
 20
8.407949166448109
 10
8.00778678586571
 20
8.391492058048048
  0
LWPOLYLINE
  5
FE
330
17
100
AcDbEntity
  8
WALLS
100
AcDbPolyline
 90
5
 70
0
 10
8.03847057238009
 20
8.301543763585745
 10
8.08884201573989
 20
8.191640987508212
 10
8.134295360639486
 20
8.2124734966571
 10
8.083923917279686
 20
8.322376272734633
 10
8.03847057238009
 20
8.301543763585745
  0
LWPOLYLINE
  5
FF
330
17
100
AcDbEntity
  8
WALLS
100
AcDbPolyline
 90
5
 70
0
 10
8.082850665329385
 20
8.203177644816437
 10
8.142098719079971
 20
8.102080382669898
 10
8.185236569525312
 20
8.127361321318523
 10
8.125988515774726
 20
8.228458583465061
 10
8.082850665329385
 20
8.203177644816437
  0
LWPOLYLINE
  5
100
330
17
100
AcDbEntity
  8
WALLS
100
AcDbPolyline
 90
5
 70
0
 10
8.135023900506749
 20
8.112914519778188
 10
8.204403818624414
 20
8.017015905922483
 10
8.244913744668164
 20
8.046323684615688
 10
8.175533826550499
 20
8.142222298471394
 10
8.135023900506749
 20
8.112914519778188
  0
LWPOLYLINE
  5
101
330
17
100
AcDbEntity
  8
WALLS
100
AcDbPolyline
 90
5
 70
0
 10
8.195747368709341
 20
8.02793725917755
 10
8.27907916020315
 20
7.9310719977834525
 10
8.316983067432073
 20
7.963680184129541
 10
8.233651275938264
 20
8.060545445523639
 10
8.195747368709341
 20
8.02793725917755
  0
LWPOLYLINE
  5
102
330
17
100
AcDbEntity
  8
WALLS
100
AcDbPolyline
 90
5
 70
0
 10
8.268292511067203
 20
7.942872724642674
 10
8.365189422671298
 20
7.842520755997455
 10
8.401158536463695
 20
7.877251475151967
 10
8.3042616248596
 20
7.977603443797186
 10
8.268292511067203
 20
7.942872724642674
  0
LWPOLYLINE
  5
103
330
17
100
AcDbEntity
  8
WALLS
100
AcDbPolyline
 90
5
 70
0
 10
8.351887352172595
 20
7.855948122472415
 10
8.46542339998066
 20
7.743874164003384
 10
8.500548877455833
 20
7.779457879831573
 10
8.387012829647768
 20
7.891531838300604
 10
8.351887352172595
 20
7.855948122472415
  0
LWPOLYLINE
  5
104
330
17
100
AcDbEntity
  8
WALLS
100
AcDbPolyline
 90
5
 70
0
 10
8.449283382725092
 20
7.760189067485367
 10
8.577237366952232
 20
7.628147022684358
 10
8.613144179107863
 20
7.662942149366412
 10
8.485190194880722
 20
7.794984194167421
 10
8.449283382725092
 20
7.760189067485367
  0
LWPOLYLINE
  5
105
330
17
100
AcDbEntity
  8
WALLS
100
AcDbPolyline
 90
5
 70
0
 10
8.5582187994351
 20
7.649869219189778
 10
8.698362153819755
 20
7.475476784058573
 10
8.73733688292985
 20
7.506797232503555
 10
8.597193528545194
 20
7.68118966763476
 10
8.5582187994351
 20
7.649869219189778
  0
LWPOLYLINE
  5
106
330
17
100
AcDbEntity
  8
WALLS
100
AcDbPolyline
 90
5
 70
0
 10
8.678662681753593
 20
7.505501231528504
 10
8.802275492452164
 20
7.277153357017097
 10
8.846246187640247
 20
7.300956255258209
 10
8.722633376941676
 20
7.529304129769615
 10
8.678662681753593
 20
7.505501231528504
  0
LWPOLYLINE
  5
107
330
17
100
AcDbEntity
  8
WALLS
100
AcDbPolyline
 90
5
 70
0
 10
8.787367777611447
 20
7.316225259977274
 10
8.857524375692613
 20
7.0351326670459065
 10
8.906036229851733
 20
7.0472405159896345
 10
8.835879631770567
 20
7.328333108921002
 10
8.787367777611447
 20
7.316225259977274
  0
LWPOLYLINE
  5
108
330
17
100
AcDbEntity
  8
WALLS
100
AcDbPolyline
 90
5
 70
0
 10
8.851940347600019
 20
7.074377686046575
 10
8.856055371820053
 20
6.839816197765388
 10
8.90604767925551
 20
6.840693236692025
 10
8.901932655035475
 20
7.075254724973212
 10
8.851940347600019
 20
7.074377686046575
  0
LWPOLYLINE
  5
109
330
17
100
AcDbEntity
  8
WALLS
100
AcDbPolyline
 90
5
 70
0
 10
8.857471848396392
 20
6.871868172621732
 10
8.834015646979386
 20
6.664846806274306
 10
8.883697763505248
 20
6.6592176591354635
 10
8.907153964922253
 20
6.86623902548289
 10
8.857471848396392
 20
6.871868172621732
  0
LWPOLYLINE
  5
10A
330
17
100
AcDbEntity
  8
WALLS
100
AcDbPolyline
 90
5
 70
0
 10
8.838498056459411
 20
6.693217163220777
 10
8.798633644555881
 20
6.4992336196962865
 10
8.847610152554807
 20
6.489168746908667
 10
8.887474564458337
 20
6.683152290433157
 10
8.838498056459411
 20
6.693217163220777
  0
LWPOLYLINE
  5
10B
330
17
100
AcDbEntity
  8
WALLS
100
AcDbPolyline
 90
5
 70
0
 10
8.805084077941608
 20
6.5257035497377
 10
8.75275529562023
 20
6.341297057556312
 10
8.800856136094428
 20
6.32764754673446
 10
8.853184918415806
 20
6.512054038915848
 10
8.805084077941608
 20
6.5257035497377
  0
LWPOLYLINE
  5
10C
330
17
100
AcDbEntity
  8
WALLS
100
AcDbPolyline
 90
5
 70
0
 10
8.760602318506669
 20
6.366154349681273
 10
8.699486240015977
 20
6.191161849073784
 10
8.746690190475393
 20
6.174675883496211
 10
8.807806268966084
 20
6.3496683841037
 10
8.760602318506669
 20
6.366154349681273
  0
LWPOLYLINE
  5
10D
330
17
100
AcDbEntity
  8
WALLS
100
AcDbPolyline
 90
5
 70
0
 10
8.70850235760666
 20
6.214938384486592
 10
8.638578561562698
 20
6.0443598053738565
 10
8.684842434388743
 20
6.025395257629826
 10
8.754766230432706
 20
6.195973836742562
 10
8.70850235760666
 20
6.214938384486592
  0
LWPOLYLINE
  5
10E
330
17
100
AcDbEntity
  8
WALLS
100
AcDbPolyline
 90
5
 70
0
 10
8.648798589172154
 20
6.067599560633682
 10
8.569787520639805
 20
5.89951309217371
 10
8.615037624930801
 20
5.87824273576734
 10
8.69404869346315
 20
6.046329204227312
 10
8.648798589172154
 20
6.067599560633682
  0
LWPOLYLINE
  5
10F
330
17
100
AcDbEntity
  8
WALLS
100
AcDbPolyline
 90
5
 70
0
 10
8.58106547461276
 20
5.922081130897766
 10
8.495448438549406
 20
5.76072634090848
 10
8.539615865928713
 20
5.737290505982161
 10
8.625232901992067
 20
5.898645295971447
 10
8.58106547461276
 20
5.922081130897766
  0
LWPOLYLINE
  5
110
330
17
100
AcDbEntity
  8
WALLS
100
AcDbPolyline
 90
5
 70
0
 10
8.507819943454578
 20
5.782650004873396
 10
8.413479090152098
 20
5.625102295242561
 10
8.45637627589921
 20
5.599415110597729
 10
8.55071712920169
 20
5.756962820228564
 10
8.507819943454578
 20
5.782650004873396
  0
LWPOLYLINE
  5
111
330
17
100
AcDbEntity
  8
WALLS
100
AcDbPolyline
 90
5
 70
0
 10
8.427490408501914
 20
5.647012514775737
 10
8.31883573411292
 20
5.487154066301542
 10
8.360187960685376
 20
5.45904724582145
 10
8.46884263507437
 20
5.618905694295645
 10
8.427490408501914
 20
5.647012514775737
  0
LWPOLYLINE
  5
112
330
17
100
AcDbEntity
  8
WALLS
100
AcDbPolyline
 90
5
 70
0
 10
8.338390040576247
 20
5.512059217774506
 10
8.176289656296671
 20
5.327586116104112
 10
8.213849147160111
 20
5.294581803566518
 10
8.375949531439687
 20
5.479054905236912
 10
8.338390040576247
 20
5.512059217774506
  0
LWPOLYLINE
  5
113
330
17
100
AcDbEntity
  8
WALLS
100
AcDbPolyline
 90
5
 70
0
 10
8.203851871716987
 20
5.353202594135898
 10
7.998660191984167
 20
5.196534957772884
 10
8.029002912530329
 20
5.156794307176075
 10
8.23419459226315
 20
5.31346194353909
 10
8.203851871716987
 20
5.353202594135898
  0
LWPOLYLINE
  5
114
330
17
100
AcDbEntity
  8
WALLS
100
AcDbPolyline
 90
5
 70
0
 10
8.031435165750944
 20
5.216531403708791
 10
7.802856548478131
 20
5.1084604257778885
 10
7.824228055882779
 20
5.06325800691282
 10
8.052806673155592
 20
5.171328984843722
 10
8.031435165750944
 20
5.216531403708791
  0
LWPOLYLINE
  5
115
330
17
100
AcDbEntity
  8
WALLS
100
AcDbPolyline
 90
5
 70
0
 10
7.836721187421127
 20
5.1209430939219756
 10
7.612147980317251
 20
5.061724062881399
 10
7.624896969537212
 20
5.013376743680959
 10
7.849470176641089
 20
5.0725957747215356
 10
7.836721187421127
 20
5.1209430939219756
  0
LWPOLYLINE
  5
116
330
17
100
AcDbEntity
  8
WALLS
100
AcDbPolyline
 90
5
 70
0
 10
7.6434263983689
 20
5.067958240181286
 10
7.436670886217357
 20
5.041051784780145
 10
7.443123307062985
 20
4.991469870081024
 10
7.649878819214528
 20
5.018376325482165
 10
7.6434263983689
 20
5.067958240181286
  0
LWPOLYLINE
  5
117
330
17
100
AcDbEntity
  8
WALLS
100
AcDbPolyline
 90
5
 70
0
 10
7.464475783457008
 20
5.0435926871760115
 10
7.2754900364500426
 20
5.034279325524021
 10
7.277951087924
 20
4.984339929996616
 10
7.466936834930966
 20
4.993653291648607
 10
7.464475783457008
 20
5.0435926871760115
  0
LWPOLYLINE
  5
118
330
17
100
AcDbEntity
  8
WALLS
100
AcDbPolyline
 90
5
 70
0
 10
7.299405239519798
 20
5.035078161575954
 10
7.1347051545871665
 20
5.032562634617256
 10
7.135468734522432
 20
4.982568465500424
 10
7.300168819455063
 20
4.9850839924591215
 10
7.299405239519798
 20
5.035078161575954
  0
LWPOLYLINE
  5
119
330
17
100
AcDbEntity
  8
WALLS
100
AcDbPolyline
 90
5
 70
0
 10
7.15602567651759
 20
5.03286127375457
 10
6.994792005163944
 20
5.030811393712288
 10
6.995427639884397
 20
4.9808154341905215
 10
7.156661311238043
 20
4.982865314232804
 10
7.15602567651759
 20
5.03286127375457
  0
LWPOLYLINE
  5
11A
330
17
100
AcDbEntity
  8
WALLS
100
AcDbPolyline
 90
5
 70
0
 10
7.015792544201481
 20
5.031078402438776
 10
6.855017449007675
 20
5.029034142301142
 10
6.855653149115768
 20
4.979038183610737
 10
7.016428244309574
 20
4.981082443748371
 10
7.015792544201481
 20
5.031078402438776
  0
LWPOLYLINE
  5
11B
330
17
100
AcDbEntity
  8
WALLS
100
AcDbPolyline
 90
5
 70
0
 10
6.875943280384863
 20
5.029304446073687
 10
6.7157003891593465
 20
5.027202043060428
 10
6.716356337785147
 20
4.977206345931571
 10
6.8765992290106634
 20
4.97930874894483
 10
6.875943280384863
 20
5.029304446073687
  0
LWPOLYLINE
  5
11C
330
17
100
AcDbEntity
  8
WALLS
100
AcDbPolyline
 90
5
 70
0
 10
6.730945428991284
 20
5.027252056757547
 10
6.670602319931543
 20
5.028534086792021
 10
6.669540275887199
 20
4.9785453674400735
 10
6.729883384946939
 20
4.977263337405599
 10
6.730945428991284
 20
5.027252056757547
  0
LWPOLYLINE
  5
11D
330
17
100
AcDbEntity
  8
WALLS
100
AcDbPolyline
 90
5
 70
0
 10
6.683566077121939
 20
4.980125329544285
 10
6.727131707171172
 20
5.0050123145585
 10
6.702330515573494
 20
5.048427759913065
 10
6.658764885524261
 20
5.0235407748988505
 10
6.683566077121939
 20
4.980125329544285
  0
LWPOLYLINE
  5
11E
330
17
100
AcDbEntity
  8
WALLS
100
AcDbPolyline
 90
5
 70
0
 10
6.730504253072609
 20
5.007868343006426
 10
6.766317098636665
 20
5.06286705318204
 10
6.724417101025684
 20
5.090150568355123
 10
6.688604255461628
 20
5.03515185817951
 10
6.730504253072609
 20
5.007868343006426
  0
LWPOLYLINE
  5
11F
330
17
100
AcDbEntity
  8
WALLS
100
AcDbPolyline
 90
5
 70
0
 10
6.718298538725413
 20
5.069183687064986
 10
6.720624895999271
 20
5.056634106006707
 10
6.769787339579762
 20
5.06574751048555
 10
6.767460982305903
 20
5.078297091543829
 10
6.718298538725413
 20
5.069183687064986
  0
LWPOLYLINE
  5
120
330
17
100
AcDbEntity
  8
WALLS
100
AcDbPolyline
 90
5
 70
0
 10
6.7200584807689285
 20
5.072170255741349
 10
6.7199959221065235
 20
4.916522379505607
 10
6.769995918067945
 20
4.916502283292647
 10
6.77005847673035
 20
5.072150159528388
 10
6.7200584807689285
 20
5.072170255741349
  0
LWPOLYLINE
  5
121
330
17
100
AcDbEntity
  8
WALLS
100
AcDbPolyline
 90
5
 70
0
 10
6.72
 20
4.9371621310748885
 10
6.72
 20
4.7761797456156305
 10
6.7700000000000005
 20
4.7761797456156305
 10
6.7700000000000005
 20
4.9371621310748885
 10
6.72
 20
4.9371621310748885
  0
LWPOLYLINE
  5
122
330
17
100
AcDbEntity
  8
WALLS
100
AcDbPolyline
 90
5
 70
0
 10
6.72
 20
4.797177448066838
 10
6.72
 20
4.636195062607586
 10
6.7700000000000005
 20
4.636195062607586
 10
6.7700000000000005
 20
4.797177448066838
 10
6.72
 20
4.797177448066838
  0
LWPOLYLINE
  5
123
330
17
100
AcDbEntity
  8
WALLS
100
AcDbPolyline
 90
5
 70
0
 10
6.72
 20
4.6571927650587925
 10
6.72
 20
4.496210379599538
 10
6.7700000000000005
 20
4.496210379599538
 10
6.7700000000000005
 20
4.6571927650587925
 10
6.72
 20
4.6571927650587925
  0
LWPOLYLINE
  5
124
330
17
100
AcDbEntity
  8
WALLS
100
AcDbPolyline
 90
5
 70
0
 10
6.72
 20
4.517208082050745
 10
6.72
 20
4.356225696591492
 10
6.7700000000000005
 20
4.356225696591492
 10
6.7700000000000005
 20
4.517208082050745
 10
6.72
 20
4.517208082050745
  0
LWPOLYLINE
  5
125
330
17
100
AcDbEntity
  8
WALLS
100
AcDbPolyline
 90
5
 70
0
 10
6.72
 20
4.377223399042699
 10
6.72
 20
4.216241013583441
 10
6.7700000000000005
 20
4.216241013583441
 10
6.7700000000000005
 20
4.377223399042699
 10
6.72
 20
4.377223399042699
  0
LWPOLYLINE
  5
126
330
17
100
AcDbEntity
  8
WALLS
100
AcDbPolyline
 90
5
 70
0
 10
6.72
 20
4.237238716034649
 10
6.72
 20
4.0762563305753945
 10
6.7700000000000005
 20
4.0762563305753945
 10
6.7700000000000005
 20
4.237238716034649
 10
6.72
 20
4.237238716034649
  0
LWPOLYLINE
  5
127
330
17
100
AcDbEntity
  8
WALLS
100
AcDbPolyline
 90
5
 70
0
 10
6.720055783335061
 20
4.098037632538776
 10
6.719205176242998
 20
3.9269458268494026
 10
6.769204558324015
 20
3.9266972478550692
 10
6.770055165416078
 20
4.097789053544443
 10
6.720055783335061
 20
4.098037632538776
  0
LWPOLYLINE
  5
128
330
17
100
AcDbEntity
  8
WALLS
100
AcDbPolyline
 90
5
 70
0
 10
6.7211275541572455
 20
3.9563753517118028
 10
6.694780739170707
 20
3.716090003676411
 10
6.7444828552595695
 20
3.7106402645735517
 10
6.770829670246108
 20
3.9509256126089434
 10
6.7211275541572455
 20
3.9563753517118028
  0
LWPOLYLINE
  5
129
330
17
100
AcDbEntity
  8
WALLS
100
AcDbPolyline
 90
5
 70
0
 10
6.702013976941524
 20
3.75168485319694
 10
6.631138642180883
 20
3.513898028701873
 10
6.679055432695133
 20
3.4996158304532337
 10
6.7499307674557745
 20
3.7374026549483004
 10
6.702013976941524
 20
3.75168485319694
  0
LWPOLYLINE
  5
12A
330
17
100
AcDbEntity
  8
WALLS
100
AcDbPolyline
 90
5
 70
0
 10
6.646145198611881
 20
3.5495483584930905
 10
6.517950484663169
 20
3.315117079937416
 10
6.561819820842729
 20
3.291127887721655
 10
6.690014534791441
 20
3.5255591662773296
 10
6.646145198611881
 20
3.5495483584930905
  0
LWPOLYLINE
  5
12B
330
17
100
AcDbEntity
  8
WALLS
100
AcDbPolyline
 90
5
 70
0
 10
6.543437345568534
 20
3.3495189688389155
 10
6.340472332813259
 20
3.137840238948443
 10
6.376562694143478
 20
3.1032355309009203
 10
6.5795277068987525
 20
3.314914260791393
 10
6.543437345568534
 20
3.3495189688389155
  0
LWPOLYLINE
  5
12C
330
17
100
AcDbEntity
  8
WALLS
100
AcDbPolyline
 90
5
 70
0
 10
6.377879069224426
 20
3.165957405886205
 10
6.103360861477738
 20
3.0193246213169584
 10
6.126918170051096
 20
2.9752218638886574
 10
6.401436377797784
 20
3.1218546484579037
 10
6.377879069224426
 20
3.165957405886205
  0
LWPOLYLINE
  5
12D
330
17
100
AcDbEntity
  8
WALLS
100
AcDbPolyline
 90
5
 70
0
 10
6.1487184646073185
 20
3.034733696644623
 10
5.846458298034294
 20
2.9852752329412473
 10
5.854532362216281
 20
2.935931444197524
 10
6.156792528789305
 20
2.9853899079009
 10
6.1487184646073185
 20
3.034733696644623
  0
LWPOLYLINE
  5
12E
330
17
100
AcDbEntity
  8
WALLS
100
AcDbPolyline
 90
5
 70
0
 10
5.880979811489663
 20
2.9888534924819914
 10
5.714938076466561
 20
2.9884752683494455
 10
5.715051970467741
 20
2.9384753980680487
 10
5.8810937054908425
 20
2.9388536222005945
 10
5.880979811489663
 20
2.9888534924819914
  0
LWPOLYLINE
  5
12F
330
17
100
AcDbEntity
  8
WALLS
100
AcDbPolyline
 90
5
 70
0
 10
5.73632268349861
 20
2.9885
 10
5.575340298039356
 20
2.9885
 10
5.575340298039356
 20
2.9385000000000003
 10
5.73632268349861
 20
2.9385000000000003
 10
5.73632268349861
 20
2.9885
  0
LWPOLYLINE
  5
130
330
17
100
AcDbEntity
  8
WALLS
100
AcDbPolyline
 90
5
 70
0
 10
5.596338000490563
 20
2.9885
 10
5.435355615031305
 20
2.9885
 10
5.435355615031305
 20
2.9385000000000003
 10
5.596338000490563
 20
2.9385000000000003
 10
5.596338000490563
 20
2.9885
  0
LWPOLYLINE
  5
131
330
17
100
AcDbEntity
  8
WALLS
100
AcDbPolyline
 90
5
 70
0
 10
5.456353317482513
 20
2.9885
 10
5.2953709320232605
 20
2.9885
 10
5.2953709320232605
 20
2.9385000000000003
 10
5.456353317482513
 20
2.9385000000000003
 10
5.456353317482513
 20
2.9885
  0
LWPOLYLINE
  5
132
330
17
100
AcDbEntity
  8
WALLS
100
AcDbPolyline
 90
5
 70
0
 10
5.316368634474467
 20
2.9885
 10
5.155386249015213
 20
2.9885
 10
5.155386249015213
 20
2.9385000000000003
 10
5.316368634474467
 20
2.9385000000000003
 10
5.316368634474467
 20
2.9885
  0
LWPOLYLINE
  5
133
330
17
100
AcDbEntity
  8
WALLS
100
AcDbPolyline
 90
5
 70
0
 10
5.17638395146642
 20
2.9885
 10
5.015401566007164
 20
2.9885
 10
5.015401566007164
 20
2.9385000000000003
 10
5.17638395146642
 20
2.9385000000000003
 10
5.17638395146642
 20
2.9885
  0
LWPOLYLINE
  5
134
330
17
100
AcDbEntity
  8
WALLS
100
AcDbPolyline
 90
5
 70
0
 10
5.0363992684583705
 20
2.9885
 10
4.875416882999116
 20
2.9885
 10
4.875416882999116
 20
2.9385000000000003
 10
5.0363992684583705
 20
2.9385000000000003
 10
5.0363992684583705
 20
2.9885
  0
LWPOLYLINE
  5
135
330
17
100
AcDbEntity
  8
WALLS
100
AcDbPolyline
 90
5
 70
0
 10
4.896471518114105
 20
2.988499946218946
 10
4.734618118214526
 20
2.9885007708568097
 10
4.734617863466135
 20
2.938500770857458
 10
4.896471263365714
 20
2.9384999462195944
 10
4.896471518114105
 20
2.988499946218946
  0
LWPOLYLINE
  5
136
330
17
100
AcDbEntity
  8
WALLS
100
AcDbPolyline
 90
5
 70
0
 10
4.759136630461422
 20
2.987986713565889
 10
4.5596364475629665
 20
2.9955900072934196
 10
4.557732244337918
 20
2.945626280349989
 10
4.7572324272363735
 20
2.938022986622458
 10
4.759136630461422
 20
2.987986713565889
  0
LWPOLYLINE
  5
137
330
17
100
AcDbEntity
  8
WALLS
100
AcDbPolyline
 90
5
 70
0
 10
4.590551500809667
 20
2.9924017482739576
 10
4.362269921260529
 20
3.0291030646601067
 10
4.354333232730895
 20
2.979736993566859
 10
4.582614812280033
 20
2.94303567718071
 10
4.590551500809667
 20
2.9924017482739576
  0
LWPOLYLINE
  5
138
330
17
100
AcDbEntity
  8
WALLS
100
AcDbPolyline
 90
5
 70
0
 10
4.3962719359154985
 20
3.0206333487876487
 10
4.164668965644227
 20
3.098618862193258
 10
4.148713189085575
 20
3.051233071132958
 10
4.3803161593568465
 20
2.9732475577273485
 10
4.3962719359154985
 20
3.0206333487876487
  0
LWPOLYLINE
  5
139
330
17
100
AcDbEntity
  8
WALLS
100
AcDbPolyline
 90
5
 70
0
 10
4.198528491255818
 20
3.083346419476704
 10
3.979010393313195
 20
3.2089598395708143
 10
3.954177443994043
 20
3.1655625513132235
 10
4.173695541936665
 20
3.0399491312191134
 10
4.198528491255818
 20
3.083346419476704
  0
LWPOLYLINE
  5
13A
330
17
100
AcDbEntity
  8
WALLS
100
AcDbPolyline
 90
5
 70
0
 10
4.0095898679100435
 20
3.187130833348179
 10
3.823101818650256
 20
3.3512683557954843
 10
3.7900672436855474
 20
3.31373547878211
 10
3.9765552929453354
 20
3.1495979563348047
 10
4.0095898679100435
 20
3.187130833348179
  0
LWPOLYLINE
  5
13B
330
17
100
AcDbEntity
  8
WALLS
100
AcDbPolyline
 90
5
 70
0
 10
3.8477395844256734
 20
3.325538704913322
 10
3.7028823106935778
 20
3.507178927364475
 10
3.6637911593508874
 20
3.47600390712867
 10
3.808648433082983
 20
3.2943636846775166
 10
3.8477395844256734
 20
3.325538704913322
  0
LWPOLYLINE
  5
13C
330
17
100
AcDbEntity
  8
WALLS
100
AcDbPolyline
 90
5
 70
0
 10
3.7212034262374085
 20
3.481084641047508
 10
3.6132866025068338
 20
3.659193241531598
 10
3.5705237545281343
 20
3.633283034416434
 10
3.678440578258709
 20
3.4551744339323442
 10
3.7212034262374085
 20
3.481084641047508
  0
LWPOLYLINE
  5
13D
330
17
100
AcDbEntity
  8
WALLS
100
AcDbPolyline
 90
5
 70
0
 10
3.6262645671881786
 20
3.63660531372619
 10
3.54492005028126
 20
3.787810645286871
 10
3.500887534762152
 20
3.7641223026462494
 10
3.5822320516690707
 20
3.612916971085568
 10
3.6262645671881786
 20
3.63660531372619
  0
LWPOLYLINE
  5
13E
330
17
100
AcDbEntity
  8
WALLS
100
AcDbPolyline
 90
5
 70
0
 10
3.555500831542469
 20
3.767440847729552
 10
3.4797638063762264
 20
3.9186415066608493
 10
3.4350586251268513
 20
3.896248499505478
 10
3.510795650293094
 20
3.7450478405741805
 10
3.555500831542469
 20
3.767440847729552
  0
LWPOLYLINE
  5
13F
330
17
100
AcDbEntity
  8
WALLS
100
AcDbPolyline
 90
5
 70
0
 10
3.489688124577957
 20
3.898329202902039
 10
3.416574392069359
 20
4.051784844051221
 10
3.371435890634981
 20
4.030278666142104
 10
3.444549623143579
 20
3.876823024992921
 10
3.489688124577957
 20
3.898329202902039
  0
LWPOLYLINE
  5
140
330
17
100
AcDbEntity
  8
WALLS
100
AcDbPolyline
 90
5
 70
0
 10
3.4261288274728803
 20
4.031315545756619
 10
3.3553063417965245
 20
4.186227103348592
 10
3.3098332588835766
 20
4.165437713497224
 10
3.3806557445599323
 20
4.010526155905251
 10
3.4261288274728803
 20
4.031315545756619
  0
LWPOLYLINE
  5
141
330
17
100
AcDbEntity
  8
WALLS
100
AcDbPolyline
 90
5
 70
0
 10
3.364481552955021
 20
4.165790092902262
 10
3.2967764527980616
 20
4.319436444491191
 10
3.251021763111596
 20
4.299274391726276
 10
3.318726863268555
 20
4.145628040137347
 10
3.364481552955021
 20
4.165790092902262
  0
LWPOLYLINE
  5
142
330
17
100
AcDbEntity
  8
WALLS
100
AcDbPolyline
 90
5
 70
0
 10
3.3054499131644315
 20
4.29939923763346
 10
3.242190276887716
 20
4.448302713627036
 10
3.1961710233946414
 20
4.42875205358856
 10
3.2594306596713567
 20
4.279848577594984
 10
3.3054499131644315
 20
4.29939923763346
  0
LWPOLYLINE
  5
143
330
17
100
AcDbEntity
  8
WALLS
100
AcDbPolyline
 90
5
 70
0
 10
3.2505624524743366
 20
4.428327926345496
 10
3.186861964980478
 20
4.582333411257306
 10
3.140658376458151
 20
4.5632224613159895
 10
3.2043588639520095
 20
4.4092169764041795
 10
3.2505624524743366
 20
4.428327926345496
  0
LWPOLYLINE
  5
144
330
17
100
AcDbEntity
  8
WALLS
100
AcDbPolyline
 90
5
 70
0
 10
3.1951477710199074
 20
4.562103873864285
 10
3.132804253463107
 20
4.715830846051953
 10
3.0864695752598332
 20
4.697039954753268
 10
3.1488130928166336
 20
4.5433129825656
 10
3.1951477710199074
 20
4.562103873864285
  0
LWPOLYLINE
  5
145
330
17
100
AcDbEntity
  8
WALLS
100
AcDbPolyline
 90
5
 70
0
 10
3.14082831730702
 20
4.695835132370684
 10
3.0811952411385266
 20
4.846069614964861
 10
3.034722425733334
 20
4.827623004752821
 10
3.0943555019018274
 20
4.677388522158644
 10
3.14082831730702
 20
4.695835132370684
  0
LWPOLYLINE
  5
146
330
17
100
AcDbEntity
  8
WALLS
100
AcDbPolyline
 90
5
 70
0
 10
3.089022496612073
 20
4.826163113625673
 10
3.029537271459276
 20
4.978873870224368
 10
2.98294711484455
 20
4.960725666274244
 10
3.0424323399973474
 20
4.808014909675548
 10
3.089022496612073
 20
4.826163113625673
  0
LWPOLYLINE
  5
147
330
17
100
AcDbEntity
  8
WALLS
100
AcDbPolyline
 90
5
 70
0
 10
3.03728989005741
 20
4.95887531964001
 10
2.978351961982605
 20
5.111647332717578
 10
2.9317030664186894
 20
5.093650651282744
 10
2.990640994493494
 20
4.940878638205176
 10
3.03728989005741
 20
4.95887531964001
  0
LWPOLYLINE
  5
148
330
17
100
AcDbEntity
  8
WALLS
100
AcDbPolyline
 90
5
 70
0
 10
2.985974394965732
 20
5.091790237630243
 10
2.9284995993931
 20
5.2422833564094775
 10
2.88179010616477
 20
5.224444543602776
 10
2.9392649017374017
 20
5.073951424823542
 10
2.985974394965732
 20
5.091790237630243
  0
LWPOLYLINE
  5
149
330
17
100
AcDbEntity
  8
WALLS
100
AcDbPolyline
 90
5
 70
0
 10
2.9360183370463235
 20
5.2224884432374346
 10
2.8786981774667937
 20
5.374221104258636
 10
2.831924463951865
 20
5.356551363909006
 10
2.8892446235313947
 20
5.204818702887804
 10
2.9360183370463235
 20
5.2224884432374346
  0
LWPOLYLINE
  5
14A
330
17
100
AcDbEntity
  8
WALLS
100
AcDbPolyline
 90
5
 70
0
 10
2.8861658083147974
 20
5.354433202875229
 10
2.8290740988958483
 20
5.505871765079664
 10
2.782288410945582
 20
5.4882337549022
 10
2.839380120364531
 20
5.336795192697765
 10
2.8861658083147974
 20
5.354433202875229
  0
LWPOLYLINE
  5
14B
330
17
100
AcDbEntity
  8
WALLS
100
AcDbPolyline
 90
5
 70
0
 10
2.836473838742657
 20
5.486229856719927
 10
2.78016565720876
 20
5.635800560618142
 10
2.733371779689161
 20
5.618184288972849
 10
2.7896799612230576
 20
5.468613585074634
 10
2.836473838742657
 20
5.486229856719927
  0
LWPOLYLINE
  5
14C
330
17
100
AcDbEntity
  8
WALLS
100
AcDbPolyline
 90
5
 70
0
 10
2.787544831365234
 20
5.616230912378542
 10
2.730562526683368
 20
5.767107783990561
 10
2.683787320792007
 20
5.74944199462748
 10
2.740769625473873
 20
5.598565123015462
 10
2.787544831365234
 20
5.616230912378542
  0
LWPOLYLINE
  5
14D
330
17
100
AcDbEntity
  8
WALLS
100
AcDbPolyline
 90
5
 70
0
 10
2.737962982074568
 20
5.747579133702636
 10
2.6811661258655812
 20
5.896947751361966
 10
2.6344307693080182
 20
5.879176807452386
 10
2.691227625517005
 20
5.729808189793055
 10
2.737962982074568
 20
5.747579133702636
  0
LWPOLYLINE
  5
14E
330
17
100
AcDbEntity
  8
WALLS
100
AcDbPolyline
 90
5
 70
0
 10
2.688553488897955
 20
5.877598467092096
 10
2.631707660555587
 20
6.025887417947314
 10
2.5850205367878005
 20
6.007990142336445
 10
2.6418663651301686
 20
5.859701191481228
 10
2.688553488897955
 20
5.877598467092096
  0
LWPOLYLINE
  5
14F
330
17
100
AcDbEntity
  8
WALLS
100
AcDbPolyline
 90
5
 70
0
 10
2.6391106325175113
 20
6.006697634704692
 10
2.581858510596874
 20
6.154170278870239
 10
2.5352477842438916
 20
6.13607497039408
 10
2.592499906164529
 20
5.988602326228533
 10
2.6391106325175113
 20
6.006697634704692
  0
LWPOLYLINE
  5
150
330
17
100
AcDbEntity
  8
WALLS
100
AcDbPolyline
 90
5
 70
0
 10
2.58933557605991
 20
6.13514569338627
 10
2.530772541179731
 20
6.282352233517957
 10
2.4843140087007827
 20
6.263869680666619
 10
2.542877043580962
 20
6.116663140534931
 10
2.58933557605991
 20
6.13514569338627
  0
LWPOLYLINE
  5
151
330
17
100
AcDbEntity
  8
WALLS
100
AcDbPolyline
 90
5
 70
0
 10
2.5383300722964504
 20
6.263617570976099
 10
2.4796191843847883
 20
6.407125466858813
 10
2.433342188297423
 20
6.388192964828442
 10
2.492053076209085
 20
6.244685068945729
 10
2.5383300722964504
 20
6.263617570976099
  0
LWPOLYLINE
  5
152
330
17
100
AcDbEntity
  8
WALLS
100
AcDbPolyline
 90
5
 70
0
 10
2.4872369808189605
 20
6.388829588876811
 10
2.4273062391659437
 20
6.530266295826729
 10
2.3812686453708443
 20
6.510758862434366
 10
2.441199387023861
 20
6.369322155484448
 10
2.4872369808189605
 20
6.388829588876811
  0
LWPOLYLINE
  5
153
330
17
100
AcDbEntity
  8
WALLS
100
AcDbPolyline
 90
5
 70
0
 10
2.435011154479669
 20
6.512573437398801
 10
2.373724415095426
 20
6.649487037616705
 10
2.328087966460345
 20
6.629058759275699
 10
2.3893747058445878
 20
6.492145159057795
 10
2.435011154479669
 20
6.512573437398801
  0
LWPOLYLINE
  5
154
330
17
100
AcDbEntity
  8
WALLS
100
AcDbPolyline
 90
5
 70
0
 10
2.3815775022279144
 20
6.6325472152105585
 10
2.3181364242710414
 20
6.764678940598574
 10
2.2730626471111304
 20
6.743037438512565
 10
2.3365037250680034
 20
6.610905713124549
 10
2.3815775022279144
 20
6.6325472152105585
  0
LWPOLYLINE
  5
155
330
17
100
AcDbEntity
  8
WALLS
100
AcDbPolyline
 90
5
 70
0
 10
2.3259913619397614
 20
6.7491434768396585
 10
2.2616167990247873
 20
6.869776645354784
 10
2.2175047518585465
 20
6.8462367367992405
 10
2.2818793147735206
 20
6.725603568284115
 10
2.3259913619397614
 20
6.7491434768396585
  0
LWPOLYLINE
  5
156
330
17
100
AcDbEntity
  8
WALLS
100
AcDbPolyline
 90
5
 70
0
 10
2.269686727703785
 20
6.8556216071848874
 10
2.199621936502566
 20
6.970791978359929
 10
2.1569055999065294
 20
6.944805162706332
 10
2.226970391107748
 20
6.82963479153129
 10
2.269686727703785
 20
6.8556216071848874
  0
LWPOLYLINE
  5
157
330
17
100
AcDbEntity
  8
WALLS
100
AcDbPolyline
 90
5
 70
0
 10
2.2086160107394552
 20
6.956808202254098
 10
2.1305724804500543
 20
7.071927563253252
 10
2.0891864720964075
 20
7.043870508658162
 10
2.1672300023858084
 20
6.928751147659008
 10
2.2086160107394552
 20
6.956808202254098
  0
LWPOLYLINE
  5
158
330
17
100
AcDbEntity
  8
WALLS
100
AcDbPolyline
 90
5
 70
0
 10
2.140095519979296
 20
7.058654389974107
 10
2.059902105854596
 20
7.164059043392664
 10
2.020109619887783
 20
7.133784333475292
 10
2.1003030340124833
 20
7.0283796800567355
 10
2.140095519979296
 20
7.058654389974107
  0
LWPOLYLINE
  5
159
330
17
100
AcDbEntity
  8
WALLS
100
AcDbPolyline
 90
5
 70
0
 10
2.069002751115662
 20
7.1529427156908865
 10
1.9910176659232497
 20
7.240629854445138
 10
1.9536558676061024
 20
7.2074019139957395
 10
2.0316409527985146
 20
7.119714775241488
 10
2.069002751115662
 20
7.1529427156908865
  0
LWPOLYLINE
  5
15A
330
17
100
AcDbEntity
  8
WALLS
100
AcDbPolyline
 90
5
 70
0
 10
1.9986344885104705
 20
7.232850777259935
 10
1.9294695198411829
 20
7.294943622700576
 10
1.8960675616359024
 20
7.257737316943989
 10
1.96523253030519
 20
7.195644471503347
 10
1.9986344885104705
 20
7.232850777259935
  0
LWPOLYLINE
  5
15B
330
17
100
AcDbEntity
  8
WALLS
100
AcDbPolyline
 90
5
 70
0
 10
1.9341459196549475
 20
7.291154228199158
 10
1.8837814471200474
 20
7.323745382865091
 10
1.856617485966045
 20
7.281767779140917
 10
1.906981958500945
 20
7.249176624474984
 10
1.9341459196549475
 20
7.291154228199158
  0
LWPOLYLINE
  5
15C
330
17
100
AcDbEntity
  8
WALLS
100
AcDbPolyline
 90
5
 70
0
 10
1.883320744356017
 20
7.323644559634646
 10
1.8664429594804586
 20
7.329939080539669
 10
1.848971133081968
 20
7.283091078636696
 10
1.8658489179575264
 20
7.276796557731673
 10
1.883320744356017
 20
7.323644559634646
  0
LWPOLYLINE
  5
15D
330
17
100
AcDbEntity
  8
WALLS
100
AcDbPolyline
 90
5
 70
0
 10
1.858500661814481
 20
7.331200036600017
 10
1.824809335462403
 20
7.327807952064005
 10
1.8298180754255593
 20
7.278059459383509
 10
1.8635094017776372
 20
7.281451543919521
 10
1.858500661814481
 20
7.331200036600017
  0
LWPOLYLINE
  5
15E
330
17
100
AcDbEntity
  8
WALLS
100
AcDbPolyline
 90
5
 70
0
 10
1.8285923495390128
 20
7.328666746978139
 10
1.7516336967493573
 20
7.309850159695567
 10
1.763509014534303
 20
7.261280860467489
 10
1.8404676673239586
 20
7.2800974477500615
 10
1.8285923495390128
 20
7.328666746978139
  0
LWPOLYLINE
  5
15F
330
17
100
AcDbEntity
  8
WALLS
100
AcDbPolyline
 90
5
 70
0
 10
1.7647994871558261
 20
7.261888161103479
 10
1.769973947316904
 20
7.262417998674867
 10
1.7648808398491618
 20
7.312157924854165
 10
1.7597063796880839
 20
7.311628087282776
 10
1.7647994871558261
 20
7.261888161103479
  0
LWPOLYLINE
  5
160
330
17
100
AcDbEntity
  8
WALLS
100
AcDbPolyline
 90
5
 70
0
 10
1.7519987559796055
 20
7.30760361115856
 10
1.7081581305475861
 20
7.2623782303167514
 10
1.7440588186158679
 20
7.22757678499872
 10
1.7878994440478873
 20
7.272802165840528
 10
1.7519987559796055
 20
7.30760361115856
  0
LWPOLYLINE
  5
161
330
17
100
AcDbEntity
  8
WALLS
100
AcDbPolyline
 90
5
 70
0
 10
1.7105034736394709
 20
7.265482791875227
 10
1.6701001548750662
 20
7.201912027534341
 10
1.712298497306938
 20
7.175092260644927
 10
1.7527018160713426
 20
7.238663024985813
 10
1.7105034736394709
 20
7.265482791875227
  0
LWPOLYLINE
  5
162
330
17
100
AcDbEntity
  8
WALLS
100
AcDbPolyline
 90
5
 70
0
 10
1.6726600969446082
 20
7.207014437098768
 10
1.6415377385940404
 20
7.129401607141555
 10
1.6879456330322593
 20
7.110792272553474
 10
1.719067991382827
 20
7.1884051025106865
 10
1.6726600969446082
 20
7.207014437098768
  0
LWPOLYLINE
  5
163
330
17
100
AcDbEntity
  8
WALLS
100
AcDbPolyline
 90
5
 70
0
 10
1.6435252491689647
 20
7.135931319526359
 10
1.6253235145008131
 20
7.051912053154374
 10
1.674189965139451
 20
7.0413257411439725
 10
1.6923916998076025
 20
7.125345007515958
 10
1.6435252491689647
 20
7.135931319526359
  0
LWPOLYLINE
  5
164
330
17
100
AcDbEntity
  8
WALLS
100
AcDbPolyline
 90
5
 70
0
 10
1.6262773673478454
 20
7.058854773529645
 10
1.6217402878293208
 20
6.976290505004919
 10
1.6716649650591124
 20
6.973547039404417
 10
1.676202044577637
 20
7.056111307929142
 10
1.6262773673478454
 20
7.058854773529645
  0
LWPOLYLINE
  5
165
330
17
100
AcDbEntity
  8
WALLS
100
AcDbPolyline
 90
5
 70
0
 10
1.6215430237789152
 20
6.983677763701318
 10
1.630387197538191
 20
6.894222399082969
 10
1.6801446079678262
 20
6.899141759543114
 10
1.6713004342085505
 20
6.988597124161463
 10
1.6215430237789152
 20
6.983677763701318
  0
LWPOLYLINE
  5
166
330
17
100
AcDbEntity
  8
WALLS
100
AcDbPolyline
 90
5
 70
0
 10
1.629040724018879
 20
6.901858268428457
 10
1.6511285989672224
 20
6.8162145830777625
 10
1.699544341386662
 20
6.828701211364633
 10
1.6774564664383185
 20
6.914344896715328
 10
1.629040724018879
 20
6.901858268428457
  0
LWPOLYLINE
  5
167
330
17
100
AcDbEntity
  8
WALLS
100
AcDbPolyline
 90
5
 70
0
 10
1.6483140464085475
 20
6.824003295347076
 10
1.690690096482922
 20
6.72933511777177
 10
1.7363266059732696
 20
6.749763260162535
 10
1.6939505558988952
 20
6.844431437737841
 10
1.6483140464085475
 20
6.824003295347076
  0
LWPOLYLINE
  5
168
330
17
100
AcDbEntity
  8
WALLS
100
AcDbPolyline
 90
5
 70
0
 10
1.684773361568417
 20
6.7409886002442185
 10
1.7479586126614286
 20
6.627329563748868
 10
1.7916597266111267
 20
6.651623856073517
 10
1.7284744755181152
 20
6.765282892568868
 10
1.684773361568417
 20
6.7409886002442185
  0
LWPOLYLINE
  5
169
330
17
100
AcDbEntity
  8
WALLS
100
AcDbPolyline
 90
5
 70
0
 10
1.7397189360706726
 20
6.6412379963757
 10
1.8132406846269091
 20
6.5241026090038785
 10
1.855589803977782
 20
6.550683656579275
 10
1.7820680554215456
 20
6.667819043951096
 10
1.7397189360706726
 20
6.6412379963757
  0
LWPOLYLINE
  5
16A
330
17
100
AcDbEntity
  8
WALLS
100
AcDbPolyline
 90
5
 70
0
 10
1.8034257996486565
 20
6.539178843814403
 10
1.8870485389537701
 20
6.414916334808511
 10
1.9285303211487985
 20
6.442831594899083
 10
1.8449075818436849
 20
6.567094103904974
 10
1.8034257996486565
 20
6.539178843814403
  0
LWPOLYLINE
  5
16B
330
17
100
AcDbEntity
  8
WALLS
100
AcDbPolyline
 90
5
 70
0
 10
1.8760086629315305
 20
6.431008766386363
 10
1.9654617303209088
 20
6.302982651289593
 10
2.006448159339396
 20
6.331620260063939
 10
1.9169950919500176
 20
6.459646375160709
 10
1.8760086629315305
 20
6.431008766386363
  0
LWPOLYLINE
  5
16C
330
17
100
AcDbEntity
  8
WALLS
100
AcDbPolyline
 90
5
 70
0
 10
1.9537599955208675
 20
6.319575101733105
 10
2.0456536181311336
 20
6.190460870878586
 10
2.086389600662793
 20
6.219453623889991
 10
1.9944959780525264
 20
6.34856785474451
 10
1.9537599955208675
 20
6.319575101733105
  0
LWPOLYLINE
  5
16D
330
17
100
AcDbEntity
  8
WALLS
100
AcDbPolyline
 90
5
 70
0
 10
2.0335030697839978
 20
6.207531734957799
 10
2.1279317461866576
 20
6.074873200442541
 10
2.1686659168456854
 20
6.103868499039404
 10
2.0742372404430256
 20
6.236527033554662
 10
2.0335030697839978
 20
6.207531734957799
  0
LWPOLYLINE
  5
16E
330
17
100
AcDbEntity
  8
WALLS
100
AcDbPolyline
 90
5
 70
0
 10
2.115480148488405
 20
6.092473624201978
 10
2.2107031558807573
 20
5.957058036684301
 10
2.2516033457891145
 20
5.985818677592673
 10
2.156380338396762
 20
6.12123426511035
 10
2.115480148488405
 20
6.092473624201978
  0
LWPOLYLINE
  5
16F
330
17
100
AcDbEntity
  8
WALLS
100
AcDbPolyline
 90
5
 70
0
 10
2.198133948298363
 20
5.9751892744496615
 10
2.2927332281618096
 20
5.836783489290511
 10
2.3340124044624604
 20
5.864997485886878
 10
2.2394131245990136
 20
6.003403271046029
 10
2.198133948298363
 20
5.9751892744496615
  0
LWPOLYLINE
  5
170
330
17
100
AcDbEntity
  8
WALLS
100
AcDbPolyline
 90
5
 70
0
 10
2.2801781906842478
 20
5.855515465052151
 10
2.374251445129427
 20
5.712422776329331
 10
2.416031235388424
 20
5.739890013647893
 10
2.3219579809432447
 20
5.882982702370714
 10
2.2801781906842478
 20
5.855515465052151
  0
LWPOLYLINE
  5
171
330
17
100
AcDbEntity
  8
WALLS
100
AcDbPolyline
 90
5
 70
0
 10
2.36174749110651
 20
5.732028942845754
 10
2.4537435564115717
 20
5.583362738188849
 10
2.496261343444633
 20
5.609673150306702
 10
2.404265278139571
 20
5.758339354963607
 10
2.36174749110651
 20
5.732028942845754
  0
LWPOLYLINE
  5
172
330
17
100
AcDbEntity
  8
WALLS
100
AcDbPolyline
 90
5
 70
0
 10
2.4415076378342846
 20
5.603918898575426
 10
2.5304497327177735
 20
5.4486067830981355
 10
2.5738387273155974
 20
5.473454220547296
 10
2.4848966324321085
 20
5.6287663360245865
 10
2.4415076378342846
 20
5.603918898575426
  0
LWPOLYLINE
  5
173
330
17
100
AcDbEntity
  8
WALLS
100
AcDbPolyline
 90
5
 70
0
 10
2.5186268537560275
 20
5.47036452107145
 10
2.6028973618938376
 20
5.30690198199668
 10
2.647339166194984
 20
5.329813246266872
 10
2.563068658057174
 20
5.493275785341642
 10
2.5186268537560275
 20
5.47036452107145
  0
LWPOLYLINE
  5
174
330
17
100
AcDbEntity
  8
WALLS
100
AcDbPolyline
 90
5
 70
0
 10
2.5917115373864488
 20
5.330195264068377
 10
2.669724211808933
 20
5.155695461748022
 10
2.7153702934865573
 20
5.176102206404621
 10
2.637357619064073
 20
5.350602008724976
 10
2.5917115373864488
 20
5.330195264068377
  0
LWPOLYLINE
  5
175
330
17
100
AcDbEntity
  8
WALLS
100
AcDbPolyline
 90
5
 70
0
 10
2.659558046160844
 20
5.180884057148371
 10
2.7270209251956357
 20
4.994897492173563
 10
2.774024265979359
 20
5.011947006981006
 10
2.7065613869445673
 20
5.197933571955814
 10
2.659558046160844
 20
5.180884057148371
  0
LWPOLYLINE
  5
176
330
17
100
AcDbEntity
  8
WALLS
100
AcDbPolyline
 90
5
 70
0
 10
2.718538139223142
 20
5.022271616510776
 10
2.77054921803635
 20
4.822604862307391
 10
2.818934571045756
 20
4.835208735289739
 10
2.7669234922325483
 20
5.034875489493124
 10
2.718538139223142
 20
5.022271616510776
  0
LWPOLYLINE
  5
177
330
17
100
AcDbEntity
  8
WALLS
100
AcDbPolyline
 90
5
 70
0
 10
2.7646164318324855
 20
4.850740421988998
 10
2.7960359433437603
 20
4.65490128644277
 10
2.845404617849006
 20
4.662821764811853
 10
2.8139851063377312
 20
4.858660900358081
 10
2.7646164318324855
 20
4.850740421988998
  0
LWPOLYLINE
  5
178
330
17
100
AcDbEntity
  8
WALLS
100
AcDbPolyline
 90
5
 70
0
 10
2.79272927024937
 20
4.683000279765605
 10
2.8082872053419505
 20
4.47949182058622
 10
2.858141733000691
 20
4.483303129012973
 10
2.8425837979081106
 20
4.686811588192358
 10
2.79272927024937
 20
4.683000279765605
  0
LWPOLYLINE
  5
179
330
17
100
AcDbEntity
  8
WALLS
100
AcDbPolyline
 90
5
 70
0
 10
2.807082384806826
 20
4.506291375524422
 10
2.8089022322963055
 20
4.324261172309808
 10
2.858899733731983
 20
4.324761022476765
 10
2.857079886242503
 20
4.506791225691379
 10
2.807082384806826
 20
4.506291375524422
  0
LWPOLYLINE
  5
17A
330
17
100
AcDbEntity
  8
WALLS
100
AcDbPolyline
 90
5
 70
0
 10
2.8092495517908103
 20
4.349178690622347
 10
2.8023602833388117
 20
4.167497881961568
 10
2.852324374606677
 20
4.165603262269803
 10
2.8592136430586756
 20
4.3472840709305824
 10
2.8092495517908103
 20
4.349178690622347
  0
LWPOLYLINE
  5
17B
330
17
100
AcDbEntity
  8
WALLS
100
AcDbPolyline
 90
5
 70
0
 10
2.8037887094453815
 20
4.191907105372062
 10
2.7897112944909788
 20
4.0152357560366045
 10
2.8395533183378445
 20
4.011264275349449
 10
2.8536307332922473
 20
4.187935624684906
 10
2.8037887094453815
 20
4.191907105372062
  0
LWPOLYLINE
  5
17C
330
17
100
AcDbEntity
  8
WALLS
100
AcDbPolyline
 90
5
 70
0
 10
2.7919417156701316
 20
4.0387387242654835
 10
2.7729278847224172
 20
3.8666908402561293
 10
2.822625315676471
 20
3.861198540504017
 10
2.8416391466241855
 20
4.03324642451337
 10
2.7919417156701316
 20
4.0387387242654835
  0
LWPOLYLINE
  5
17D
330
17
100
AcDbEntity
  8
WALLS
100
AcDbPolyline
 90
5
 70
0
 10
2.7757095154194396
 20
3.8894824324583137
 10
2.753138001588087
 20
3.720789435002972
 10
2.802696346554061
 20
3.714158413646235
 10
2.8252678603854138
 20
3.8828514111015764
 10
2.7757095154194396
 20
3.8894824324583137
  0
LWPOLYLINE
  5
17E
330
17
100
AcDbEntity
  8
WALLS
100
AcDbPolyline
 90
5
 70
0
 10
2.7563239024823774
 20
3.7430924752569403
 10
2.7310122344678933
 20
3.576574933374312
 10
2.7804444100599617
 20
3.5690609453363304
 10
2.8057560780744457
 20
3.735578487218959
 10
2.7563239024823774
 20
3.7430924752569403
  0
LWPOLYLINE
  5
17F
330
17
100
AcDbEntity
  8
WALLS
100
AcDbPolyline
 90
5
 70
0
 10
2.734471658973111
 20
3.598407597113411
 10
2.7075004790881456
 20
3.434962908588793
 10
2.756833307569707
 20
3.426822144864863
 10
2.783804487454672
 20
3.5902668333894807
 10
2.734471658973111
 20
3.598407597113411
  0
LWPOLYLINE
  5
180
330
17
100
AcDbEntity
  8
WALLS
100
AcDbPolyline
 90
5
 70
0
 10
2.7110643113622364
 20
3.456174517699179
 10
2.683764743748084
 20
3.296604139516359
 10
2.7330487008335234
 20
3.2881725575769756
 10
2.7603482684476757
 20
3.4477429357597953
 10
2.7110643113622364
 20
3.456174517699179
  0
LWPOLYLINE
  5
181
330
17
100
AcDbEntity
  8
WALLS
100
AcDbPolyline
 90
5
 70
0
 10
2.68731845905171
 20
3.317321362996178
 10
2.6601850489894865
 20
3.159561824578367
 10
2.709461529077637
 20
3.151086654366384
 10
2.7365949391398603
 20
3.3088461927841952
 10
2.68731845905171
 20
3.317321362996178
  0
LWPOLYLINE
  5
182
330
17
100
AcDbEntity
  8
WALLS
100
AcDbPolyline
 90
5
 70
0
 10
2.6635905597824765
 20
3.179749267637042
 10
2.638092596243169
 20
3.0255160113452146
 10
2.6874230165194524
 20
3.0173606673693123
 10
2.71292098005876
 20
3.1715939236611397
 10
2.6635905597824765
 20
3.179749267637042
  0
LWPOLYLINE
  5
183
330
17
100
AcDbEntity
  8
WALLS
100
AcDbPolyline
 90
5
 70
0
 10
2.6411753408796264
 20
3.0449908287262084
 10
2.6185706331322613
 20
2.8953381294564884
 10
2.6680098256078058
 20
2.8878704492701046
 10
2.6906145333551708
 20
3.0375231485398246
 10
2.6411753408796264
 20
3.0449908287262084
  0
LWPOLYLINE
  5
184
330
17
100
AcDbEntity
  8
WALLS
100
AcDbPolyline
 90
5
 70
0
 10
2.6211473038672413
 20
2.913957436821219
 10
2.6029197958125945
 20
2.7685372468479255
 10
2.6525315880097464
 20
2.7623187200942123
 10
2.670759096064393
 20
2.907738910067506
 10
2.6211473038672413
 20
2.913957436821219
  0
LWPOLYLINE
  5
185
330
17
100
AcDbEntity
  8
WALLS
100
AcDbPolyline
 90
5
 70
0
 10
2.6047035904461655
 20
2.785745146474993
 10
2.5938322614650566
 20
2.6503059687089503
 10
2.643671964877992
 20
2.6463054732757985
 10
2.654543293859101
 20
2.781744651041841
 10
2.6047035904461655
 20
2.785745146474993
  0
LWPOLYLINE
  5
186
330
17
100
AcDbEntity
  8
WALLS
100
AcDbPolyline
 90
5
 70
0
 10
2.594511172601549
 20
2.6649178952889025
 10
2.593751695551698
 20
2.548129845449446
 10
2.6437506383478606
 20
2.547804700457106
 10
2.6445101153977113
 20
2.6645927502965625
 10
2.594511172601549
 20
2.6649178952889025
  0
LWPOLYLINE
  5
187
330
17
100
AcDbEntity
  8
WALLS
100
AcDbPolyline
 90
5
 70
0
 10
2.6517849108889244
 20
2.2778212638603725
 10
2.6873905163745677
 20
2.21096836202951
 10
2.731521662555622
 20
2.2344724454353027
 10
2.6959160570699785
 20
2.301325347266165
 10
2.6517849108889244
 20
2.2778212638603725
  0
LWPOLYLINE
  5
188
330
17
100
AcDbEntity
  8
WALLS
100
AcDbPolyline
 90
5
 70
0
 10
2.6851054122109494
 20
2.2144554424649945
 10
2.7286757043950867
 20
2.162293725670972
 10
2.767049767902972
 20
2.19434729411339
 10
2.7234794757188348
 20
2.2465090109074124
 10
2.6851054122109494
 20
2.2144554424649945
  0
LWPOLYLINE
  5
189
330
17
100
AcDbEntity
  8
WALLS
100
AcDbPolyline
 90
5
 70
0
 10
2.725506110859918
 20
2.1653509965684385
 10
2.783753522997497
 20
2.1182658332332887
 10
2.8151862034468005
 20
2.157150105115014
 10
2.7569387913092216
 20
2.204235268450164
 10
2.725506110859918
 20
2.1653509965684385
  0
LWPOLYLINE
  5
18A
330
17
100
AcDbEntity
  8
WALLS
100
AcDbPolyline
 90
5
 70
0
 10
2.7761593512613127
 20
2.1233810545144753
 10
2.876291280605518
 20
2.062541950107469
 10
2.9022541295513054
 20
2.105272857827973
 10
2.8021222002071
 20
2.166111962234979
 10
2.7761593512613127
 20
2.1233810545144753
  0
LWPOLYLINE
  5
18B
330
17
100
AcDbEntity
  8
WALLS
100
AcDbPolyline
 90
5
 70
0
 10
2.8638810609745997
 20
2.0695121786862387
 10
2.975974923595876
 20
2.01111407574912
 10
2.9990765867645246
 20
2.0554572055308835
 10
2.886982724143248
 20
2.1138553084680023
 10
2.8638810609745997
 20
2.0695121786862387
  0
LWPOLYLINE
  5
18C
330
17
100
AcDbEntity
  8
WALLS
100
AcDbPolyline
 90
5
 70
0
 10
2.965411552198316
 20
2.0159193249296106
 10
3.059169868832835
 20
1.9811658124669087
 10
3.076547990545847
 20
2.028048654592016
 10
2.982789673911328
 20
2.062802167054718
 10
2.965411552198316
 20
2.0159193249296106
  0
LWPOLYLINE
  5
18D
330
17
100
AcDbEntity
  8
WALLS
100
AcDbPolyline
 90
5
 70
0
 10
3.0490945833263994
 20
1.9841565271156423
 10
3.1558140188545667
 20
1.9592138601062525
 10
3.1671934395592305
 20
2.0079017311259046
 10
3.060474004031063
 20
2.0328443981352944
 10
3.0490945833263994
 20
1.9841565271156423
  0
LWPOLYLINE
  5
18E
330
17
100
AcDbEntity
  8
WALLS
100
AcDbPolyline
 90
5
 70
0
 10
3.1440013222095775
 20
1.9613499657032474
 10
3.255962548830891
 20
1.9467135066422343
 10
3.2624437981973395
 20
1.996291661172732
 10
3.150482571576026
 20
2.010928120233745
 10
3.1440013222095775
 20
1.9613499657032474
  0
LWPOLYLINE
  5
18F
330
17
100
AcDbEntity
  8
WALLS
100
AcDbPolyline
 90
5
 70
0
 10
3.2431983706657173
 20
1.9477585410747753
 10
3.3626424089151774
 20
1.9433927902935644
 10
3.364468719194046
 20
1.9933594250688353
 10
3.245024680944586
 20
1.9977251758500463
 10
3.2431983706657173
 20
1.9477585410747753
  0
LWPOLYLINE
  5
190
330
17
100
AcDbEntity
  8
WALLS
100
AcDbPolyline
 90
5
 70
0
 10
3.34923973526232
 20
1.9432738073808011
 10
3.4698874674318363
 20
1.949761129003498
 10
3.467202807135684
 20
1.9996890029727974
 10
3.346555074966168
 20
1.9932016813501006
 10
3.34923973526232
 20
1.9432738073808011
  0
LWPOLYLINE
  5
191
330
17
100
AcDbEntity
  8
WALLS
100
AcDbPolyline
 90
5
 70
0
 10
3.4564886030168536
 20
1.9484319875325966
 10
3.5757758589327064
 20
1.9657479226396182
 10
3.5685930594553836
 20
2.0152293069338008
 10
3.4493058035395308
 20
1.997913371826779
 10
3.4564886030168536
 20
1.9484319875325966
  0
LWPOLYLINE
  5
192
330
17
100
AcDbEntity
  8
WALLS
100
AcDbPolyline
 90
5
 70
0
 10
3.5629210553111186
 20
1.9632784154307685
 10
3.6758455331626134
 20
1.9906089715639421
 10
3.6640838539153346
 20
2.0392059148966677
 10
3.55115937606384
 20
2.011875358763494
 10
3.5629210553111186
 20
1.9632784154307685
  0
LWPOLYLINE
  5
193
330
17
100
AcDbEntity
  8
WALLS
100
AcDbPolyline
 90
5
 70
0
 10
3.667460013765351
 20
1.9882190988155082
 10
3.72976855783228
 20
2.012028043310289
 10
3.7119214362597317
 20
2.0587343624927583
 10
3.6496128921928026
 20
2.0349254179979774
 10
3.667460013765351
 20
1.9882190988155082
  0
LWPOLYLINE
  5
194
330
17
100
AcDbEntity
  8
WALLS
100
AcDbPolyline
 90
5
 70
0
 10
3.7249431961092125
 20
2.0094029670790565
 10
3.805008872681802
 20
2.060149336666477
 10
3.7782419240371907
 20
2.102381202126776
 10
3.6981762474646014
 20
2.0516348325393556
 10
3.7249431961092125
 20
2.0094029670790565
  0
LWPOLYLINE
  5
195
330
17
100
AcDbEntity
  8
WALLS
100
AcDbPolyline
 90
5
 70
0
 10
3.7955784173898666
 20
2.0532838906257895
 10
3.894251833442061
 20
2.1321608140244406
 10
3.863032000691131
 20
2.171216185524453
 10
3.764358584638937
 20
2.092339262125802
 10
3.7955784173898666
 20
2.0532838906257895
  0
LWPOLYLINE
  5
196
330
17
100
AcDbEntity
  8
WALLS
100
AcDbPolyline
 90
5
 70
0
 10
3.8816977350249897
 20
2.1215239343980645
 10
3.991021390381659
 20
2.2188236688317255
 10
3.9577797016724108
 20
2.2561732355194053
 10
3.8484560463157416
 20
2.1588735010857443
 10
3.8816977350249897
 20
2.1215239343980645
  0
LWPOLYLINE
  5
197
330
17
100
AcDbEntity
  8
WALLS
100
AcDbPolyline
 90
5
 70
0
 10
5.178315178738286
 20
2.7948130477738125
 10
5.372619286581751
 20
2.7975891866806966
 10
5.371904979605205
 20
2.847584084075763
 10
5.17760087176174
 20
2.844807945168879
 10
5.178315178738286
 20
2.7948130477738125
  0
LWPOLYLINE
  5
198
330
17
100
AcDbEntity
  8
WALLS
100
AcDbPolyline
 90
5
 70
0
 10
5.345777494517519
 20
2.7981521796464057
 10
5.535761009289181
 20
2.787325321601146
 10
5.538605813926082
 20
2.8372443268654526
 10
5.34862229915442
 20
2.848071184910712
 10
5.345777494517519
 20
2.7981521796464057
  0
LWPOLYLINE
  5
199
330
17
100
AcDbEntity
  8
WALLS
100
AcDbPolyline
 90
5
 70
0
 10
5.510220203356924
 20
2.7894607601261363
 10
5.691198185654009
 20
2.7692836717273694
 10
5.696738319929067
 20
2.8189757929561345
 10
5.515760337631982
 20
2.8391528813549014
 10
5.510220203356924
 20
2.7894607601261363
  0
LWPOLYLINE
  5
19A
330
17
100
AcDbEntity
  8
WALLS
100
AcDbPolyline
 90
5
 70
0
 10
5.667119104369013
 20
2.772424989753352
 10
5.840895202626353
 20
2.746326222244851
 10
5.848321228094738
 20
2.795771688626946
 10
5.674545129837398
 20
2.8218704561354473
 10
5.667119104369013
 20
2.772424989753352
  0
LWPOLYLINE
  5
19B
330
17
100
AcDbEntity
  8
WALLS
100
AcDbPolyline
 90
5
 70
0
 10
5.817992080910251
 20
2.750056843313988
 10
5.985876303050803
 20
2.7205053999516076
 10
5.994544182334277
 20
2.769748347352501
 10
5.826659960193725
 20
2.799299790714881
 10
5.817992080910251
 20
2.750056843313988
  0
LWPOLYLINE
  5
19C
330
17
100
AcDbEntity
  8
WALLS
100
AcDbPolyline
 90
5
 70
0
 10
5.963870166129791
 20
2.724570762132431
 10
6.126968995382251
 20
2.692977891645559
 10
6.1364774461521385
 20
2.7420654599694902
 10
5.973378616899678
 20
2.773658330456362
 10
5.963870166129791
 20
2.724570762132431
  0
LWPOLYLINE
  5
19D
330
17
100
AcDbEntity
  8
WALLS
100
AcDbPolyline
 90
5
 70
0
 10
6.105611157863138
 20
2.6972076966962306
 10
6.266839849022541
 20
2.6645693104754273
 10
6.276760385211715
 20
2.7135752587033646
 10
6.115531694052312
 20
2.746213644924168
 10
6.105611157863138
 20
2.6972076966962306
  0
LWPOLYLINE
  5
19E
330
17
100
AcDbEntity
  8
WALLS
100
AcDbPolyline
 90
5
 70
0
 10
6.245856622472111
 20
2.6688774591598974
 10
6.404278135597258
 20
2.635887255624223
 10
6.414471619980613
 20
2.6848371573210223
 10
6.256050106855467
 20
2.7178273608566967
 10
6.245856622472111
 20
2.6688774591598974
  0
LWPOLYLINE
  5
19F
330
17
100
AcDbEntity
  8
WALLS
100
AcDbPolyline
 90
5
 70
0
 10
6.383631395982477
 20
2.6402038194877004
 10
6.541198884338878
 20
2.60713096876814
 10
6.551469891236809
 20
2.656064662858232
 10
6.393902402880408
 20
2.6891375135777924
 10
6.383631395982477
 20
2.6402038194877004
  0
LWPOLYLINE
  5
1A0
330
17
100
AcDbEntity
  8
WALLS
100
AcDbPolyline
 90
5
 70
0
 10
6.518992473758641
 20
2.612012289276137
 10
6.695203681050617
 20
2.5717117177713544
 10
6.706351157502714
 20
2.6204532172225403
 10
6.530139950210738
 20
2.6607537887273227
 10
6.518992473758641
 20
2.612012289276137
  0
LWPOLYLINE
  5
1A1
330
17
100
AcDbEntity
  8
WALLS
100
AcDbPolyline
 90
5
 70
0
 10
6.669999332680584
 20
2.578376101573501
 10
6.856117008210136
 20
2.5228435138430685
 10
6.870412892338621
 20
2.570756222981511
 10
6.684295216809069
 20
2.6262888107119435
 10
6.669999332680584
 20
2.578376101573501
  0
LWPOLYLINE
  5
1A2
330
17
100
AcDbEntity
  8
WALLS
100
AcDbPolyline
 90
5
 70
0
 10
6.831373338146508
 20
2.531009734625685
 10
7.003069377317325
 20
2.46847252588117
 10
7.020181247481712
 20
2.515453201690243
 10
6.848485208310895
 20
2.577990410434758
 10
6.831373338146508
 20
2.531009734625685
  0
LWPOLYLINE
  5
1A3
330
17
100
AcDbEntity
  8
WALLS
100
AcDbPolyline
 90
5
 70
0
 10
6.980489106607347
 20
2.4771592422283755
 10
7.141878044329777
 20
2.4115637588366425
 10
7.160704589362826
 20
2.4578839617951633
 10
6.999315651640396
 20
2.5234794451868963
 10
6.980489106607347
 20
2.4771592422283755
  0
LWPOLYLINE
  5
1A4
330
17
100
AcDbEntity
  8
WALLS
100
AcDbPolyline
 90
5
 70
0
 10
7.120565428475438
 20
2.420531434906117
 10
7.277244911529203
 20
2.3522949520779584
 10
7.297209502952296
 20
2.3981361463175173
 10
7.140530019898532
 20
2.466372629145676
 10
7.120565428475438
 20
2.420531434906117
  0
LWPOLYLINE
  5
1A5
330
17
100
AcDbEntity
  8
WALLS
100
AcDbPolyline
 90
5
 70
0
 10
7.2566517507767045
 20
2.3614626619229804
 10
7.410024427549093
 20
2.2916698088271192
 10
7.430733754412902
 20
2.337179409801506
 10
7.2773610776405135
 20
2.406972262897367
 10
7.2566517507767045
 20
2.3614626619229804
  0
LWPOLYLINE
  5
1A6
330
17
100
AcDbEntity
  8
WALLS
100
AcDbPolyline
 90
5
 70
0
 10
7.390055082337817
 20
2.3008782789435145
 10
7.53934355602917
 20
2.2311051454266275
 10
7.560514031950696
 20
2.2764020652916255
 10
7.411225558259343
 20
2.3461751988085124
 10
7.390055082337817
 20
2.3008782789435145
  0
LWPOLYLINE
  5
1A7
330
17
100
AcDbEntity
  8
WALLS
100
AcDbPolyline
 90
5
 70
0
 10
7.519879141045936
 20
2.2402869832059857
 10
7.666554302857503
 20
2.1704469515880542
 10
7.688049656288592
 20
2.2155906087380077
 10
7.541374494477025
 20
2.2854306403559392
 10
7.519879141045936
 20
2.2402869832059857
  0
LWPOLYLINE
  5
1A8
330
17
100
AcDbEntity
  8
WALLS
100
AcDbPolyline
 90
5
 70
0
 10
7.647456957351903
 20
2.179574182014252
 10
7.792601632940386
 20
2.109944215435289
 10
7.814228220330495
 20
2.1550251506280946
 10
7.669083544742012
 20
2.224655117207057
 10
7.647456957351903
 20
2.179574182014252
  0
LWPOLYLINE
  5
1A9
330
17
100
AcDbEntity
  8
WALLS
100
AcDbPolyline
 90
5
 70
0
 10
7.77366416982991
 20
2.1190326414051293
 10
7.918787288151936
 20
2.049357921765312
 10
7.940427785165973
 20
2.0944321814817566
 10
7.795304666843947
 20
2.1641069011215737
 10
7.77366416982991
 20
2.1190326414051293
  0
LWPOLYLINE
  5
1AA
330
17
100
AcDbEntity
  8
WALLS
100
AcDbPolyline
 90
5
 70
0
 10
7.900030320191731
 20
2.0583308288888365
 10
8.043493585534373
 20
1.9899523931923566
 10
8.065006316251688
 20
2.035087771966487
 10
7.9215430509090465
 20
2.103466207662967
 10
7.900030320191731
 20
2.0583308288888365
  0
LWPOLYLINE
  5
1AB
330
17
100
AcDbEntity
  8
WALLS
100
AcDbPolyline
 90
5
 70
0
 10
8.024893890809933
 20
1.9987738383363223
 10
8.167955491327335
 20
1.9312595462780082
 10
8.189294802903094
 20
1.9764771731670063
 10
8.046233202385691
 20
2.0439914652253206
 10
8.024893890809933
 20
1.9987738383363223
  0
LWPOLYLINE
  5
1AC
330
17
100
AcDbEntity
  8
WALLS
100
AcDbPolyline
 90
5
 70
0
 10
8.149427270264042
 20
1.939898525878158
 10
8.293684321526136
 20
1.8734474122115496
 10
8.3146037293442
 20
1.9188608284730642
 10
8.170346678082105
 20
1.9853119421396725
 10
8.149427270264042
 20
1.939898525878158
  0
LWPOLYLINE
  5
1AD
330
17
100
AcDbEntity
  8
WALLS
100
AcDbPolyline
 90
5
 70
0
 10
8.275305002409548
 20
1.8817963140841893
 10
8.416600417003375
 20
1.8185340390097817
 10
8.43703248924732
 20
1.8641687891878886
 10
8.295737074653493
 20
1.9274310642622963
 10
8.275305002409548
 20
1.8817963140841893
  0
LWPOLYLINE
  5
1AE
330
17
100
AcDbEntity
  8
WALLS
100
AcDbPolyline
 90
5
 70
0
 10
8.398633199749172
 20
1.8264420109743182
 10
8.537343842795268
 20
1.7664646987589439
 10
8.557187820290237
 20
1.8123582337849056
 10
8.41847717724414
 20
1.87233554600028
 10
8.398633199749172
 20
1.8264420109743182
  0
LWPOLYLINE
  5
1AF
330
17
100
AcDbEntity
  8
WALLS
100
AcDbPolyline
 90
5
 70
0
 10
8.519426235092892
 20
1.7740566346368867
 10
8.660599368292464
 20
1.7154430986363163
 10
8.679771981681883
 20
1.7616211334128196
 10
8.53859884848231
 20
1.82023466941339
 10
8.519426235092892
 20
1.7740566346368867
  0
LWPOLYLINE
  5
1B0
330
17
100
AcDbEntity
  8
WALLS
100
AcDbPolyline
 90
5
 70
0
 10
8.642634601570986
 20
1.7226755015421311
 10
8.78461105422181
 20
1.6672965090414218
 10
8.802780646378046
 20
1.7138783286803752
 10
8.660804193727223
 20
1.7692573211810845
 10
8.642634601570986
 20
1.7226755015421311
  0
LWPOLYLINE
  5
1B1
330
17
100
AcDbEntity
  8
WALLS
100
AcDbPolyline
 90
5
 70
0
 10
8.768247271364837
 20
1.6734268469663842
 10
8.887864522400248
 20
1.6308225820176148
 10
8.904640762398314
 20
1.677924150691358
 10
8.785023511362903
 20
1.7205284156401275
 10
8.768247271364837
 20
1.6734268469663842
  0
LWPOLYLINE
  5
1B2
330
17
100
AcDbEntity
  8
WALLS
100
AcDbPolyline
 90
5
 70
0
 10
8.871868106491698
 20
1.6362766985452974
 10
9.006829916063564
 20
1.592072302202243
 10
9.022393023451693
 20
1.639588506684772
 10
8.887431213879827
 20
1.6837929030278265
 10
8.871868106491698
 20
1.6362766985452974
  0
LWPOLYLINE
  5
1B3
330
17
100
AcDbEntity
  8
WALLS
100
AcDbPolyline
 90
5
 70
0
 10
8.990295964917395
 20
1.5971504676009718
 10
9.122661425671167
 20
1.5592537856289388
 10
9.136423660961333
 20
1.607322495615978
 10
9.004058200207561
 20
1.645219177588011
 10
8.990295964917395
 20
1.5971504676009718
  0
LWPOLYLINE
  5
1B4
330
17
100
AcDbEntity
  8
WALLS
100
AcDbPolyline
 90
5
 70
0
 10
9.106787445282434
 20
1.5633801146788326
 10
9.236366227034042
 20
1.5331953581516102
 10
9.247709782774882
 20
1.5818915976691996
 10
9.118131001023274
 20
1.612076354196422
 10
9.106787445282434
 20
1.5633801146788326
  0
LWPOLYLINE
  5
1B5
330
17
100
AcDbEntity
  8
WALLS
100
AcDbPolyline
 90
5
 70
0
 10
9.221686873956694
 20
1.5361435551524008
 10
9.341471233303873
 20
1.5162875932900153
 10
9.349647868099565
 20
1.5656144890307553
 10
9.229863508752386
 20
1.5854704508931408
 10
9.221686873956694
 20
1.5361435551524008
  0
LWPOLYLINE
  5
1B6
330
17
100
AcDbEntity
  8
WALLS
100
AcDbPolyline
 90
5
 70
0
 10
9.32874432285055
 20
1.5178559986041948
 10
9.437858466579605
 20
1.509596216889939
 10
9.441632595793738
 20
1.559453572903621
 10
9.332518452064683
 20
1.5677133546178768
 10
9.32874432285055
 20
1.5178559986041948
  0
LWPOLYLINE
  5
1B7
330
17
100
AcDbEntity
  8
WALLS
100
AcDbPolyline
 90
5
 70
0
 10
9.427289587288472
 20
1.5098278534366951
 10
9.52461659897948
 20
1.5137537491360202
 10
9.522601379547178
 20
1.5637131215363986
 10
9.42527436785617
 20
1.5597872258370735
 10
9.427289587288472
 20
1.5098278534366951
  0
LWPOLYLINE
  5
1B8
330
17
100
AcDbEntity
  8
WALLS
100
AcDbPolyline
 90
5
 70
0
 10
9.509515653935802
 20
1.5624599260741907
 10
9.465278150685917
 20
1.5416755852739144
 10
9.486540102848648
 20
1.4964215314198146
 10
9.530777606098534
 20
1.517205872220091
 10
9.509515653935802
 20
1.5624599260741907
  0
LWPOLYLINE
  5
1B9
330
17
100
AcDbEntity
  8
WALLS
100
AcDbPolyline
 90
5
 70
0
 10
9.497533305916772
 20
1.5038556813101858
 10
9.498139706200913
 20
1.5045456850656387
 10
9.460582361332253
 20
1.537552439623103
 10
9.459975961048112
 20
1.5368624358676501
 10
9.497533305916772
 20
1.5038556813101858
  0
LWPOLYLINE
  5
1BA
330
17
100
AcDbEntity
  8
WALLS
100
AcDbPolyline
 90
5
 70
0
 10
9.500524795085967
 20
1.5072931224914423
 10
9.523342017245232
 20
1.5566364543935254
 10
9.477959239505148
 20
1.5776222468397043
 10
9.455142017345883
 20
1.5282789149376212
 10
9.500524795085967
 20
1.5072931224914423
  0
LWPOLYLINE
  5
1BB
330
17
100
AcDbEntity
  8
WALLS
100
AcDbPolyline
 90
5
 70
0
 10
9.521943716830757
 20
1.5519855224981884
 10
9.544418570353171
 20
1.6414690710344644
 10
9.4959247313966
 20
1.6536488733010963
 10
9.473449877874186
 20
1.5641653247648204
 10
9.521943716830757
 20
1.5519855224981884
  0
LWPOLYLINE
  5
1BC
330
17
100
AcDbEntity
  8
WALLS
100
AcDbPolyline
 90
5
 70
0
 10
9.542605376711395
 20
1.6313643304189474
 10
9.556518406435439
 20
1.742639921985265
 10
9.506904709121576
 20
1.748843230686941
 10
9.492991679397532
 20
1.6375676391206233
 10
9.542605376711395
 20
1.6313643304189474
  0
LWPOLYLINE
  5
1BD
330
17
100
AcDbEntity
  8
WALLS
100
AcDbPolyline
 90
5
 70
0
 10
9.555507842586328
 20
1.729251186310276
 10
9.559835251316303
 20
1.8579457815471334
 10
9.509863494076223
 20
1.859626102450547
 10
9.505536085346248
 20
1.7309315072136895
 10
9.555507842586328
 20
1.729251186310276
  0
LWPOLYLINE
  5
1BE
330
17
100
AcDbEntity
  8
WALLS
100
AcDbPolyline
 90
5
 70
0
 10
9.559497794875645
 20
1.8397520552185935
 10
9.56055297659809
 20
2.0003924839788927
 10
9.510554055223794
 20
2.000720906583235
 10
9.509498873501348
 20
1.8400804778229358
 10
9.559497794875645
 20
1.8397520552185935
  0
LWPOLYLINE
  5
1BF
330
17
100
AcDbEntity
  8
WALLS
100
AcDbPolyline
 90
5
 70
0
 10
9.560407638759315
 20
1.9794120021879262
 10
9.561579066608576
 20
2.1401974390639102
 10
9.511580393576391
 20
2.140561712341105
 10
9.51040896572713
 20
1.9797762754651211
 10
9.560407638759315
 20
1.9794120021879262
  0
LWPOLYLINE
  5
1C0
330
17
100
AcDbEntity
  8
WALLS
100
AcDbPolyline
 90
5
 70
0
 10
9.561432355604454
 20
2.1192580273136716
 10
9.56251199744303
 20
2.2797578033079953
 10
9.512513128633719
 20
2.2800941331895395
 10
9.511433486795143
 20
2.119594357195216
 10
9.561432355604454
 20
2.1192580273136716
  0
LWPOLYLINE
  5
1C1
330
17
100
AcDbEntity
  8
WALLS
100
AcDbPolyline
 90
5
 70
0
 10
9.562371096438367
 20
2.2587921260759787
 10
9.5634519685357
 20
2.41977080896514
 10
9.513453095570165
 20
2.4201065204128716
 10
9.512372223472832
 20
2.2591278375237103
 10
9.562371096438367
 20
2.2587921260759787
  0
LWPOLYLINE
  5
1C2
330
17
100
AcDbEntity
  8
WALLS
100
AcDbPolyline
 90
5
 70
0
 10
9.563310985218658
 20
2.398773589457858
 10
9.564391857315991
 20
2.559752272347027
 10
9.514392984350456
 20
2.5600879837947588
 10
9.513312112253123
 20
2.3991093009055895
 10
9.563310985218658
 20
2.398773589457858
  0
LWPOLYLINE
  5
1C3
330
17
100
AcDbEntity
  8
WALLS
100
AcDbPolyline
 90
5
 70
0
 10
9.564249130163416
 20
2.5387077804872815
 10
9.565356389395872
 20
2.7003594518934593
 10
9.51535756230117
 20
2.700701926935202
 10
9.514250303068716
 20
2.539050255529024
 10
9.564249130163416
 20
2.5387077804872815
  0
LWPOLYLINE
  5
1C4
330
17
100
AcDbEntity
  8
WALLS
100
AcDbPolyline
 90
5
 70
0
 10
9.56521521957131
 20
2.6793401495522433
 10
9.566273253373069
 20
2.840087049485958
 10
9.516274336401285
 20
2.8404161416440603
 10
9.515216302599526
 20
2.6796692417103456
 10
9.56521521957131
 20
2.6793401495522433
  0
LWPOLYLINE
  5
1C5
330
17
100
AcDbEntity
  8
WALLS
100
AcDbPolyline
 90
5
 70
0
 10
9.566127638400095
 20
2.819070213807218
 10
9.567300530052469
 20
2.9803162362476243
 10
9.517301852750007
 20
2.9806799229317997
 10
9.516128961097634
 20
2.8194339004913935
 10
9.566127638400095
 20
2.819070213807218
  0
LWPOLYLINE
  5
1C6
330
17
100
AcDbEntity
  8
WALLS
100
AcDbPolyline
 90
5
 70
0
 10
9.56715506269119
 20
2.9593053529865694
 10
9.56821453117845
 20
3.1204949492966554
 10
9.51821561118903
 20
3.1208235826659196
 10
9.51715614270177
 20
2.9596339863558336
 10
9.56715506269119
 20
2.9593053529865694
  0
LWPOLYLINE
  5
1C7
330
17
100
AcDbEntity
  8
WALLS
100
AcDbPolyline
 90
5
 70
0
 10
9.568072153426112
 20
3.0995317022995175
 10
9.569194666286204
 20
3.259610112104012
 10
9.519195895538761
 20
3.2599607169308675
 10
9.518073382678669
 20
3.099882307126373
 10
9.568072153426112
 20
3.0995317022995175
  0
LWPOLYLINE
  5
1C8
330
17
100
AcDbEntity
  8
WALLS
100
AcDbPolyline
 90
5
 70
0
 10
9.569050923887238
 20
3.238664039093745
 10
9.570133246363275
 20
3.399873161708144
 10
9.520134373196006
 20
3.400208843109592
 10
9.519052050719969
 20
3.238999720495193
 10
9.569050923887238
 20
3.238664039093745
  0
LWPOLYLINE
  5
1C9
330
17
100
AcDbEntity
  8
WALLS
100
AcDbPolyline
 90
5
 70
0
 10
9.569992270682022
 20
3.378877213948593
 10
9.571071571998736
 20
3.539605462554098
 10
9.521072699264483
 20
3.539941208445965
 10
9.519993397947768
 20
3.3792129598404603
 10
9.569992270682022
 20
3.378877213948593
  0
LWPOLYLINE
  5
1CA
330
17
100
AcDbEntity
  8
WALLS
100
AcDbPolyline
 90
5
 70
0
 10
9.57093060662507
 20
3.518611002895991
 10
9.572012777768547
 20
3.679798308358107
 10
9.522013904591164
 20
3.6801339882530204
 10
9.520931733447688
 20
3.5189466827909044
 10
9.57093060662507
 20
3.518611002895991
  0
LWPOLYLINE
  5
1CB
330
17
100
AcDbEntity
  8
WALLS
100
AcDbPolyline
 90
5
 70
0
 10
9.571871794239373
 20
3.6588010572570604
 10
9.572951367290566
 20
3.8195711175732963
 10
9.522952494537448
 20
3.8199068606557343
 10
9.521872921486255
 20
3.6591368003394984
 10
9.571871794239373
 20
3.6588010572570604
  0
LWPOLYLINE
  5
1CC
330
17
100
AcDbEntity
  8
WALLS
100
AcDbPolyline
 90
5
 70
0
 10
9.572807158613168
 20
3.7985221898151695
 10
9.57393807293039
 20
3.9603983720811766
 10
9.523939293092708
 20
3.9607476781691413
 10
9.522808378775485
 20
3.798871495903134
 10
9.572807158613168
 20
3.7985221898151695
  0
LWPOLYLINE
  5
1CD
330
17
100
AcDbEntity
  8
WALLS
100
AcDbPolyline
 90
5
 70
0
 10
9.573789456495566
 20
3.9393804794618186
 10
9.574936866385903
 20
4.0997134402247335
 10
9.524938146695144
 20
4.100071252025903
 10
9.523790736804807
 20
3.939738291262988
 10
9.573789456495566
 20
3.9393804794618186
  0
LWPOLYLINE
  5
1CE
330
17
100
AcDbEntity
  8
WALLS
100
AcDbPolyline
 90
5
 70
0
 10
9.57479167080698
 20
4.078754707939615
 10
9.575871804683809
 20
4.2399638460326114
 10
9.525872926963876
 20
4.240298848640204
 10
9.524792793087046
 20
4.0790897105472075
 10
9.57479167080698
 20
4.078754707939615
  0
LWPOLYLINE
  5
1CF
330
17
100
AcDbEntity
  8
WALLS
100
AcDbPolyline
 90
5
 70
0
 10
9.575730919839616
 20
4.218982371559823
 10
9.576810945314774
 20
4.379478017029159
 10
9.52681207736775
 20
4.379814475074198
 10
9.525732051892591
 20
4.2193188296048625
 10
9.575730919839616
 20
4.218982371559823
  0
LWPOLYLINE
  5
1D0
330
17
100
AcDbEntity
  8
WALLS
100
AcDbPolyline
 90
5
 70
0
 10
9.576670019721476
 20
4.358512673260956
 10
9.577750891818813
 20
4.519491356150104
 10
9.527752018853278
 20
4.519827067597836
 10
9.526671146755941
 20
4.358848384708688
 10
9.576670019721476
 20
4.358512673260956
  0
LWPOLYLINE
  5
1D1
330
17
100
AcDbEntity
  8
WALLS
100
AcDbPolyline
 90
5
 70
0
 10
9.577609908501769
 20
4.498494136642823
 10
9.578690780599102
 20
4.6594728195319925
 10
9.528691907633567
 20
4.659808530979723
 10
9.527611035536234
 20
4.498829848090554
 10
9.577609908501769
 20
4.498494136642823
  0
LWPOLYLINE
  5
1D2
330
17
100
AcDbEntity
  8
WALLS
100
AcDbPolyline
 90
5
 70
0
 10
9.578548145626689
 20
4.638429050502717
 10
9.57965401314175
 20
4.800072810185309
 10
9.529655183215079
 20
4.800414871530057
 10
9.528549315700017
 20
4.638771111847465
 10
9.578548145626689
 20
4.638429050502717
  0
LWPOLYLINE
  5
1D3
330
17
100
AcDbEntity
  8
WALLS
100
AcDbPolyline
 90
5
 70
0
 10
9.579512889151209
 20
4.77905361926485
 10
9.580571580008543
 20
4.9398020073856355
 10
9.530572664362209
 20
4.940131300857814
 10
9.529513973504875
 20
4.779382912737029
 10
9.579512889151209
 20
4.77905361926485
  0
LWPOLYLINE
  5
1D4
330
17
100
AcDbEntity
  8
WALLS
100
AcDbPolyline
 90
5
 70
0
 10
9.580425959407995
 20
4.918784436305006
 10
9.58159830157083
 20
5.080043318575627
 10
9.531599622818616
 20
5.080406805897144
 10
9.53042728065578
 20
4.9191479236265225
 10
9.580425959407995
 20
4.918784436305006
  0
LWPOLYLINE
  5
1D5
330
17
100
AcDbEntity
  8
WALLS
100
AcDbPolyline
 90
5
 70
0
 10
9.581452872491758
 20
5.05903191711622
 10
9.582512292458036
 20
5.220215085775504
 10
9.532513372455826
 20
5.2205437171988915
 10
9.531453952489548
 20
5.059360548539608
 10
9.581452872491758
 20
5.05903191711622
  0
LWPOLYLINE
  5
1D6
330
17
100
AcDbEntity
  8
WALLS
100
AcDbPolyline
 90
5
 70
0
 10
9.582369872715118
 20
5.199251738694465
 10
9.583493067162996
 20
5.35933657171254
 10
9.533494297809993
 20
5.359687375340088
 10
9.532371103362115
 20
5.199602542322013
 10
9.582369872715118
 20
5.199251738694465
  0
LWPOLYLINE
  5
1D7
330
17
100
AcDbEntity
  8
WALLS
100
AcDbPolyline
 90
5
 70
0
 10
9.583349280796517
 20
5.338390178699069
 10
9.584431606492641
 20
5.49959930129764
 10
9.534432733332077
 20
5.499934983697783
 10
9.533350407635952
 20
5.3387258610992125
 10
9.583349280796517
 20
5.338390178699069
  0
LWPOLYLINE
  5
1D8
330
17
100
AcDbEntity
  8
WALLS
100
AcDbPolyline
 90
5
 70
0
 10
9.584290450899541
 20
5.4785755742333695
 10
9.585372509370455
 20
5.639730029240212
 10
9.535373636417777
 20
5.6400657426029746
 10
9.534291577946863
 20
5.478911287596132
 10
9.584290450899541
 20
5.4785755742333695
  0
LWPOLYLINE
  5
1D9
330
17
100
AcDbEntity
  8
WALLS
100
AcDbPolyline
 90
5
 70
0
 10
9.585231549224542
 20
5.618736375065535
 10
9.586310879666541
 20
5.779484618729314
 10
9.536312006712702
 20
5.779820331919175
 10
9.535232676270702
 20
5.619072088255396
 10
9.585231549224542
 20
5.618736375065535
  0
LWPOLYLINE
  5
1DA
330
17
100
AcDbEntity
  8
WALLS
100
AcDbPolyline
 90
5
 70
0
 10
9.586165271810303
 20
5.758445362354392
 10
9.587317503641257
 20
5.92014131905098
 10
9.537318773059942
 20
5.920497605813248
 10
9.536166541228988
 20
5.758801649116659
 10
9.586165271810303
 20
5.758445362354392
  0
LWPOLYLINE
  5
1DB
330
17
100
AcDbEntity
  8
WALLS
100
AcDbPolyline
 90
5
 70
0
 10
9.587173478967157
 20
5.899113044603403
 10
9.588231082177115
 20
6.0600633350610424
 10
9.53823216159084
 20
6.060391877611392
 10
9.537174558380881
 20
5.899441587153752
 10
9.587173478967157
 20
5.899113044603403
  0
LWPOLYLINE
  5
1DC
330
17
100
AcDbEntity
  8
WALLS
100
AcDbPolyline
 90
5
 70
0
 10
9.588087127814731
 20
6.039094506433232
 10
9.589235273609866
 20
6.199440318021001
 10
9.53923655535639
 20
6.199798330603658
 10
9.538088409561254
 20
6.039452519015889
 10
9.588087127814731
 20
6.039094506433232
  0
LWPOLYLINE
  5
1DD
330
17
100
AcDbEntity
  8
WALLS
100
AcDbPolyline
 90
5
 70
0
 10
9.589090073125064
 20
6.178480946904147
 10
9.590169567524761
 20
6.339690089475326
 10
9.540170688476344
 20
6.340024893749222
 10
9.539091194076647
 20
6.178815751178043
 10
9.589090073125064
 20
6.178480946904147
  0
LWPOLYLINE
  5
1DE
330
17
100
AcDbEntity
  8
WALLS
100
AcDbPolyline
 90
5
 70
0
 10
9.590031642327231
 20
6.318852172818562
 10
9.59106739658199
 20
6.477217530220517
 10
9.541068465930225
 20
6.477544537376661
 10
9.540032711675467
 20
6.319179179974706
 10
9.590031642327231
 20
6.318852172818562
  0
LWPOLYLINE
  5
1DF
330
17
100
AcDbEntity
  8
WALLS
100
AcDbPolyline
 90
5
 70
0
 10
10.391034135840979
 20
6.4553832367883714
 10
10.390502830581617
 20
6.61861085375841
 10
10.340503095454505
 20
6.618448104814739
 10
10.341034400713866
 20
6.4552204878447
 10
10.391034135840979
 20
6.4553832367883714
  0
LWPOLYLINE
  5
1E0
330
17
100
AcDbEntity
  8
WALLS
100
AcDbPolyline
 90
5
 70
0
 10
10.390567387452297
 20
6.5975018700885135
 10
10.39010928590584
 20
6.7577931303398655
 10
10.340109490098992
 20
6.757650234315805
 10
10.34056759164545
 20
6.597358974064453
 10
10.390567387452297
 20
6.5975018700885135
  0
LWPOLYLINE
  5
1E1
330
17
100
AcDbEntity
  8
WALLS
100
AcDbPolyline
 90
5
 70
0
 10
10.390170821837886
 20
6.736784160483371
 10
10.389685213581329
 20
6.898684675793072
 10
10.339685438493389
 20
6.8985347052783865
 10
10.340171046749946
 20
6.736634189968685
 10
10.390170821837886
 20
6.736784160483371
  0
LWPOLYLINE
  5
1E2
330
17
100
AcDbEntity
  8
WALLS
100
AcDbPolyline
 90
5
 70
0
 10
10.38974973171272
 20
6.87767558320089
 10
10.389245892662464
 20
7.037969607940802
 10
10.339246139656106
 20
7.037812447821398
 10
10.339749978706363
 20
6.8775184230814865
 10
10.38974973171272
 20
6.87767558320089
  0
LWPOLYLINE
  5
1E3
330
17
100
AcDbEntity
  8
WALLS
100
AcDbPolyline
 90
5
 70
0
 10
10.389314755344708
 20
7.017008923827337
 10
10.388762343067866
 20
7.178220693111951
 10
10.338762636609252
 20
7.178049362868453
 10
10.339315048886094
 20
7.016837593583839
 10
10.389314755344708
 20
7.017008923827337
  0
LWPOLYLINE
  5
1E4
330
17
100
AcDbEntity
  8
WALLS
100
AcDbPolyline
 90
5
 70
0
 10
10.38882689225144
 20
7.157205562154618
 10
10.388390387569025
 20
7.317953193702384
 10
10.338390571911859
 20
7.317817420917156
 10
10.338827076594274
 20
7.15706978936939
 10
10.38882689225144
 20
7.157205562154618
  0
LWPOLYLINE
  5
1E5
330
17
100
AcDbEntity
  8
WALLS
100
AcDbPolyline
 90
5
 70
0
 10
10.38845195139623
 20
7.296936371948208
 10
10.387943998734622
 20
7.458610114457283
 10
10.3379442455114
 20
7.458453023346907
 10
10.338452198173007
 20
7.296779280837832
 10
10.38845195139623
 20
7.296936371948208
  0
LWPOLYLINE
  5
1E6
330
17
100
AcDbEntity
  8
WALLS
100
AcDbPolyline
 90
5
 70
0
 10
10.388008471675704
 20
7.437623682865522
 10
10.387528004238881
 20
7.597688177150336
 10
10.337528229494161
 20
7.597538092250367
 10
10.338008696930984
 20
7.437473597965552
 10
10.388008471675704
 20
7.437623682865522
  0
LWPOLYLINE
  5
1E7
330
17
100
AcDbEntity
  8
WALLS
100
AcDbPolyline
 90
5
 70
0
 10
10.387589448406429
 20
7.576702115241849
 10
10.387127936921305
 20
7.738367562035597
 10
10.337128140657393
 20
7.738224826029311
 10
10.337589652142517
 20
7.576559379235563
 10
10.387589448406429
 20
7.576702115241849
  0
LWPOLYLINE
  5
1E8
330
17
100
AcDbEntity
  8
WALLS
100
AcDbPolyline
 90
5
 70
0
 10
10.387192472739095
 20
7.717351230721422
 10
10.386663924926754
 20
7.87810227733284
 10
10.336664195196498
 20
7.877937878728143
 10
10.337192743008838
 20
7.717186832116725
 10
10.387192472739095
 20
7.717351230721422
  0
LWPOLYLINE
  5
1E9
330
17
100
AcDbEntity
  8
WALLS
100
AcDbPolyline
 90
5
 70
0
 10
10.386732917316134
 20
7.8571040989302645
 10
10.386203587743129
 20
8.018323319850422
 10
10.3362038572409
 20
8.018159156198928
 10
10.336733186813905
 20
7.856939935278772
 10
10.386732917316134
 20
7.8571040989302645
  0
LWPOLYLINE
  5
1EA
330
17
100
AcDbEntity
  8
WALLS
100
AcDbPolyline
 90
5
 70
0
 10
10.386268041140053
 20
7.997344909169323
 10
10.385809583455043
 20
8.157632477158838
 10
10.33580978797523
 20
8.157489466750896
 10
10.33626824566024
 20
7.997201898761379
 10
10.386268041140053
 20
7.997344909169323
  0
LWPOLYLINE
  5
1EB
330
17
100
AcDbEntity
  8
WALLS
100
AcDbPolyline
 90
5
 70
0
 10
10.385871117918075
 20
8.136623874005863
 10
10.385385893478428
 20
8.298520699277713
 10
10.335386118045331
 20
8.298370843880758
 10
10.335871342484978
 20
8.136474018608908
 10
10.385871117918075
 20
8.136623874005863
  0
LWPOLYLINE
  5
1EC
330
17
100
AcDbEntity
  8
WALLS
100
AcDbPolyline
 90
5
 70
0
 10
10.38545195492028
 20
8.277485643061377
 10
10.384923890652713
 20
8.43823669129196
 10
10.334924160428164
 20
8.43807244308823
 10
10.33545222469573
 20
8.277321394857646
 10
10.38545195492028
 20
8.277485643061377
  0
LWPOLYLINE
  5
1ED
330
17
100
AcDbEntity
  8
WALLS
100
AcDbPolyline
 90
5
 70
0
 10
10.384992778236994
 20
8.417268458115629
 10
10.384464565333014
 20
8.578030586216169
 10
10.33446483522315
 20
8.577866303104521
 10
10.33499304812713
 20
8.417104175003981
 10
10.384992778236994
 20
8.417268458115629
  0
LWPOLYLINE
  5
1EE
330
17
100
AcDbEntity
  8
WALLS
100
AcDbPolyline
 90
5
 70
0
 10
10.384527547061511
 20
8.557048842141304
 10
10.384090693601747
 20
8.717789090254575
 10
10.334090878256246
 20
8.717653202743032
 10
10.33452773171601
 20
8.55691295462976
 10
10.384527547061511
 20
8.557048842141304
  0
LWPOLYLINE
  5
1EF
330
17
100
AcDbEntity
  8
WALLS
100
AcDbPolyline
 90
5
 70
0
 10
10.384152257041068
 20
8.696772394424327
 10
10.383644664259934
 20
8.858449829206355
 10
10.333644910675906
 20
8.858292852977657
 10
10.33415250345704
 20
8.696615418195629
 10
10.384152257041068
 20
8.696772394424327
  0
LWPOLYLINE
  5
1F0
330
17
100
AcDbEntity
  8
WALLS
100
AcDbPolyline
 90
5
 70
0
 10
10.38371225156277
 20
8.8374105111825
 10
10.383183325792324
 20
8.998391953793663
 10
10.33318359567457
 20
8.99822767308313
 10
10.333712521445015
 20
8.837246230471967
 10
10.38371225156277
 20
8.8374105111825
  0
LWPOLYLINE
  5
1F1
330
17
100
AcDbEntity
  8
WALLS
100
AcDbPolyline
 90
5
 70
0
 10
10.383250727954328
 20
8.977435438775004
 10
10.382746325253732
 20
9.137733949410599
 10
10.332746572786453
 20
9.137576617879112
 10
10.333250975487049
 20
8.977278107243517
 10
10.383250727954328
 20
8.977435438775004
  0
LWPOLYLINE
  5
1F2
330
17
100
AcDbEntity
  8
WALLS
100
AcDbPolyline
 90
5
 70
0
 10
10.382807789029439
 20
9.116756022907479
 10
10.382370232719644
 20
9.277953365081794
 10
10.332370416919701
 20
9.277817644885689
 10
10.332807973229496
 20
9.116620302711373
 10
10.382807789029439
 20
9.116756022907479
  0
LWPOLYLINE
  5
1F3
330
17
100
AcDbEntity
  8
WALLS
100
AcDbPolyline
 90
5
 70
0
 10
10.3824332255285
 20
9.256939880856958
 10
10.381904241035384
 20
9.41816648520052
 10
10.331904510157239
 20
9.418002436082187
 10
10.332433494650354
 20
9.256775831738626
 10
10.3824332255285
 20
9.256939880856958
  0
LWPOLYLINE
  5
1F4
330
17
100
AcDbEntity
  8
WALLS
100
AcDbPolyline
 90
5
 70
0
 10
10.381968694799994
 20
9.397187948248014
 10
10.381509881006053
 20
9.55747182397587
 10
10.331510085853523
 20
9.557328699188016
 10
10.331968899647464
 20
9.39704482346016
 10
10.381968694799994
 20
9.397187948248014
  0
LWPOLYLINE
  5
1F5
330
17
100
AcDbEntity
  8
WALLS
100
AcDbPolyline
 90
5
 70
0
 10
10.38157575779988
 20
9.536533345606285
 10
10.381023778091649
 20
9.697523160988998
 10
10.331024071982185
 20
9.697351728882412
 10
10.331576051690416
 20
9.536361913499698
 10
10.38157575779988
 20
9.536533345606285
  0
LWPOLYLINE
  5
1F6
330
17
100
AcDbEntity
  8
WALLS
100
AcDbPolyline
 90
5
 70
0
 10
10.381089882549862
 20
9.676466715484736
 10
10.380628955489435
 20
9.838121083556743
 10
10.330629158737718
 20
9.837978518529805
 10
10.331090085798145
 20
9.676324150457798
 10
10.381089882549862
 20
9.676466715484736
  0
LWPOLYLINE
  5
1F7
330
17
100
AcDbEntity
  8
WALLS
100
AcDbPolyline
 90
5
 70
0
 10
10.380693432861692
 20
9.817104298309358
 10
10.380165195962006
 20
9.977873808726232
 10
10.330165465851875
 20
9.977709525695511
 10
10.330693702751562
 20
9.816940015278638
 10
10.380693432861692
 20
9.817104298309358
  0
LWPOLYLINE
  5
1F8
330
17
100
AcDbEntity
  8
WALLS
100
AcDbPolyline
 90
5
 70
0
 10
10.380228201845677
 20
9.956892122133178
 10
10.379790999608565
 20
10.117624986811974
 10
10.329791184575024
 20
10.117488984563577
 10
10.330228386812136
 20
9.956756119884782
 10
10.380228201845677
 20
9.956892122133178
  0
LWPOLYLINE
  5
1F9
330
17
100
AcDbEntity
  8
WALLS
100
AcDbPolyline
 90
5
 70
0
 10
10.379852562658098
 20
10.096608416898425
 10
10.37934532978705
 20
10.258289543953515
 10
10.329345575842463
 20
10.258132682610407
 10
10.329852808713511
 20
10.096451555555317
 10
10.379852562658098
 20
10.096608416898425
  0
LWPOLYLINE
  5
1FA
330
17
100
AcDbEntity
  8
WALLS
100
AcDbPolyline
 90
5
 70
0
 10
10.379412890765627
 20
10.237250712141632
 10
10.378884006016042
 20
10.39822187079814
 10
10.328884275890909
 20
10.398057592333805
 10
10.329413160640494
 20
10.237086433677296
 10
10.379412890765627
 20
10.237250712141632
  0
LWPOLYLINE
  5
1FB
330
17
100
AcDbEntity
  8
WALLS
100
AcDbPolyline
 90
5
 70
0
 10
10.37895143266666
 20
10.377265174791384
 10
10.378446610570801
 20
10.537577659440041
 10
10.328446858472098
 20
10.537420210818981
 10
10.328951680567958
 20
10.377107726170324
 10
10.37895143266666
 20
10.377265174791384
  0
LWPOLYLINE
  5
1FC
330
17
100
AcDbEntity
  8
WALLS
100
AcDbPolyline
 90
5
 70
0
 10
10.378508100558971
 20
10.51659924445934
 10
10.378070564547418
 20
10.677789204306233
 10
10.328070748747255
 20
10.677653484190635
 10
10.328508284758808
 20
10.516463524343742
 10
10.378508100558971
 20
10.51659924445934
  0
LWPOLYLINE
  5
1FD
330
17
100
AcDbEntity
  8
WALLS
100
AcDbPolyline
 90
5
 70
0
 10
10.378133533714962
 20
10.656775662788846
 10
10.377604894301733
 20
10.818009650555737
 10
10.327605163047973
 20
10.817845715960075
 10
10.328133802461203
 20
10.656611728193184
 10
10.378133533714962
 20
10.656775662788846
  0
LWPOLYLINE
  5
1FE
330
17
100
AcDbEntity
  8
WALLS
100
AcDbPolyline
 90
5
 70
0
 10
10.377673918944232
 20
10.796981538366555
 10
10.377144170982252
 20
10.958181505498832
 10
10.327144440970699
 20
10.9580171924686
 10
10.32767418893268
 20
10.796817225336323
 10
10.377673918944232
 20
10.796981538366555
  0
LWPOLYLINE
  5
1FF
330
17
100
AcDbEntity
  8
WALLS
100
AcDbPolyline
 90
5
 70
0
 10
10.377210137944736
 20
10.93722190221248
 10
10.37672872886035
 20
11.097295625096335
 10
10.326728954973351
 20
11.097145254723655
 10
10.327210364057738
 20
10.9370715318398
 10
10.377210137944736
 20
10.93722190221248
  0
LWPOLYLINE
  5
200
330
17
100
AcDbEntity
  8
WALLS
100
AcDbPolyline
 90
5
 70
0
 10
10.376790171766219
 20
11.07630988004145
 10
10.376329634079609
 20
11.237956866898546
 10
10.326329837003174
 20
11.237814415799864
 10
10.326790374689784
 20
11.076167428942767
 10
10.376790171766219
 20
11.07630988004145
  0
LWPOLYLINE
  5
201
330
17
100
AcDbEntity
  8
WALLS
100
AcDbPolyline
 90
5
 70
0
 10
10.376394087460632
 20
11.216940138502997
 10
10.37586582656525
 20
11.3777170312362
 10
10.325866096454853
 20
11.377552748286407
 10
10.326394357350235
 20
11.216775855553204
 10
10.376394087460632
 20
11.216940138502997
  0
LWPOLYLINE
  5
202
330
17
100
AcDbEntity
  8
WALLS
100
AcDbPolyline
 90
5
 70
0
 10
10.3759348227885
 20
11.35671776484918
 10
10.375405141663235
 20
11.517929602321374
 10
10.325405411543814
 20
11.51776532211883
 10
10.325935092669079
 20
11.356553484646636
 10
10.3759348227885
 20
11.35671776484918
  0
LWPOLYLINE
  5
203
330
17
100
AcDbEntity
  8
WALLS
100
AcDbPolyline
 90
5
 70
0
 10
10.375469675848716
 20
11.496952360142839
 10
10.375010327614092
 20
11.657230694027128
 10
10.32501053295326
 20
11.657087397569942
 10
10.325469881187885
 20
11.496809063685653
 10
10.375469675848716
 20
11.496952360142839
  0
LWPOLYLINE
  5
204
330
17
100
AcDbEntity
  8
WALLS
100
AcDbPolyline
 90
5
 70
0
 10
10.37507185840315
 20
11.63622300799297
 10
10.374587593734898
 20
11.798110604720003
 10
10.324587817439806
 20
11.797961037207918
 10
10.325072082108058
 20
11.636073440480883
 10
10.37507185840315
 20
11.63622300799297
  0
LWPOLYLINE
  5
205
330
17
100
AcDbEntity
  8
WALLS
100
AcDbPolyline
 90
5
 70
0
 10
10.374633029441103
 20
11.777219762262384
 10
10.374421985542906
 20
11.935024392084394
 10
10.324422030257114
 20
11.934957523415932
 10
10.324633074155312
 20
11.777152893593922
 10
10.374633029441103
 20
11.777219762262384
  0
LWPOLYLINE
  5
206
330
17
100
AcDbEntity
  8
WALLS
100
AcDbPolyline
 90
5
 70
0
 10
10.374400929356248
 20
11.914003573480288
 10
10.374933128048333
 20
12.076751982325257
 10
10.324933395380135
 20
12.076915484951916
 10
10.32440119668805
 20
11.914167076106947
 10
10.374400929356248
 20
11.914003573480288
  0
LWPOLYLINE
  5
207
330
17
100
AcDbEntity
  8
WALLS
100
AcDbPolyline
 90
5
 70
0
 10
10.37505486365247
 20
12.055113906744838
 10
10.372621295992465
 20
12.23071476542673
 10
10.322626096763981
 20
12.230021906058552
 10
10.325059664423987
 20
12.054421047376659
 10
10.37505486365247
 20
12.055113906744838
  0
LWPOLYLINE
  5
208
330
17
100
AcDbEntity
  8
WALLS
100
AcDbPolyline
 90
5
 70
0
 10
10.37356431909182
 20
12.208026513589553
 10
10.36072508215707
 20
12.40051271416984
 10
10.31083594167702
 20
12.39718500292008
 10
10.323675178611769
 20
12.204698802339793
 10
10.37356431909182
 20
12.208026513589553
  0
LWPOLYLINE
  5
209
330
17
100
AcDbEntity
  8
WALLS
100
AcDbPolyline
 90
5
 70
0
 10
10.363469077508089
 20
12.376548805057618
 10
10.330381786552323
 20
12.585851986911534
 10
10.28099507205161
 20
12.578044783133931
 10
10.314082363007376
 20
12.368741601280016
 10
10.363469077508089
 20
12.376548805057618
  0
LWPOLYLINE
  5
20A
330
17
100
AcDbEntity
  8
WALLS
100
AcDbPolyline
 90
5
 70
0
 10
10.335580561702765
 20
12.561592719851593
 10
10.280201459762631
 20
12.765075016270252
 10
10.231956289686584
 20
12.751944762490023
 10
10.287335391626717
 20
12.548462466071364
 10
10.335580561702765
 20
12.561592719851593
  0
LWPOLYLINE
  5
20B
330
17
100
AcDbEntity
  8
WALLS
100
AcDbPolyline
 90
5
 70
0
 10
10.287763493634987
 20
12.741899889973197
 10
10.215063239728448
 20
12.930793509912835
 10
10.168400004844212
 20
12.912834041375632
 10
10.241100258750752
 20
12.723940421435994
 10
10.287763493634987
 20
12.741899889973197
  0
LWPOLYLINE
  5
20C
330
17
100
AcDbEntity
  8
WALLS
100
AcDbPolyline
 90
5
 70
0
 10
10.22424740471017
 20
12.909148220824697
 10
10.145443301459988
 20
13.077205539423115
 10
10.100173174502316
 20
13.055977830992006
 10
10.178977277752498
 20
12.887920512393588
 10
10.22424740471017
 20
12.909148220824697
  0
LWPOLYLINE
  5
20D
330
17
100
AcDbEntity
  8
WALLS
100
AcDbPolyline
 90
5
 70
0
 10
10.15677409741533
 20
13.056013748302432
 10
10.044627442204497
 20
13.245439525627786
 10
10.001602344004965
 20
13.219967169534941
 10
10.113748999215797
 20
13.030541392209587
 10
10.15677409741533
 20
13.056013748302432
  0
LWPOLYLINE
  5
20E
330
17
100
AcDbEntity
  8
WALLS
100
AcDbPolyline
 90
5
 70
0
 10
10.059823237209224
 20
13.223656226137615
 10
9.908154986426569
 20
13.412777315141943
 10
9.869148938129777
 20
13.381495879812524
 10
10.020817188912433
 20
13.192374790808197
 10
10.059823237209224
 20
13.223656226137615
  0
LWPOLYLINE
  5
20F
330
17
100
AcDbEntity
  8
WALLS
100
AcDbPolyline
 90
5
 70
0
 10
9.926755547857498
 20
13.393227826024956
 10
9.748098095649238
 20
13.551207329662516
 10
9.714976885750273
 20
13.513750882222473
 10
9.893634337958533
 20
13.355771378584913
 10
9.926755547857498
 20
13.393227826024956
  0
LWPOLYLINE
  5
210
330
17
100
AcDbEntity
  8
WALLS
100
AcDbPolyline
 90
5
 70
0
 10
9.769657553910834
 20
13.535497469415597
 10
9.56018300509559
 20
13.660449172454998
 10
9.53456879185041
 20
13.617508375072669
 10
9.744043340665653
 20
13.492556672033269
 10
9.769657553910834
 20
13.535497469415597
  0
LWPOLYLINE
  5
211
330
17
100
AcDbEntity
  8
WALLS
100
AcDbPolyline
 90
5
 70
0
 10
9.58462573519857
 20
13.648756655807523
 10
9.35599318209219
 20
13.733377446051309
 10
9.338637913239525
 20
13.686486139361778
 10
9.567270466345905
 20
13.601865349117991
 10
9.58462573519857
 20
13.648756655807523
  0
LWPOLYLINE
  5
212
330
17
100
AcDbEntity
  8
WALLS
100
AcDbPolyline
 90
5
 70
0
 10
9.381265751105133
 20
13.726104995113664
 10
9.164385484620347
 20
13.769408517159425
 10
9.154595445514559
 20
13.720376332481328
 10
9.371475711999345
 20
13.677072810435567
 10
9.381265751105133
 20
13.726104995113664
  0
LWPOLYLINE
  5
213
330
17
100
AcDbEntity
  8
WALLS
100
AcDbPolyline
 90
5
 70
0
 10
9.189094968447455
 20
13.765830846172575
 10
8.984889035494946
 20
13.783394759966265
 10
8.980604315618068
 20
13.733578686500197
 10
9.184810248570576
 20
13.716014772706506
 10
9.189094968447455
 20
13.765830846172575
  0
LWPOLYLINE
  5
214
330
17
100
AcDbEntity
  8
WALLS
100
AcDbPolyline
 90
5
 70
0
 10
9.007942297862197
 20
13.782068125910747
 10
8.834851652221598
 20
13.786149516851264
 10
8.83367300481802
 20
13.736163410878724
 10
9.00676365045862
 20
13.732082019938208
 10
9.007942297862197
 20
13.782068125910747
  0
LWPOLYLINE
  5
215
330
17
100
AcDbEntity
  8
WALLS
100
AcDbPolyline
 90
5
 70
0
 10
8.856507588545854
 20
13.785649448126588
 10
8.69715060496691
 20
13.78924477370601
 10
8.696022819160843
 20
13.739257494332396
 10
8.855379802739789
 20
13.735662168752974
 10
8.856507588545854
 20
13.785649448126588
  0
LWPOLYLINE
  5
216
330
17
100
AcDbEntity
  8
WALLS
100
AcDbPolyline
 90
5
 70
0
 10
8.719694185707098
 20
13.789416997369893
 10
8.513024223165456
 20
13.783099462643227
 10
8.514551921025173
 20
13.733122806700182
 10
8.721221883566816
 20
13.739440341426848
 10
8.719694185707098
 20
13.789416997369893
  0
LWPOLYLINE
  5
217
330
17
100
AcDbEntity
  8
WALLS
100
AcDbPolyline
 90
5
 70
0
 10
8.537516053426355
 20
13.785250438897616
 10
8.32589575182201
 20
13.754876859870372
 10
8.332999388831144
 20
13.705384048864708
 10
8.54461969043549
 20
13.735757627891953
 10
8.537516053426355
 20
13.785250438897616
  0
LWPOLYLINE
  5
218
330
17
100
AcDbEntity
  8
WALLS
100
AcDbPolyline
 90
5
 70
0
 10
8.350914672587608
 20
13.760179335089898
 10
8.130966480196102
 20
13.699204820770419
 10
8.14432381836915
 20
13.651022028023103
 10
8.364272010760656
 20
13.711996542342582
 10
8.350914672587608
 20
13.760179335089898
  0
LWPOLYLINE
  5
219
330
17
100
AcDbEntity
  8
WALLS
100
AcDbPolyline
 90
5
 70
0
 10
8.1553706627945
 20
13.70777449546762
 10
7.951712337805329
 20
13.619935346059398
 10
7.971514334787759
 20
13.574023681795206
 10
8.17517265977693
 20
13.661862831203427
 10
8.1553706627945
 20
13.70777449546762
  0
LWPOLYLINE
  5
21A
330
17
100
AcDbEntity
  8
WALLS
100
AcDbPolyline
 90
5
 70
0
 10
7.974669486285555
 20
13.631906485145848
 10
7.777545226850452
 20
13.51086184808791
 10
7.803708916145159
 20
13.468253616929012
 10
8.000833175580263
 20
13.58929825398695
 10
7.974669486285555
 20
13.631906485145848
  0
LWPOLYLINE
  5
21B
330
17
100
AcDbEntity
  8
WALLS
100
AcDbPolyline
 90
5
 70
0
 10
7.798528287302676
 20
13.525916586844016
 10
7.628301185862347
 20
13.383278986065466
 10
7.660414149149401
 20
13.344954612764337
 10
7.830641250589729
 20
13.487592213542886
 10
7.798528287302676
 20
13.525916586844016
  0
LWPOLYLINE
  5
21C
330
17
100
AcDbEntity
  8
WALLS
100
AcDbPolyline
 90
5
 70
0
 10
7.646538145862198
 20
13.40091202765614
 10
7.497997889317121
 20
13.235343081724466
 10
7.535215283646046
 20
13.201953479160714
 10
7.6837555401911235
 20
13.367522425092389
 10
7.646538145862198
 20
13.40091202765614
  0
LWPOLYLINE
  5
21D
330
17
100
AcDbEntity
  8
WALLS
100
AcDbPolyline
 90
5
 70
0
 10
7.513817198608273
 20
13.255430104755952
 10
7.3892150170189685
 20
13.074136359458372
 10
7.4304210673048585
 20
13.045815670557204
 10
7.555023248894163
 20
13.227109415854784
 10
7.513817198608273
 20
13.255430104755952
  0
LWPOLYLINE
  5
21E
330
17
100
AcDbEntity
  8
WALLS
100
AcDbPolyline
 90
5
 70
0
 10
7.402499103061616
 20
13.095468463338792
 10
7.304285606208986
 20
12.918805337889877
 10
7.347986398988964
 20
12.894510467846976
 10
7.446199895841594
 20
13.07117359329589
 10
7.402499103061616
 20
13.095468463338792
  0
LWPOLYLINE
  5
21F
330
17
100
AcDbEntity
  8
WALLS
100
AcDbPolyline
 90
5
 70
0
 10
7.314967048643916
 20
12.941136791535119
 10
7.23006355570898
 20
12.735285559804353
 10
7.276286288373998
 20
12.716220959494404
 10
7.361189781308934
 20
12.922072191225169
 10
7.314967048643916
 20
12.941136791535119
  0
LWPOLYLINE
  5
220
330
17
100
AcDbEntity
  8
WALLS
100
AcDbPolyline
 90
5
 70
0
 10
7.238078717502232
 20
12.75959572314359
 10
7.182763527601537
 20
12.540274310685408
 10
7.231245330093394
 20
12.528046685112933
 10
7.286560519994088
 20
12.747368097571115
 10
7.238078717502232
 20
12.75959572314359
  0
LWPOLYLINE
  5
221
330
17
100
AcDbEntity
  8
WALLS
100
AcDbPolyline
 90
5
 70
0
 10
7.187399620030981
 20
12.565150925694821
 10
7.162604321181834
 20
12.353991326724808
 10
7.212263132999563
 20
12.348160168276317
 10
7.23705843184871
 20
12.55931976724633
 10
7.187399620030981
 20
12.565150925694821
  0
LWPOLYLINE
  5
222
330
17
100
AcDbEntity
  8
WALLS
100
AcDbPolyline
 90
5
 70
0
 10
7.164406255860726
 20
12.378059784206732
 10
7.159102280826797
 20
12.18604905798505
 10
7.20908321553236
 20
12.184668418293365
 10
7.214387190566288
 20
12.376679144515046
 10
7.164406255860726
 20
12.378059784206732
  0
LWPOLYLINE
  5
223
330
17
100
AcDbEntity
  8
WALLS
100
AcDbPolyline
 90
5
 70
0
 10
7.159306382268545
 20
12.208563704836383
 10
7.161363197421409
 20
12.040085481966258
 10
7.21135947183666
 20
12.040695846279533
 10
7.209302656683796
 20
12.209174069149658
 10
7.159306382268545
 20
12.208563704836383
  0
LWPOLYLINE
  5
224
330
17
100
AcDbEntity
  8
WALLS
100
AcDbPolyline
 90
5
 70
0
 10
7.161088882093442
 20
12.061234510382478
 10
7.163246125439442
 20
11.904820699091287
 10
7.2132413707064265
 20
11.905510228419251
 10
7.211084127360427
 20
12.061924039710442
 10
7.161088882093442
 20
12.061234510382478
  0
LWPOLYLINE
  5
225
330
17
100
AcDbEntity
  8
WALLS
100
AcDbPolyline
 90
5
 70
0
 10
7.163054135811
 20
11.925623525669392
 10
7.163808590673262
 20
11.766529236386708
 10
7.213808028474317
 20
11.766766343068094
 10
7.213053573612055
 20
11.925860632350778
 10
7.163054135811
 20
11.925623525669392
  0
LWPOLYLINE
  5
226
330
17
100
AcDbEntity
  8
WALLS
100
AcDbPolyline
 90
5
 70
0
 10
7.163717310924473
 20
11.787422272281628
 10
7.164361235314936
 20
11.626441174666002
 10
7.214360835319735
 20
11.626641173066023
 10
7.213716910929272
 20
11.787622270681648
 10
7.163717310924473
 20
11.787422272281628
  0
LWPOLYLINE
  5
227
330
17
100
AcDbEntity
  8
WALLS
100
AcDbPolyline
 90
5
 70
0
 10
7.164269823141123
 20
11.64742081284468
 10
7.165028745231633
 20
11.486440290216978
 10
7.215028189608279
 20
11.486676006204425
 10
7.214269267517769
 20
11.647656528832128
 10
7.164269823141123
 20
11.64742081284468
  0
LWPOLYLINE
  5
228
330
17
100
AcDbEntity
  8
WALLS
100
AcDbPolyline
 90
5
 70
0
 10
7.164937177429668
 20
11.507455645983082
 10
7.16558110182013
 20
11.346474548367457
 10
7.215580701824929
 20
11.346674546767478
 10
7.214936777434468
 20
11.507655644383103
 10
7.164937177429668
 20
11.507455645983082
  0
LWPOLYLINE
  5
229
330
17
100
AcDbEntity
  8
WALLS
100
AcDbPolyline
 90
5
 70
0
 10
7.165489689646317
 20
11.367454186546134
 10
7.166248611736827
 20
11.206473663918441
 10
7.216248056113472
 20
11.206709379905888
 10
7.215489134022962
 20
11.36768990253358
 10
7.165489689646317
 20
11.367454186546134
  0
LWPOLYLINE
  5
22A
330
17
100
AcDbEntity
  8
WALLS
100
AcDbPolyline
 90
5
 70
0
 10
7.166157043934861
 20
11.227489019684546
 10
7.166800968325324
 20
11.06650792206891
 10
7.2168005683301235
 20
11.06670792046893
 10
7.2161566439396605
 20
11.227689018084567
 10
7.166157043934861
 20
11.227489019684546
  0
LWPOLYLINE
  5
22B
330
17
100
AcDbEntity
  8
WALLS
100
AcDbPolyline
 90
5
 70
0
 10
7.166709556151512
 20
11.087487560247588
 10
7.167468478242022
 20
10.926507037619889
 10
7.217467922618668
 20
10.926742753607336
 10
7.216709000528158
 20
11.087723276235035
 10
7.166709556151512
 20
11.087487560247588
  0
LWPOLYLINE
  5
22C
330
17
100
AcDbEntity
  8
WALLS
100
AcDbPolyline
 90
5
 70
0
 10
7.167376910440056
 20
10.94752239338599
 10
7.168020834830519
 20
10.786541295770375
 10
7.218020434835318
 20
10.786741294170396
 10
7.217376510444855
 20
10.94772239178601
 10
7.167376910440056
 20
10.94752239338599
  0
LWPOLYLINE
  5
22D
330
17
100
AcDbEntity
  8
WALLS
100
AcDbPolyline
 90
5
 70
0
 10
7.167929350974809
 20
10.807537684613866
 10
7.168689370935541
 20
10.64630058409104
 10
7.218688815475517
 20
10.646536265430836
 10
7.217928795514785
 20
10.807773365953661
 10
7.167929350974809
 20
10.807537684613866
  0
LWPOLYLINE
  5
22E
330
17
100
AcDbEntity
  8
WALLS
100
AcDbPolyline
 90
5
 70
0
 10
7.168597803170719
 20
10.66731593366369
 10
7.169240629690961
 20
10.506591413943177
 10
7.219240229784798
 20
10.506791390082459
 10
7.218597403264557
 20
10.667515909802972
 10
7.168597803170719
 20
10.66731593366369
  0
LWPOLYLINE
  5
22F
330
17
100
AcDbEntity
  8
WALLS
100
AcDbPolyline
 90
5
 70
0
 10
7.169150725629952
 20
10.52760507372869
 10
7.1698873395985645
 20
10.365907040297966
 10
7.2198868207941365
 20
10.36613481249464
 10
7.219150206825524
 20
10.527832845925364
 10
7.169150725629952
 20
10.52760507372869
  0
LWPOLYLINE
  5
230
330
17
100
AcDbEntity
  8
WALLS
100
AcDbPolyline
 90
5
 70
0
 10
7.169795806224656
 20
10.386914496648824
 10
7.170462038737018
 20
10.226650909836223
 10
7.220461606704626
 20
10.226858763275963
 10
7.219795374192264
 20
10.387122350088564
 10
7.169795806224656
 20
10.386914496648824
  0
LWPOLYLINE
  5
231
330
17
100
AcDbEntity
  8
WALLS
100
AcDbPolyline
 90
5
 70
0
 10
7.1703765777030215
 20
10.24760557764488
 10
7.171020502093483
 20
10.086624480029265
 10
7.221020102098282
 20
10.086824478429286
 10
7.220376177707821
 20
10.2478055760449
 10
7.1703765777030215
 20
10.24760557764488
  0
LWPOLYLINE
  5
232
330
17
100
AcDbEntity
  8
WALLS
100
AcDbPolyline
 90
5
 70
0
 10
7.17092908991967
 20
10.107604118207941
 10
7.17168801201018
 20
9.946623595580228
 10
7.221687456386825
 20
9.946859311567675
 10
7.220928534296315
 20
10.107839834195389
 10
7.17092908991967
 20
10.107604118207941
  0
LWPOLYLINE
  5
233
330
17
100
AcDbEntity
  8
WALLS
100
AcDbPolyline
 90
5
 70
0
 10
7.171596444208214
 20
9.967638951346332
 10
7.172240368598677
 20
9.80665785373071
 10
7.222239968603477
 20
9.806857852130731
 10
7.221596044213014
 20
9.967838949746353
 10
7.171596444208214
 20
9.967638951346332
  0
LWPOLYLINE
  5
234
330
17
100
AcDbEntity
  8
WALLS
100
AcDbPolyline
 90
5
 70
0
 10
7.172148926762519
 20
9.82763742027896
 10
7.172908308841054
 20
9.66665690064532
 10
7.222907752543952
 20
9.666892759503094
 10
7.222148370465417
 20
9.827873279136734
 10
7.172148926762519
 20
9.82763742027896
  0
LWPOLYLINE
  5
235
330
17
100
AcDbEntity
  8
WALLS
100
AcDbPolyline
 90
5
 70
0
 10
7.172816710702994
 20
9.687672327651322
 10
7.173460635093457
 20
9.526691230035711
 10
7.223460235098257
 20
9.526891228435732
 10
7.222816310707794
 20
9.687872326051343
 10
7.172816710702994
 20
9.687672327651322
  0
LWPOLYLINE
  5
236
330
17
100
AcDbEntity
  8
WALLS
100
AcDbPolyline
 90
5
 70
0
 10
7.173369215623308
 20
9.547672678167281
 10
7.174128249378197
 20
9.386664448065137
 10
7.224127693782598
 20
9.3869001581652
 10
7.223368660027709
 20
9.547908388267345
 10
7.173369215623308
 20
9.547672678167281
  0
LWPOLYLINE
  5
237
330
17
100
AcDbEntity
  8
WALLS
100
AcDbPolyline
 90
5
 70
0
 10
7.174036681589589
 20
9.407679801017164
 10
7.174680494315673
 20
9.246726410875969
 10
7.22468009432151
 20
9.246926409016762
 10
7.224036281595426
 20
9.407879799157957
 10
7.174036681589589
 20
9.407679801017164
  0
LWPOLYLINE
  5
238
330
17
100
AcDbEntity
  8
WALLS
100
AcDbPolyline
 90
5
 70
0
 10
7.174589128964282
 20
9.267736557897194
 10
7.175347411918301
 20
9.10626750829373
 10
7.225346860581688
 20
9.10650231322833
 10
7.224588577627669
 20
9.267971362831794
 10
7.174589128964282
 20
9.267736557897194
  0
LWPOLYLINE
  5
239
330
17
100
AcDbEntity
  8
WALLS
100
AcDbPolyline
 90
5
 70
0
 10
7.175255847878733
 20
9.127282004592297
 10
7.175900411405688
 20
8.966789433952437
 10
7.225900008172432
 20
8.966990240234685
 10
7.2252554446454775
 20
9.127482810874545
 10
7.175255847878733
 20
9.127282004592297
  0
LWPOLYLINE
  5
23A
330
17
100
AcDbEntity
  8
WALLS
100
AcDbPolyline
 90
5
 70
0
 10
7.175811812598945
 20
8.987805143902586
 10
7.176526406541684
 20
8.825904411594122
 10
7.226525919512823
 20
8.826125098360633
 10
7.225811325570084
 20
8.988025830669097
 10
7.175811812598945
 20
8.987805143902586
  0
LWPOLYLINE
  5
23B
330
17
100
AcDbEntity
  8
WALLS
100
AcDbPolyline
 90
5
 70
0
 10
7.1764349041549265
 20
8.846904754392982
 10
7.177123156693162
 20
8.686843866458128
 10
7.227122694462037
 20
8.687058861571701
 10
7.226434441923801
 20
8.847119749506556
 10
7.1764349041549265
 20
8.846904754392982
  0
LWPOLYLINE
  5
23C
330
17
100
AcDbEntity
  8
WALLS
100
AcDbPolyline
 90
5
 70
0
 10
7.786066671417133
 20
7.290397513415249
 10
7.901652784344423
 20
7.1762799300094295
 10
7.936781373633847
 20
7.211860573827871
 10
7.821195260706558
 20
7.325978157233691
 10
7.786066671417133
 20
7.290397513415249
  0
LWPOLYLINE
  5
23D
330
17
100
AcDbEntity
  8
WALLS
100
AcDbPolyline
 90
5
 70
0
 10
7.887481467673912
 20
7.190532800280627
 10
7.983756709871078
 20
7.091578497328049
 10
8.019593842702681
 20
7.126445385781279
 10
7.9233186005055165
 20
7.225399688733857
 10
7.887481467673912
 20
7.190532800280627
  0
LWPOLYLINE
  5
23E
330
17
100
AcDbEntity
  8
WALLS
100
AcDbPolyline
 90
5
 70
0
 10
7.971997203313712
 20
7.1045883978383255
 10
8.034018769219738
 20
7.0287311213593515
 10
8.072727505413482
 20
7.060379719152666
 10
8.010705939507456
 20
7.13623699563164
 10
7.971997203313712
 20
7.1045883978383255
  0
LWPOLYLINE
  5
23F
330
17
100
AcDbEntity
  8
WALLS
100
AcDbPolyline
 90
5
 70
0
 10
8.025485764940035
 20
7.040977342805555
 10
8.055172396141112
 20
6.9869909816227596
 10
8.09898520214116
 20
7.011083263175201
 10
8.069298570940083
 20
7.065069624357997
 10
8.025485764940035
 20
7.040977342805555
  0
LWPOLYLINE
  5
240
330
17
100
AcDbEntity
  8
WALLS
100
AcDbPolyline
 90
5
 70
0
 10
8.05037922284634
 20
6.99857837416755
 10
8.057725464204529
 20
6.968538426827087
 10
8.106294242112478
 20
6.980415876575591
 10
8.098948000754289
 20
7.010455823916053
 10
8.05037922284634
 20
6.99857837416755
  0
LWPOLYLINE
  5
241
330
17
100
AcDbEntity
  8
WALLS
100
AcDbPolyline
 90
5
 70
0
 10
8.05649135507951
 20
6.981931911566141
 10
8.057104957805608
 20
6.89496108776018
 10
8.107103713430861
 20
6.895313842527935
 10
8.106490110704764
 20
6.982284666333896
 10
8.05649135507951
 20
6.981931911566141
  0
LWPOLYLINE
  5
242
330
17
100
AcDbEntity
  8
WALLS
100
AcDbPolyline
 90
5
 70
0
 10
8.058095534981142
 20
6.911067355738361
 10
8.044890063308966
 20
6.7984065198915715
 10
8.094550082271773
 20
6.792585650831583
 10
8.10775555394395
 20
6.905246486678372
 10
8.058095534981142
 20
6.911067355738361
  0
LWPOLYLINE
  5
243
330
17
100
AcDbEntity
  8
WALLS
100
AcDbPolyline
 90
5
 70
0
 10
8.04773818786803
 20
6.815820620749115
 10
8.022629670094526
 20
6.694569778894653
 10
8.071590916823423
 20
6.684430926950178
 10
8.096699434596927
 20
6.805681768804639
 10
8.04773818786803
 20
6.815820620749115
  0
LWPOLYLINE
  5
244
330
17
100
AcDbEntity
  8
WALLS
100
AcDbPolyline
 90
5
 70
0
 10
8.027033746155215
 20
6.7124282473235635
 10
7.991336939384862
 20
6.587212190555521
 10
8.039421163280707
 20
6.5735042580952925
 10
8.07511797005106
 20
6.698720314863335
 10
8.027033746155215
 20
6.7124282473235635
  0
LWPOLYLINE
  5
245
330
17
100
AcDbEntity
  8
WALLS
100
AcDbPolyline
 90
5
 70
0
 10
7.997053969438898
 20
6.605190282127592
 10
7.951934578399772
 20
6.4763155384347515
 10
7.999125985380083
 20
6.459793701151365
 10
8.044245376419209
 20
6.588668444844205
 10
7.997053969438898
 20
6.605190282127592
  0
LWPOLYLINE
  5
246
330
17
100
AcDbEntity
  8
WALLS
100
AcDbPolyline
 90
5
 70
0
 10
7.958763207756734
 20
6.494264736414435
 10
7.906445924549207
 20
6.367030445827345
 10
7.9526892042390696
 20
6.348015738795018
 10
8.005006487446597
 20
6.475250029382108
 10
7.958763207756734
 20
6.494264736414435
  0
LWPOLYLINE
  5
247
330
17
100
AcDbEntity
  8
WALLS
100
AcDbPolyline
 90
5
 70
0
 10
7.914141176139827
 20
6.384502608129994
 10
7.856150996687592
 20
6.2612769124327325
 10
7.901391703108358
 20
6.239986574658284
 10
7.959381882560592
 20
6.363212270355545
 10
7.914141176139827
 20
6.384502608129994
  0
LWPOLYLINE
  5
248
330
17
100
AcDbEntity
  8
WALLS
100
AcDbPolyline
 90
5
 70
0
 10
7.864721825294462
 20
6.278405140231326
 10
7.799472522108121
 20
6.155355230623419
 10
7.843646286441918
 20
6.131931342291585
 10
7.908895589628259
 20
6.254981251899492
 10
7.864721825294462
 20
6.278405140231326
  0
LWPOLYLINE
  5
249
330
17
100
AcDbEntity
  8
WALLS
100
AcDbPolyline
 90
5
 70
0
 10
7.48968380416008
 20
5.85339174462513
 10
7.377276354383751
 20
5.8391951623295615
 10
7.383541373710052
 20
5.789589219814163
 10
7.495948823486382
 20
5.803785802109731
 10
7.48968380416008
 20
5.85339174462513
  0
LWPOLYLINE
  5
24A
330
17
100
AcDbEntity
  8
WALLS
100
AcDbPolyline
 90
5
 70
0
 10
7.395176365832011
 20
5.840706815804281
 10
7.262636358100631
 20
5.834298544795133
 10
7.265051022900982
 20
5.784356884891783
 10
7.397591030632363
 20
5.790765155900931
 10
7.395176365832011
 20
5.840706815804281
  0
LWPOLYLINE
  5
24B
330
17
100
AcDbEntity
  8
WALLS
100
AcDbPolyline
 90
5
 70
0
 10
7.2823613178990625
 20
5.834898701027277
 10
7.125135120365798
 20
5.832507526018811
 10
7.125895457560326
 20
5.782513307479557
 10
7.28312165509359
 20
5.784904482488023
 10
7.2823613178990625
 20
5.834898701027277
  0
LWPOLYLINE
  5
24C
330
17
100
AcDbEntity
  8
WALLS
100
AcDbPolyline
 90
5
 70
0
 10
7.145932075369073
 20
5.832797606381437
 10
6.9852271442950435
 20
5.830754223194587
 10
6.985862849127452
 20
5.780758264564254
 10
7.146567780201481
 20
5.7828016477511035
 10
7.145932075369073
 20
5.832797606381437
  0
LWPOLYLINE
  5
24D
330
17
100
AcDbEntity
  8
WALLS
100
AcDbPolyline
 90
5
 70
0
 10
7.006218596899465
 20
5.831021118367822
 10
6.845055089665613
 20
5.828972115276324
 10
6.84569072906847
 20
5.778976155814087
 10
7.006854236302321
 20
5.781025158905585
 10
7.006218596899465
 20
5.831021118367822
  0
LWPOLYLINE
  5
24E
330
17
100
AcDbEntity
  8
WALLS
100
AcDbPolyline
 90
5
 70
0
 10
6.866100839798068
 20
5.8292439779973355
 10
6.7044068278729005
 20
5.827122404036236
 10
6.705062817335937
 20
5.777126707443185
 10
6.866756829261104
 20
5.779248281404285
 10
6.866100839798068
 20
5.8292439779973355
  0
LWPOLYLINE
  5
24F
330
17
100
AcDbEntity
  8
WALLS
100
AcDbPolyline
 90
5
 70
0
 10
6.7299835040225755
 20
5.828694462783509
 10
6.470009306002554
 20
5.805186504986039
 10
6.474512144463439
 20
5.755389673301733
 10
6.734486342483461
 20
5.778897631099203
 10
6.7299835040225755
 20
5.828694462783509
  0
LWPOLYLINE
  5
250
330
17
100
AcDbEntity
  8
WALLS
100
AcDbPolyline
 90
5
 70
0
 10
6.499825127104556
 20
5.81484385808797
 10
6.168678184085188
 20
5.652826942603287
 10
6.1906521378689465
 20
5.607914301230181
 10
6.521799080888314
 20
5.769931216714864
 10
6.499825127104556
 20
5.81484385808797
  0
LWPOLYLINE
  5
251
330
17
100
AcDbEntity
  8
WALLS
100
AcDbPolyline
 90
5
 70
0
 10
6.196826365301884
 20
5.678181524857025
 10
5.9508593586424565
 20
5.327015732076789
 10
5.991812682559623
 20
5.2983308011872845
 10
6.2377796892190505
 20
5.649496593967521
 10
6.196826365301884
 20
5.678181524857025
  0
LWPOLYLINE
  5
252
330
17
100
AcDbEntity
  8
WALLS
100
AcDbPolyline
 90
5
 70
0
 10
5.965861269265996
 20
5.359345257732136
 10
5.917251741668122
 20
5.055413046176153
 10
5.966624270545686
 20
5.047516629758939
 10
6.0152337981435595
 20
5.351448841314922
 10
5.965861269265996
 20
5.359345257732136
  0
LWPOLYLINE
  5
253
330
17
100
AcDbEntity
  8
WALLS
100
AcDbPolyline
 90
5
 70
0
 10
5.920116314136752
 20
5.082151948249636
 10
5.919991892543971
 20
4.915835240546936
 10
5.969991878552621
 20
4.915797835538238
 10
5.970116300145403
 20
5.082114543240938
 10
5.920116314136752
 20
5.082151948249636
  0
LWPOLYLINE
  5
254
330
17
100
AcDbEntity
  8
WALLS
100
AcDbPolyline
 90
5
 70
0
 10
5.919999999999999
 20
4.9371621310748885
 10
5.919999999999999
 20
4.7761797456156305
 10
5.97
 20
4.7761797456156305
 10
5.97
 20
4.9371621310748885
 10
5.919999999999999
 20
4.9371621310748885
  0
LWPOLYLINE
  5
255
330
17
100
AcDbEntity
  8
WALLS
100
AcDbPolyline
 90
5
 70
0
 10
5.919999999999999
 20
4.797177448066838
 10
5.919999999999999
 20
4.636195062607586
 10
5.97
 20
4.636195062607586
 10
5.97
 20
4.797177448066838
 10
5.919999999999999
 20
4.797177448066838
  0
LWPOLYLINE
  5
256
330
17
100
AcDbEntity
  8
WALLS
100
AcDbPolyline
 90
5
 70
0
 10
5.919999999999999
 20
4.6571927650587925
 10
5.919999999999999
 20
4.496210379599538
 10
5.97
 20
4.496210379599538
 10
5.97
 20
4.6571927650587925
 10
5.919999999999999
 20
4.6571927650587925
  0
LWPOLYLINE
  5
257
330
17
100
AcDbEntity
  8
WALLS
100
AcDbPolyline
 90
5
 70
0
 10
5.919999999999999
 20
4.517208082050745
 10
5.919999999999999
 20
4.356225696591492
 10
5.97
 20
4.356225696591492
 10
5.97
 20
4.517208082050745
 10
5.919999999999999
 20
4.517208082050745
  0
LWPOLYLINE
  5
258
330
17
100
AcDbEntity
  8
WALLS
100
AcDbPolyline
 90
5
 70
0
 10
5.919999999999999
 20
4.377223399042699
 10
5.919999999999999
 20
4.216241013583441
 10
5.97
 20
4.216241013583441
 10
5.97
 20
4.377223399042699
 10
5.919999999999999
 20
4.377223399042699
  0
LWPOLYLINE
  5
259
330
17
100
AcDbEntity
  8
WALLS
100
AcDbPolyline
 90
5
 70
0
 10
5.919999999999999
 20
4.237238716034649
 10
5.919999999999999
 20
4.0762563305753945
 10
5.97
 20
4.0762563305753945
 10
5.97
 20
4.237238716034649
 10
5.919999999999999
 20
4.237238716034649
  0
LWPOLYLINE
  5
25A
330
17
100
AcDbEntity
  8
WALLS
100
AcDbPolyline
 90
5
 70
0
 10
5.920041176295182
 20
4.096697741671892
 10
5.919413128417384
 20
3.945841039679812
 10
5.969412695115427
 20
3.9456328810674277
 10
5.970040742993225
 20
4.096489583059507
 10
5.920041176295182
 20
4.096697741671892
  0
LWPOLYLINE
  5
25B
330
17
100
AcDbEntity
  8
WALLS
100
AcDbPolyline
 90
5
 70
0
 10
5.920155110662987
 20
3.963426083615
 10
5.911609156346327
 20
3.884118901050169
 10
5.961321367535052
 20
3.8787620308139625
 10
5.969867321851711
 20
3.9580692133787934
 10
5.920155110662987
 20
3.963426083615
  0
LWPOLYLINE
  5
25C
330
17
100
AcDbEntity
  8
WALLS
100
AcDbPolyline
 90
5
 70
0
 10
5.914324032430117
 20
3.8981276887290703
 10
5.894034558996386
 20
3.8277446399162884
 10
5.942078160767582
 20
3.813895007110663
 10
5.962367634201313
 20
3.884278055923445
 10
5.914324032430117
 20
3.8981276887290703
  0
LWPOLYLINE
  5
25D
330
17
100
AcDbEntity
  8
WALLS
100
AcDbPolyline
 90
5
 70
0
 10
5.898879904507067
 20
3.8401470854034003
 10
5.87377234849757
 20
3.792301322547902
 10
5.918046610913913
 20
3.76906794811609
 10
5.943154166923409
 20
3.8169137109715883
 10
5.898879904507067
 20
3.8401470854034003
  0
LWPOLYLINE
  5
25E
330
17
100
AcDbEntity
  8
WALLS
100
AcDbPolyline
 90
5
 70
0
 10
5.880488091609411
 20
3.8021683583128034
 10
5.861731408683232
 20
3.7820584007820157
 10
5.898295607345762
 20
3.7479547444360026
 10
5.917052290271942
 20
3.7680647019667903
 10
5.880488091609411
 20
3.8021683583128034
  0
LWPOLYLINE
  5
25F
330
17
100
AcDbEntity
  8
WALLS
100
AcDbPolyline
 90
5
 70
0
 10
5.873397216130149
 20
3.790064445216052
 10
5.864878141780169
 20
3.787027328823925
 10
5.881668433019671
 20
3.7399307671650024
 10
5.890187507369651
 20
3.7429678835571294
 10
5.873397216130149
 20
3.790064445216052
  0
LWPOLYLINE
  5
260
330
17
100
AcDbEntity
  8
WALLS
100
AcDbPolyline
 90
5
 70
0
 10
5.874968563749003
 20
3.7886685047157487
 10
5.860682284927317
 20
3.7887873539287122
 10
5.860266343512412
 20
3.738789084031251
 10
5.874552622334098
 20
3.7386702348182874
 10
5.874968563749003
 20
3.7886685047157487
  0
LWPOLYLINE
  5
261
330
17
100
AcDbEntity
  8
WALLS
100
AcDbPolyline
 90
5
 70
0
 10
5.871522977368416
 20
3.788801449550529
 10
5.715603452217902
 20
3.7884789114145234
 10
5.715706882960651
 20
3.7384790183938237
 10
5.871626408111165
 20
3.7388015565298294
 10
5.871522977368416
 20
3.788801449550529
  0
LWPOLYLINE
  5
262
330
17
100
AcDbEntity
  8
WALLS
100
AcDbPolyline
 90
5
 70
0
 10
5.73632268349861
 20
3.7885
 10
5.575340298039356
 20
3.7885
 10
5.575340298039356
 20
3.7385
 10
5.73632268349861
 20
3.7385
 10
5.73632268349861
 20
3.7885
  0
LWPOLYLINE
  5
263
330
17
100
AcDbEntity
  8
WALLS
100
AcDbPolyline
 90
5
 70
0
 10
5.596338000490563
 20
3.7885
 10
5.435355615031305
 20
3.7885
 10
5.435355615031305
 20
3.7385
 10
5.596338000490563
 20
3.7385
 10
5.596338000490563
 20
3.7885
  0
LWPOLYLINE
  5
264
330
17
100
AcDbEntity
  8
WALLS
100
AcDbPolyline
 90
5
 70
0
 10
5.456353317482513
 20
3.7885
 10
5.2953709320232605
 20
3.7885
 10
5.2953709320232605
 20
3.7385
 10
5.456353317482513
 20
3.7385
 10
5.456353317482513
 20
3.7885
  0
LWPOLYLINE
  5
265
330
17
100
AcDbEntity
  8
WALLS
100
AcDbPolyline
 90
5
 70
0
 10
5.316368634474467
 20
3.7885
 10
5.155386249015213
 20
3.7885
 10
5.155386249015213
 20
3.7385
 10
5.316368634474467
 20
3.7385
 10
5.316368634474467
 20
3.7885
  0
LWPOLYLINE
  5
266
330
17
100
AcDbEntity
  8
WALLS
100
AcDbPolyline
 90
5
 70
0
 10
5.17638395146642
 20
3.7885
 10
5.015401566007164
 20
3.7885
 10
5.015401566007164
 20
3.7385
 10
5.17638395146642
 20
3.7385
 10
5.17638395146642
 20
3.7885
  0
LWPOLYLINE
  5
267
330
17
100
AcDbEntity
  8
WALLS
100
AcDbPolyline
 90
5
 70
0
 10
5.0363992684583705
 20
3.7885
 10
4.875416882999116
 20
3.7885
 10
4.875416882999116
 20
3.7385
 10
5.0363992684583705
 20
3.7385
 10
5.0363992684583705
 20
3.7885
  0
LWPOLYLINE
  5
268
330
17
100
AcDbEntity
  8
WALLS
100
AcDbPolyline
 90
5
 70
0
 10
4.896357651400696
 20
3.788500053780399
 10
4.73624628038177
 20
3.788499229142535
 10
4.7362465379018515
 20
3.7384992291431978
 10
4.896357908920778
 20
3.7385000537810615
 10
4.896357651400696
 20
3.788500053780399
  0
LWPOLYLINE
  5
269
330
17
100
AcDbEntity
  8
WALLS
100
AcDbPolyline
 90
5
 70
0
 10
4.755509747115857
 20
3.788210992658881
 10
4.633410806880001
 20
3.7924054526049376
 10
4.6316941715303575
 20
3.7424349296631436
 10
4.753793111766214
 20
3.7382404697170872
 10
4.755509747115857
 20
3.788210992658881
  0
LWPOLYLINE
  5
26A
330
17
100
AcDbEntity
  8
WALLS
100
AcDbPolyline
 90
5
 70
0
 10
4.650181361976093
 20
3.7909442925519556
 10
4.560855354088375
 20
3.8048306131094316
 10
4.553174775693099
 20
3.755424047599228
 10
4.642500783580818
 20
3.7415377270417522
 10
4.650181361976093
 20
3.7909442925519556
  0
LWPOLYLINE
  5
26B
330
17
100
AcDbEntity
  8
WALLS
100
AcDbPolyline
 90
5
 70
0
 10
4.575310867998843
 20
3.8014646344528864
 10
4.50199034471316
 20
3.825161853191663
 10
4.48661350343261
 20
3.7775850442167775
 10
4.559934026718292
 20
3.753887825478001
 10
4.575310867998843
 20
3.8014646344528864
  0
LWPOLYLINE
  5
26C
330
17
100
AcDbEntity
  8
WALLS
100
AcDbPolyline
 90
5
 70
0
 10
4.515265093709397
 20
3.8194013291766704
 10
4.455622245061033
 20
3.853077132520601
 10
4.431038954301146
 20
3.8095379339127393
 10
4.49068180294951
 20
3.7758621305688087
 10
4.515265093709397
 20
3.8194013291766704
  0
LWPOLYLINE
  5
26D
330
17
100
AcDbEntity
  8
WALLS
100
AcDbPolyline
 90
5
 70
0
 10
4.467461394323725
 20
3.8445379964422632
 10
4.413106762535532
 20
3.8933095295168365
 10
4.379714409828943
 20
3.856094602663237
 10
4.434069041617136
 20
3.8073230695886635
 10
4.467461394323725
 20
3.8445379964422632
  0
LWPOLYLINE
  5
26E
330
17
100
AcDbEntity
  8
WALLS
100
AcDbPolyline
 90
5
 70
0
 10
4.4232439652849225
 20
3.8823158649566785
 10
4.368330060239919
 20
3.952667474746151
 10
4.328915719882358
 20
3.9219020757697307
 10
4.383829624927361
 20
3.851550465980258
 10
4.4232439652849225
 20
3.8823158649566785
  0
LWPOLYLINE
  5
26F
330
17
100
AcDbEntity
  8
WALLS
100
AcDbPolyline
 90
5
 70
0
 10
4.37745459919173
 20
3.9391985652601655
 10
4.319061577279293
 20
4.0366027327081015
 10
4.276177323403863
 20
4.010893964368338
 10
4.3345703453163
 20
3.9134897969204023
 10
4.37745459919173
 20
3.9391985652601655
  0
LWPOLYLINE
  5
270
330
17
100
AcDbEntity
  8
WALLS
100
AcDbPolyline
 90
5
 70
0
 10
4.328083746291938
 20
4.020634086215691
 10
4.256776634742955
 20
4.152896247507569
 10
4.212765451554596
 20
4.1291682944909125
 10
4.284072563103578
 20
3.9969061331990345
 10
4.328083746291938
 20
4.020634086215691
  0
LWPOLYLINE
  5
271
330
17
100
AcDbEntity
  8
WALLS
100
AcDbPolyline
 90
5
 70
0
 10
4.266239298344173
 20
4.13468301407185
 10
4.197816702107788
 20
4.271368346200223
 10
4.153105805775953
 20
4.248986752217579
 10
4.221528402012337
 20
4.1123014200892065
 10
4.266239298344173
 20
4.13468301407185
  0
LWPOLYLINE
  5
272
330
17
100
AcDbEntity
  8
WALLS
100
AcDbPolyline
 90
5
 70
0
 10
4.206756689045
 20
4.253057546337626
 10
4.141446534614713
 20
4.3902819287414445
 10
4.0962990666693235
 20
4.36879458041458
 10
4.161609221099611
 20
4.231570198010761
 10
4.206756689045
 20
4.253057546337626
  0
LWPOLYLINE
  5
273
330
17
100
AcDbEntity
  8
WALLS
100
AcDbPolyline
 90
5
 70
0
 10
4.1499800305706795
 20
4.371992543168915
 10
4.086927479955914
 20
4.509880961169101
 10
4.041455981626207
 20
4.48908810567373
 10
4.104508532240972
 20
4.351199687673544
 10
4.1499800305706795
 20
4.371992543168915
  0
LWPOLYLINE
  5
274
330
17
100
AcDbEntity
  8
WALLS
100
AcDbPolyline
 90
5
 70
0
 10
4.09523230975846
 20
4.491389662351822
 10
4.0330519189898
 20
4.632342025328602
 10
3.987305492539795
 20
4.612161230818617
 10
4.049485883308455
 20
4.471208867841837
 10
4.09523230975846
 20
4.491389662351822
  0
LWPOLYLINE
  5
275
330
17
100
AcDbEntity
  8
WALLS
100
AcDbPolyline
 90
5
 70
0
 10
4.041328324190508
 20
4.613219441977329
 10
3.9786960638740196
 20
4.760647687175498
 10
3.9326767380337055
 20
4.741097197432196
 10
3.995308998350194
 20
4.593668952234027
 10
4.041328324190508
 20
4.613219441977329
  0
LWPOLYLINE
  5
276
330
17
100
AcDbEntity
  8
WALLS
100
AcDbPolyline
 90
5
 70
0
 10
3.9867441586788885
 20
4.741448156312809
 10
3.9274156273842147
 20
4.884968794030603
 10
3.881208041274749
 20
4.865867511719293
 10
3.940536572569423
 20
4.7223468740014996
 10
3.9867441586788885
 20
4.741448156312809
  0
LWPOLYLINE
  5
277
330
17
100
AcDbEntity
  8
WALLS
100
AcDbPolyline
 90
5
 70
0
 10
3.9351737892289576
 20
4.866023899806608
 10
3.876502543467195
 20
5.010650604350802
 10
3.8301699089364742
 20
4.991854674540265
 10
3.8888411546982367
 20
4.847227969996071
 10
3.9351737892289576
 20
4.866023899806608
  0
LWPOLYLINE
  5
278
330
17
100
AcDbEntity
  8
WALLS
100
AcDbPolyline
 90
5
 70
0
 10
3.8842566299950727
 20
4.991325315740677
 10
3.825106192067249
 20
5.14034261996638
 10
3.778633430179414
 20
5.121895874927849
 10
3.8377838681072376
 20
4.972878570702146
 10
3.8842566299950727
 20
4.991325315740677
  0
LWPOLYLINE
  5
279
330
17
100
AcDbEntity
  8
WALLS
100
AcDbPolyline
 90
5
 70
0
 10
3.832764405231354
 20
5.120866376198432
 10
3.7754001240973305
 20
5.26816726460266
 10
3.7288085079328313
 20
5.2500228080613365
 10
3.7861727890668546
 20
5.1027219196571085
 10
3.832764405231354
 20
5.120866376198432
  0
LWPOLYLINE
  5
27A
330
17
100
AcDbEntity
  8
WALLS
100
AcDbPolyline
 90
5
 70
0
 10
3.782883903144451
 20
5.248860551202046
 10
3.7259325512978294
 20
5.396472054868706
 10
3.679284111775695
 20
5.378474191380231
 10
3.7362354636223167
 20
5.2308626877135715
 10
3.782883903144451
 20
5.248860551202046
  0
LWPOLYLINE
  5
27B
330
17
100
AcDbEntity
  8
WALLS
100
AcDbPolyline
 90
5
 70
0
 10
3.7334204197813468
 20
5.376964645779284
 10
3.676025776646114
 20
5.527247595200802
 10
3.6293162951545788
 20
5.509408751662279
 10
3.6867109382898113
 20
5.359125802240761
 10
3.7334204197813468
 20
5.376964645779284
  0
LWPOLYLINE
  5
27C
330
17
100
AcDbEntity
  8
WALLS
100
AcDbPolyline
 90
5
 70
0
 10
3.683483200530034
 20
5.507614091512892
 10
3.627026634136869
 20
5.657072446022843
 10
3.5802524626420666
 20
5.639403918042991
 10
3.6367090290352317
 20
5.489945563533039
 10
3.683483200530034
 20
5.507614091512892
  0
LWPOLYLINE
  5
27D
330
17
100
AcDbEntity
  8
WALLS
100
AcDbPolyline
 90
5
 70
0
 10
3.634398119341194
 20
5.637538464649124
 10
3.57791371757906
 20
5.787366713723761
 10
3.5311280063045594
 20
5.769728765415097
 10
3.5876124080666933
 20
5.61990051634046
 10
3.634398119341194
 20
5.637538464649124
  0
LWPOLYLINE
  5
27E
330
17
100
AcDbEntity
  8
WALLS
100
AcDbPolyline
 90
5
 70
0
 10
3.585327329342366
 20
5.767688165415746
 10
3.5281971807070667
 20
5.9194361918457625
 10
3.4814035350882264
 20
5.90181930421774
 10
3.538533683723526
 20
5.750071277787723
 10
3.585327329342366
 20
5.767688165415746
  0
LWPOLYLINE
  5
27F
330
17
100
AcDbEntity
  8
WALLS
100
AcDbPolyline
 90
5
 70
0
 10
3.53561641538049
 20
5.899760322621062
 10
3.478843994851922
 20
6.050082810745049
 10
3.4320687367336955
 20
6.032417159668079
 10
3.4888411572622635
 20
5.882094671544093
 10
3.53561641538049
 20
5.899760322621062
  0
LWPOLYLINE
  5
280
330
17
100
AcDbEntity
  8
WALLS
100
AcDbPolyline
 90
5
 70
0
 10
3.486285421103405
 20
6.0304463591023065
 10
3.428651026830745
 20
6.182020833135203
 10
3.3819155442271036
 20
6.16425022071456
 10
3.4395499384997636
 20
6.012675746681664
 10
3.486285421103405
 20
6.0304463591023065
  0
LWPOLYLINE
  5
281
330
17
100
AcDbEntity
  8
WALLS
100
AcDbPolyline
 90
5
 70
0
 10
3.4361943090071163
 20
6.162263800580132
 10
3.377792649695447
 20
6.314605861351807
 10
3.331105740163106
 20
6.296708026892884
 10
3.389507399474775
 20
6.144365966121209
 10
3.4361943090071163
 20
6.162263800580132
  0
LWPOLYLINE
  5
282
330
17
100
AcDbEntity
  8
WALLS
100
AcDbPolyline
 90
5
 70
0
 10
3.3854287530828375
 20
6.2948141933533135
 10
3.326151906651939
 20
6.447477701436857
 10
3.2795421606590653
 20
6.42937986790685
 10
3.3388190070899637
 20
6.276716359823307
 10
3.3854287530828375
 20
6.2948141933533135
  0
LWPOLYLINE
  5
283
330
17
100
AcDbEntity
  8
WALLS
100
AcDbPolyline
 90
5
 70
0
 10
3.3338846458535647
 20
6.427802964641726
 10
3.2734376141183192
 20
6.579757979608585
 10
3.2269785477438653
 20
6.56127676883618
 10
3.2874255794791107
 20
6.409321753869321
 10
3.3338846458535647
 20
6.427802964641726
  0
LWPOLYLINE
  5
284
330
17
100
AcDbEntity
  8
WALLS
100
AcDbPolyline
 90
5
 70
0
 10
3.281410444597779
 20
6.559995983837217
 10
3.2182260626397596
 20
6.714482626164195
 10
3.1719471718750727
 20
6.6955547559831565
 10
3.2351315538330923
 20
6.541068113656179
 10
3.281410444597779
 20
6.559995983837217
  0
LWPOLYLINE
  5
285
330
17
100
AcDbEntity
  8
WALLS
100
AcDbPolyline
 90
5
 70
0
 10
3.226509734181593
 20
6.694589337731425
 10
3.160820159805528
 20
6.84959464429135
 10
3.1147835724355337
 20
6.830084835903647
 10
3.1804731468115985
 20
6.675079529343722
 10
3.226509734181593
 20
6.694589337731425
  0
LWPOLYLINE
  5
286
330
17
100
AcDbEntity
  8
WALLS
100
AcDbPolyline
 90
5
 70
0
 10
3.169485854198201
 20
6.8297110118991915
 10
3.099224973088865
 20
6.986649205265304
 10
3.053589665040316
 20
6.9662183790628704
 10
3.1238505461496517
 20
6.809280185696758
 10
3.169485854198201
 20
6.8297110118991915
  0
LWPOLYLINE
  5
287
330
17
100
AcDbEntity
  8
WALLS
100
AcDbPolyline
 90
5
 70
0
 10
3.108476525105889
 20
6.966715148288894
 10
3.032540764500335
 20
7.124786055743885
 10
2.987471479597941
 20
7.10313519990891
 10
3.063407240203495
 20
6.945064292453918
 10
3.108476525105889
 20
6.966715148288894
  0
LWPOLYLINE
  5
288
330
17
100
AcDbEntity
  8
WALLS
100
AcDbPolyline
 90
5
 70
0
 10
3.042699615273653
 20
7.104772578653216
 10
2.9554958652033303
 20
7.268117007945116
 10
2.911387945364198
 20
7.244569366715797
 10
2.998591695434521
 20
7.0812249374238965
 10
3.042699615273653
 20
7.104772578653216
  0
LWPOLYLINE
  5
289
330
17
100
AcDbEntity
  8
WALLS
100
AcDbPolyline
 90
5
 70
0
 10
2.9668301060510283
 20
7.248251465934257
 10
2.8696249140092505
 20
7.40812758091801
 10
2.826901852750214
 20
7.3821518222831495
 10
2.9241070447919917
 20
7.222275707299397
 10
2.9668301060510283
 20
7.248251465934257
  0
LWPOLYLINE
  5
28A
330
17
100
AcDbEntity
  8
WALLS
100
AcDbPolyline
 90
5
 70
0
 10
2.8819852947614
 20
7.388884679337972
 10
2.7793073654279596
 20
7.540180066987233
 10
2.7379352541483484
 20
7.512102524212491
 10
2.8406131834817887
 20
7.3608071365632295
 10
2.8819852947614
 20
7.388884679337972
  0
LWPOLYLINE
  5
28B
330
17
100
AcDbEntity
  8
WALLS
100
AcDbPolyline
 90
5
 70
0
 10
2.7926917627511694
 20
7.5215965077497975
 10
2.677876347782713
 20
7.672298165508903
 10
2.638104138939539
 20
7.641996822242722
 10
2.7529195539079954
 20
7.491295164483616
 10
2.7926917627511694
 20
7.5215965077497975
  0
LWPOLYLINE
  5
28C
330
17
100
AcDbEntity
  8
WALLS
100
AcDbPolyline
 90
5
 70
0
 10
2.693009107612263
 20
7.654016729848576
 10
2.5568678854355396
 20
7.806562858893524
 10
2.519563631343507
 20
7.773270327799643
 10
2.6557048535202306
 20
7.6207241987546945
 10
2.693009107612263
 20
7.654016729848576
  0
LWPOLYLINE
  5
28D
330
17
100
AcDbEntity
  8
WALLS
100
AcDbPolyline
 90
5
 70
0
 10
2.5748267112724603
 20
7.788820829056505
 10
2.4034825385618346
 20
7.94028382779865
 10
2.37036742343344
 20
7.90282199188484
 10
2.541711596144066
 20
7.751358993142695
 10
2.5748267112724603
 20
7.788820829056505
  0
LWPOLYLINE
  5
28E
330
17
100
AcDbEntity
  8
WALLS
100
AcDbPolyline
 90
5
 70
0
 10
2.425617375709471
 20
7.924244194102119
 10
2.2021341563101067
 20
8.059477735669226
 10
2.176248591944264
 20
8.016699966238576
 10
2.3997318113436283
 20
7.881466424671469
 10
2.425617375709471
 20
7.924244194102119
  0
LWPOLYLINE
  5
28F
330
17
100
AcDbEntity
  8
WALLS
100
AcDbPolyline
 90
5
 70
0
 10
2.229559872784824
 20
8.047960012358503
 10
1.9382909483269415
 20
8.130259213277048
 10
1.9246955349930455
 20
8.082143054491455
 10
2.2159644594509276
 20
7.9998438535729095
 10
2.229559872784824
 20
8.047960012358503
  0
LWPOLYLINE
  5
290
330
17
100
AcDbEntity
  8
WALLS
100
AcDbPolyline
 90
5
 70
0
 10
1.9683961339694902
 20
8.126426510754673
 10
1.6814193357111538
 20
8.117137544338412
 10
1.6830369062290582
 20
8.067163716532054
 10
1.9700137044873947
 20
8.076452682948315
 10
1.9683961339694902
 20
8.126426510754673
  0
LWPOLYLINE
  5
291
330
17
100
AcDbEntity
  8
WALLS
100
AcDbPolyline
 90
5
 70
0
 10
1.7101582421021388
 20
8.120858211142453
 10
1.4752425727178273
 20
8.061686956657644
 10
1.4874552610158462
 20
8.013201389273776
 10
1.7223709304001578
 20
8.072372643758586
 10
1.7101582421021388
 20
8.120858211142453
  0
LWPOLYLINE
  5
292
330
17
100
AcDbEntity
  8
WALLS
100
AcDbPolyline
 90
5
 70
0
 10
1.5024567808302918
 20
8.073556469740767
 10
1.2214475715734692
 20
7.910632619479175
 10
1.246526393034533
 20
7.867376952635118
 10
1.5275356022913555
 20
8.03030080289671
 10
1.5024567808302918
 20
8.073556469740767
  0
LWPOLYLINE
  5
293
330
17
100
AcDbEntity
  8
WALLS
100
AcDbPolyline
 90
5
 70
0
 10
1.2459875425581188
 20
7.929102522905428
 10
1.066864918359721
 20
7.743089874799097
 10
1.1028809935195576
 20
7.708407857411393
 10
1.2820036177179555
 20
7.894420505517724
 10
1.2459875425581188
 20
7.929102522905428
  0
LWPOLYLINE
  5
294
330
17
100
AcDbEntity
  8
WALLS
100
AcDbPolyline
 90
5
 70
0
 10
1.084066920289639
 20
7.764838782434709
 10
0.9520292837030605
 20
7.5570927376411285
 10
0.9942274759750148
 20
7.530272734490883
 10
1.1262651125615932
 20
7.738018779284464
 10
1.084066920289639
 20
7.764838782434709
  0
LWPOLYLINE
  5
295
330
17
100
AcDbEntity
  8
WALLS
100
AcDbPolyline
 90
5
 70
0
 10
0.9644323674436724
 20
7.58102823104773
 10
0.8747461779196329
 20
7.360624963034022
 10
0.92105870176827
 20
7.341779535610653
 10
1.0107448912923094
 20
7.562182803624362
 10
0.9644323674436724
 20
7.58102823104773
  0
LWPOLYLINE
  5
296
330
17
100
AcDbEntity
  8
WALLS
100
AcDbPolyline
 90
5
 70
0
 10
0.882706928143021
 20
7.386024466483954
 10
0.8312982408020041
 20
7.15614757029534
 10
0.8800929437949593
 20
7.145235331302847
 10
0.9315016311359762
 20
7.375112227491461
 10
0.882706928143021
 20
7.386024466483954
  0
LWPOLYLINE
  5
297
330
17
100
AcDbEntity
  8
WALLS
100
AcDbPolyline
 90
5
 70
0
 10
0.8349694178826125
 20
7.182650123474731
 10
0.8214597437997307
 20
6.944175223748487
 10
0.871379704991108
 20
6.941347243081759
 10
0.8848893790739897
 20
7.1798221428080025
 10
0.8349694178826125
 20
7.182650123474731
  0
LWPOLYLINE
  5
298
330
17
100
AcDbEntity
  8
WALLS
100
AcDbPolyline
 90
5
 70
0
 10
0.8208889117577056
 20
6.97079219952995
 10
0.8445405025740953
 20
6.740325068158856
 10
0.8942792691451522
 20
6.745429487811463
 10
0.8706276783287625
 20
6.975896619182557
 10
0.8208889117577056
 20
6.97079219952995
  0
LWPOLYLINE
  5
299
330
17
100
AcDbEntity
  8
WALLS
100
AcDbPolyline
 90
5
 70
0
 10
0.8398193039027421
 20
6.766249527708102
 10
0.8991887307598759
 20
6.5407458731863235
 10
0.9475410662814406
 20
6.553475824074289
 10
0.8881716394243068
 20
6.778979478596068
 10
0.8398193039027421
 20
6.766249527708102
  0
LWPOLYLINE
  5
29A
330
17
100
AcDbEntity
  8
WALLS
100
AcDbPolyline
 90
5
 70
0
 10
0.8908943994598348
 20
6.564874862355097
 10
0.9779473827890185
 20
6.364956735861174
 10
1.023789805668972
 20
6.3849185059353815
 10
0.9367368223397883
 20
6.584836632429305
 10
0.8908943994598348
 20
6.564874862355097
  0
LWPOLYLINE
  5
29B
330
17
100
AcDbEntity
  8
WALLS
100
AcDbPolyline
 90
5
 70
0
 10
0.9672575317645677
 20
6.386855688424787
 10
1.0599242230966264
 20
6.218871921970325
 10
1.1037046513305364
 20
6.243022990345357
 10
1.0110379599984778
 20
6.411006756799819
 10
0.9672575317645677
 20
6.386855688424787
  0
LWPOLYLINE
  5
29C
330
17
100
AcDbEntity
  8
WALLS
100
AcDbPolyline
 90
5
 70
0
 10
1.048225653218323
 20
6.238790486019222
 10
1.145656123148917
 20
6.0831321103466385
 10
1.188038409235609
 20
6.10966024307523
 10
1.090607939305015
 20
6.265318618747814
 10
1.048225653218323
 20
6.238790486019222
  0
LWPOLYLINE
  5
29D
330
17
100
AcDbEntity
  8
WALLS
100
AcDbPolyline
 90
5
 70
0
 10
1.1334830710365817
 20
6.101906248797607
 10
1.2296079234720805
 20
5.959062840153202
 10
1.271089967387866
 20
5.986977711325552
 10
1.1749651149523672
 20
6.129821119969956
 10
1.1334830710365817
 20
6.101906248797607
  0
LWPOLYLINE
  5
29E
330
17
100
AcDbEntity
  8
WALLS
100
AcDbPolyline
 90
5
 70
0
 10
1.2173941231365581
 20
5.97688046879427
 10
1.3123447122641638
 20
5.840982891696181
 10
1.35333147316885
 20
5.869620025465854
 10
1.2583808840412443
 20
6.005517602563942
 10
1.2173941231365581
 20
5.97688046879427
  0
LWPOLYLINE
  5
29F
330
17
100
AcDbEntity
  8
WALLS
100
AcDbPolyline
 90
5
 70
0
 10
1.3000949609923722
 20
5.858355460056417
 10
1.3948900514005682
 20
5.725156338177028
 10
1.4356268783876465
 20
5.754147904658073
 10
1.3408317879794505
 20
5.887347026537462
 10
1.3000949609923722
 20
5.858355460056417
  0
LWPOLYLINE
  5
2A0
330
17
100
AcDbEntity
  8
WALLS
100
AcDbPolyline
 90
5
 70
0
 10
1.3826908424687787
 20
5.742296007681716
 10
1.474972222521042
 20
5.6126560476834335
 10
1.5157061886159873
 20
5.641651633660885
 10
1.423424808563724
 20
5.771291593659168
 10
1.3826908424687787
 20
5.742296007681716
  0
LWPOLYLINE
  5
2A1
330
17
100
AcDbEntity
  8
WALLS
100
AcDbPolyline
 90
5
 70
0
 10
1.4630033942444862
 20
5.629570637071799
 10
1.5529892984700322
 20
5.501626887691435
 10
1.5938869275166356
 20
5.530391170028501
 10
1.5039010232910897
 20
5.6583349194088655
 10
1.4630033942444862
 20
5.629570637071799
  0
LWPOLYLINE
  5
2A2
330
17
100
AcDbEntity
  8
WALLS
100
AcDbPolyline
 90
5
 70
0
 10
1.541251292009416
 20
5.518553722495028
 10
1.6283309729001363
 20
5.3911598028222425
 10
1.6696091037658511
 20
5.419375328906881
 10
1.5825294228751308
 20
5.5467692485796665
 10
1.541251292009416
 20
5.518553722495028
  0
LWPOLYLINE
  5
2A3
330
17
100
AcDbEntity
  8
WALLS
100
AcDbPolyline
 90
5
 70
0
 10
1.6170021694648031
 20
5.408052250656764
 10
1.6998092992631213
 20
5.282128184725794
 10
1.7415858877791932
 20
5.309600291524488
 10
1.658778757980875
 20
5.435524357455458
 10
1.6170021694648031
 20
5.408052250656764
  0
LWPOLYLINE
  5
2A4
330
17
100
AcDbEntity
  8
WALLS
100
AcDbPolyline
 90
5
 70
0
 10
1.688988841589493
 20
5.2990825995656685
 10
1.7663987417920648
 20
5.1739681369473445
 10
1.8089183721770166
 20
5.200275569964024
 10
1.7315084719744447
 20
5.325390032582348
 10
1.688988841589493
 20
5.2990825995656685
  0
LWPOLYLINE
  5
2A5
330
17
100
AcDbEntity
  8
WALLS
100
AcDbPolyline
 90
5
 70
0
 10
1.7562824129291796
 20
5.190947345404728
 10
1.827334105374441
 20
5.066890349465604
 10
1.870721837922402
 20
5.091739990596748
 10
1.7996701454771407
 20
5.215796986535873
 10
1.7562824129291796
 20
5.190947345404728
  0
LWPOLYLINE
  5
2A6
330
17
100
AcDbEntity
  8
WALLS
100
AcDbPolyline
 90
5
 70
0
 10
1.8180494767810254
 20
5.083945113653435
 10
1.8813180494734068
 20
4.961284520172889
 10
1.9257550046250282
 20
4.984205188070067
 10
1.8624864319326468
 20
5.1068657815506135
 10
1.8180494767810254
 20
5.083945113653435
  0
LWPOLYLINE
  5
2A7
330
17
100
AcDbEntity
  8
WALLS
100
AcDbPolyline
 90
5
 70
0
 10
1.873110014205816
 20
4.978291939055236
 10
1.9266318437816807
 20
4.858990382874238
 10
1.9722513387378433
 20
4.87945649339736
 10
1.9187295091619785
 20
4.998758049578358
 10
1.873110014205816
 20
4.978291939055236
  0
LWPOLYLINE
  5
2A8
330
17
100
AcDbEntity
  8
WALLS
100
AcDbPolyline
 90
5
 70
0
 10
1.9196925872667587
 20
4.876032596083582
 10
1.9622220468569838
 20
4.759502718421827
 10
2.0091916258213263
 20
4.776645024331837
 10
1.9666621662311012
 20
4.893174901993592
 10
1.9196925872667587
 20
4.876032596083582
  0
LWPOLYLINE
  5
2A9
330
17
100
AcDbEntity
  8
WALLS
100
AcDbPolyline
 90
5
 70
0
 10
1.9568420123692858
 20
4.776667395419518
 10
1.9859278122696247
 20
4.66489368003455
 10
2.0343163394062462
 20
4.677485361477012
 10
2.0052305395059076
 20
4.78925907686198
 10
1.9568420123692858
 20
4.776667395419518
  0
LWPOLYLINE
  5
2AA
330
17
100
AcDbEntity
  8
WALLS
100
AcDbPolyline
 90
5
 70
0
 10
1.9822798668995134
 20
4.682563873555078
 10
2.001397127424335
 20
4.560579629847349
 10
2.0507941895935495
 20
4.568321092826062
 10
2.0316769290687278
 20
4.690305336533791
 10
1.9822798668995134
 20
4.682563873555078
  0
LWPOLYLINE
  5
2AB
330
17
100
AcDbEntity
  8
WALLS
100
AcDbPolyline
 90
5
 70
0
 10
1.9993409075926596
 20
4.578178443669965
 10
2.0082214434864523
 20
4.460756710903678
 10
2.0580790588296334
 20
4.464527412733767
 10
2.0491985229358405
 20
4.581949145500054
 10
1.9993409075926596
 20
4.578178443669965
  0
LWPOLYLINE
  5
2AC
330
17
100
AcDbEntity
  8
WALLS
100
AcDbPolyline
 90
5
 70
0
 10
2.0074746012473987
 20
4.479153460709808
 10
2.0089761174316765
 20
4.339285472892268
 10
2.0589732365471294
 20
4.3398222038819
 10
2.0574717203628516
 20
4.47969019169944
 10
2.0074746012473987
 20
4.479153460709808
  0
LWPOLYLINE
  5
2AD
330
17
100
AcDbEntity
  8
WALLS
100
AcDbPolyline
 90
5
 70
0
 10
2.0092406231902062
 20
4.358754141175518
 10
2.0039360358034486
 20
4.21872892715728
 10
2.0539001961673824
 20
4.216836130515513
 10
2.05920478355414
 20
4.35686134453375
 10
2.0092406231902062
 20
4.358754141175518
  0
LWPOLYLINE
  5
2AE
330
17
100
AcDbEntity
  8
WALLS
100
AcDbPolyline
 90
5
 70
0
 10
2.0050957036981982
 20
4.238315055033492
 10
1.9935630551020707
 20
4.094055933274233
 10
2.043404040891664
 20
4.090071446416236
 10
2.054936689487792
 20
4.234330568175495
 10
2.0050957036981982
 20
4.238315055033492
  0
LWPOLYLINE
  5
2AF
330
17
100
AcDbEntity
  8
WALLS
100
AcDbPolyline
 90
5
 70
0
 10
1.9954551126596642
 20
4.11387072093583
 10
1.9790827836382687
 20
3.965917113581691
 10
2.0287794340019163
 20
3.960417755197901
 10
2.045151763023312
 20
4.108371362552041
 10
1.9954551126596642
 20
4.11387072093583
  0
LWPOLYLINE
  5
2B0
330
17
100
AcDbEntity
  8
WALLS
100
AcDbPolyline
 90
5
 70
0
 10
1.9815332936248686
 20
3.985943885003995
 10
1.9613953284297463
 20
3.835525185292422
 10
2.010953171109305
 20
3.828890411072595
 10
2.0310911363044277
 20
3.9793091107841683
 10
1.9815332936248686
 20
3.985943885003995
  0
LWPOLYLINE
  5
2B1
330
17
100
AcDbEntity
  8
WALLS
100
AcDbPolyline
 90
5
 70
0
 10
1.9642766956312292
 20
3.855674637784524
 10
1.9411990738525795
 20
3.703888394814165
 10
1.9906309978214038
 20
3.6963727516121243
 10
2.0137086196000533
 20
3.8481589945824832
 10
1.9642766956312292
 20
3.855674637784524
  0
LWPOLYLINE
  5
2B2
330
17
100
AcDbEntity
  8
WALLS
100
AcDbPolyline
 90
5
 70
0
 10
1.9444132959833498
 20
3.7241577944763833
 10
1.9189653841720546
 20
3.569935977054257
 10
1.968298281304114
 20
3.5617956293615824
 10
1.9937461931154092
 20
3.7160174467837086
 10
1.9444132959833498
 20
3.7241577944763833
  0
LWPOLYLINE
  5
2B3
330
17
100
AcDbEntity
  8
WALLS
100
AcDbPolyline
 90
5
 70
0
 10
1.9224099190957367
 20
3.5904296853144837
 10
1.8954166097817786
 20
3.4326461176981313
 10
1.944700596343681
 20
3.4242147080552394
 10
1.971693905657639
 20
3.581998275671592
 10
1.9224099190957367
 20
3.5904296853144837
  0
LWPOLYLINE
  5
2B4
330
17
100
AcDbEntity
  8
WALLS
100
AcDbPolyline
 90
5
 70
0
 10
1.8989703125003463
 20
3.453363268459596
 10
1.87153064413793
 20
3.293816919475319
 10
1.9208071788726584
 20
3.2853420669965367
 10
1.9482468472350747
 20
3.4448884159808135
 10
1.8989703125003463
 20
3.453363268459596
  0
LWPOLYLINE
  5
2B5
330
17
100
AcDbEntity
  8
WALLS
100
AcDbPolyline
 90
5
 70
0
 10
1.875055079137991
 20
3.3147199244769197
 10
1.848039817427035
 20
3.1513011163221667
 10
1.8973702991277337
 20
3.1431461439017956
 10
1.9243855608386897
 20
3.3065649520565485
 10
1.875055079137991
 20
3.3147199244769197
  0
LWPOLYLINE
  5
2B6
330
17
100
AcDbEntity
  8
WALLS
100
AcDbPolyline
 90
5
 70
0
 10
1.8514062444377837
 20
3.1726125487740178
 10
1.8259582966622023
 20
3.003912536686584
 10
1.8753989516657343
 20
2.996454545481057
 10
1.9008468994413157
 20
3.1651545575684907
 10
1.8514062444377837
 20
3.1726125487740178
  0
LWPOLYLINE
  5
2B7
330
17
100
AcDbEntity
  8
WALLS
100
AcDbPolyline
 90
5
 70
0
 10
1.8289486753222062
 20
3.0256343567482125
 10
1.8072113582667964
 20
2.8515981409424134
 10
1.8568258557108845
 20
2.8454012349910087
 10
1.8785631727662944
 20
3.019437450796808
 10
1.8289486753222062
 20
3.0256343567482125
  0
LWPOLYLINE
  5
2B8
330
17
100
AcDbEntity
  8
WALLS
100
AcDbPolyline
 90
5
 70
0
 10
1.8094833911672843
 20
2.873937508203024
 10
1.794648147890937
 20
2.6884959886337856
 10
1.844488913490365
 20
2.684508748427469
 10
1.8593241567667123
 20
2.8699502679967073
 10
1.8094833911672843
 20
2.873937508203024
  0
LWPOLYLINE
  5
2B9
330
17
100
AcDbEntity
  8
WALLS
100
AcDbPolyline
 90
5
 70
0
 10
1.7956083313406144
 20
2.7120995385681295
 10
1.7945055121449334
 20
2.5071134094958194
 10
1.8445047885587493
 20
2.5068444148958
 10
1.8456076077544303
 20
2.71183054396811
 10
1.7956083313406144
 20
2.7120995385681295
  0
LWPOLYLINE
  5
2BA
330
17
100
AcDbEntity
  8
WALLS
100
AcDbPolyline
 90
5
 70
0
 10
1.7932218275094438
 20
2.5317788292392853
 10
1.8161477306219356
 20
2.315999501858313
 10
1.8658678871001897
 20
2.3212821186130954
 10
1.842941983987698
 20
2.537061445994068
 10
1.7932218275094438
 20
2.5317788292392853
  0
LWPOLYLINE
  5
2BB
330
17
100
AcDbEntity
  8
WALLS
100
AcDbPolyline
 90
5
 70
0
 10
1.8122691837898586
 20
2.3406036053582557
 10
1.8550912248010718
 20
2.139706331366029
 10
1.9039926561447356
 20
2.1501298630391688
 10
1.8611706151335223
 20
2.3510271370313953
 10
1.8122691837898586
 20
2.3406036053582557
  0
LWPOLYLINE
  5
2BC
330
17
100
AcDbEntity
  8
WALLS
100
AcDbPolyline
 90
5
 70
0
 10
1.8483836820743695
 20
2.1638078257618867
 10
1.9203296664954745
 20
1.951850183665554
 10
1.9676764408448495
 20
1.9679213677759224
 10
1.8957304564237445
 20
2.1798790098722547
 10
1.8483836820743695
 20
2.1638078257618867
  0
LWPOLYLINE
  5
2BD
330
17
100
AcDbEntity
  8
WALLS
100
AcDbPolyline
 90
5
 70
0
 10
1.909707096191594
 20
1.9760381721956544
 10
2.0256792355380546
 20
1.7594056900393327
 10
2.069760090873334
 20
1.783003956774629
 10
1.9537879515268732
 20
1.9996364389309507
 10
1.909707096191594
 20
1.9760381721956544
  0
LWPOLYLINE
  5
2BE
330
17
100
AcDbEntity
  8
WALLS
100
AcDbPolyline
 90
5
 70
0
 10
2.0103540038662184
 20
1.7822041879703991
 10
2.1713312263614406
 20
1.5865941940373156
 10
2.2099387152349554
 20
1.618366222661271
 10
2.0489614927397333
 20
1.8139762165943545
 10
2.0103540038662184
 20
1.7822041879703991
  0
LWPOLYLINE
  5
2BF
330
17
100
AcDbEntity
  8
WALLS
100
AcDbPolyline
 90
5
 70
0
 10
2.15184638720883
 20
1.6061148461871113
 10
2.3424220760539165
 20
1.4496905165824034
 10
2.374144515666526
 20
1.4883387613682189
 10
2.1835688268214395
 20
1.6447630909729267
 10
2.15184638720883
 20
1.6061148461871113
  0
LWPOLYLINE
  5
2C0
330
17
100
AcDbEntity
  8
WALLS
100
AcDbPolyline
 90
5
 70
0
 10
2.321445213403466
 20
1.464818191032404
 10
2.4961690243617003
 20
1.3582903261873003
 10
2.5221974284312996
 20
1.400981334392655
 10
2.3474736174730655
 20
1.5075091992377587
 10
2.321445213403466
 20
1.464818191032404
  0
LWPOLYLINE
  5
2C1
330
17
100
AcDbEntity
  8
WALLS
100
AcDbPolyline
 90
5
 70
0
 10
2.475020742883107
 20
1.3701752022411868
 10
2.6489164729231653
 20
1.2808150367169622
 10
2.6717693259066966
 20
1.325286905471413
 10
2.497873595866638
 20
1.4146470709956376
 10
2.475020742883107
 20
1.3701752022411868
  0
LWPOLYLINE
  5
2C2
330
17
100
AcDbEntity
  8
WALLS
100
AcDbPolyline
 90
5
 70
0
 10
2.626696313876903
 20
1.2905328652758705
 10
2.8343621450248913
 20
1.212819516965846
 10
2.8518864168155487
 20
1.2596479260591218
 10
2.6442205856675605
 20
1.3373612743691463
 10
2.626696313876903
 20
1.2905328652758705
  0
LWPOLYLINE
  5
2C3
330
17
100
AcDbEntity
  8
WALLS
100
AcDbPolyline
 90
5
 70
0
 10
2.8103247595084606
 20
1.2201913354579874
 10
3.016707518869698
 20
1.1710002170164473
 10
3.0283002238007097
 20
1.219637745658253
 10
2.8219174644394722
 20
1.2688288640997931
 10
2.8103247595084606
 20
1.2201913354579874
  0
LWPOLYLINE
  5
2C4
330
17
100
AcDbEntity
  8
WALLS
100
AcDbPolyline
 90
5
 70
0
 10
2.9922875963876927
 20
1.175509454746864
 10
3.1994062462051285
 20
1.1483638546483599
 10
3.2059038296855404
 20
1.1979398711171636
 10
2.9987851798681047
 20
1.2250854712156678
 10
2.9922875963876927
 20
1.175509454746864
  0
LWPOLYLINE
  5
2C5
330
17
100
AcDbEntity
  8
WALLS
100
AcDbPolyline
 90
5
 70
0
 10
3.175079202768993
 20
1.1504034460061772
 10
3.377261403762578
 20
1.143263572375413
 10
3.3790260066181705
 20
1.1932324244410952
 10
3.1768438056245856
 20
1.2003722980718594
 10
3.175079202768993
 20
1.1504034460061772
  0
LWPOLYLINE
  5
2C6
330
17
100
AcDbEntity
  8
WALLS
100
AcDbPolyline
 90
5
 70
0
 10
3.353222186619365
 20
1.1430392605864919
 10
3.553963151545692
 20
1.153944141172078
 10
3.55125099313294
 20
1.20387052895193
 10
3.350510028206613
 20
1.1929656483663438
 10
3.353222186619365
 20
1.1430392605864919
  0
LWPOLYLINE
  5
2C7
330
17
100
AcDbEntity
  8
WALLS
100
AcDbPolyline
 90
5
 70
0
 10
3.5300970697640306
 20
1.1515751087731694
 10
3.729344726814027
 20
1.1803733527374436
 10
3.7221923030111643
 20
1.2298591368955658
 10
3.522944645961168
 20
1.2010608929312916
 10
3.5300970697640306
 20
1.1515751087731694
  0
LWPOLYLINE
  5
2C8
330
17
100
AcDbEntity
  8
WALLS
100
AcDbPolyline
 90
5
 70
0
 10
3.705593779006799
 20
1.1757922597203765
 10
3.9054936228670227
 20
1.2239622144835798
 10
3.8937803771685875
 20
1.2725708544070347
 10
3.6938805333083637
 20
1.2244008996438314
 10
3.705593779006799
 20
1.1757922597203765
  0
LWPOLYLINE
  5
2C9
330
17
100
AcDbEntity
  8
WALLS
100
AcDbPolyline
 90
5
 70
0
 10
3.8804705872795546
 20
1.21574641480362
 10
4.116841874518796
 20
1.310310114277572
 10
4.098269769851887
 20
1.3567329203995786
 10
3.861898482612647
 20
1.2621692209256266
 10
3.8804705872795546
 20
1.21574641480362
  0
LWPOLYLINE
  5
2CA
330
17
100
AcDbEntity
  8
WALLS
100
AcDbPolyline
 90
5
 70
0
 10
4.092950075645199
 20
1.2983172174196183
 10
4.284857761242767
 20
1.4192133488549197
 10
4.25820677960521
 20
1.4615184924872788
 10
4.066299094007642
 20
1.3406223610519774
 10
4.092950075645199
 20
1.2983172174196183
  0
LWPOLYLINE
  5
2CB
330
17
100
AcDbEntity
  8
WALLS
100
AcDbPolyline
 90
5
 70
0
 10
4.264618536244328
 20
1.404980931276141
 10
4.417573280278674
 20
1.5268309498579835
 10
4.386418692599051
 20
1.5659383873413157
 10
4.2334639485647045
 20
1.4440883687594732
 10
4.264618536244328
 20
1.404980931276141
  0
LWPOLYLINE
  5
2CC
330
17
100
AcDbEntity
  8
WALLS
100
AcDbPolyline
 90
5
 70
0
 10
4.40006896196592
 20
1.5121439043613256
 10
4.53131941979177
 20
1.6287984223510226
 10
4.4981032250167585
 20
1.666170663448774
 10
4.366852767190909
 20
1.5495161454590771
 10
4.40006896196592
 20
1.5121439043613256
  0
LWPOLYLINE
  5
2CD
330
17
100
AcDbEntity
  8
WALLS
100
AcDbPolyline
 90
5
 70
0
 10
4.515293282518702
 20
1.614389403539029
 10
4.633207901844773
 20
1.7217597666554858
 10
4.599544188943905
 20
1.7587294087112042
 10
4.4816295696178345
 20
1.6513590455947473
 10
4.515293282518702
 20
1.614389403539029
  0
LWPOLYLINE
  5
2CE
330
17
100
AcDbEntity
  8
WALLS
100
AcDbPolyline
 90
5
 70
0
 10
4.618130157696628
 20
1.7083056894493582
 10
4.725300588852699
 20
1.8017883110123134
 10
4.692433444620015
 20
1.8394678920873195
 10
4.585263013463944
 20
1.7459852705243644
 10
4.618130157696628
 20
1.7083056894493582
  0
LWPOLYLINE
  5
2CF
330
17
100
AcDbEntity
  8
WALLS
100
AcDbPolyline
 90
5
 70
0
 10
4.710777458252056
 20
1.78970563004176
 10
4.811845584218065
 20
1.869497173564948
 10
4.780863150257699
 20
1.9087411385263466
 10
4.67979502429169
 20
1.8289495950031587
 10
4.710777458252056
 20
1.78970563004176
  0
LWPOLYLINE
  5
2D0
330
17
100
AcDbEntity
  8
WALLS
100
AcDbPolyline
 90
5
 70
0
 10
4.7973461083759625
 20
1.8590072754964249
 10
4.890725833360913
 20
1.9200115945985057
 10
4.863379587917236
 20
1.96187067796322
 10
4.769999862932285
 20
1.9008663588611392
 10
4.7973461083759625
 20
1.8590072754964249
  0
LWPOLYLINE
  5
2D1
330
17
100
AcDbEntity
  8
WALLS
100
AcDbPolyline
 90
5
 70
0
 10
4.876163119048802
 20
1.9117272972390633
 10
4.962335764036744
 20
1.953099900253602
 10
4.940695072873001
 20
1.9981740667567724
 10
4.854522427885059
 20
1.9568014637422337
 10
4.876163119048802
 20
1.9117272972390633
  0
LWPOLYLINE
  5
2D2
330
17
100
AcDbEntity
  8
WALLS
100
AcDbPolyline
 90
5
 70
0
 10
4.947483378192317
 20
1.9474043873409217
 10
5.027645352123574
 20
1.970119846136697
 10
5.014013612789659
 20
2.0182257260551872
 10
4.9338516388584015
 20
1.9955102672594118
 10
4.947483378192317
 20
1.9474043873409217
  0
LWPOLYLINE
  5
2D3
330
17
100
AcDbEntity
  8
WALLS
100
AcDbPolyline
 90
5
 70
0
 10
5.011762671902913
 20
1.9666802276018938
 10
5.134862427430468
 20
1.9876046260475064
 10
5.12648364904325
 20
2.0368975877432485
 10
5.003383893515695
 20
2.015973189297636
 10
5.011762671902913
 20
1.9666802276018938
  0
LWPOLYLINE
  5
2D4
330
17
100
AcDbEntity
  8
WALLS
100
AcDbPolyline
 90
5
 70
0
 10
5.116875336328482
 20
1.98523730609984
 10
5.241058205933863
 20
1.9968588562931504
 10
5.236399354298493
 20
2.0466413341487133
 10
5.112216484693112
 20
2.035019783955403
 10
5.116875336328482
 20
1.98523730609984
  0
LWPOLYLINE
  5
2D5
330
17
100
AcDbEntity
  8
WALLS
100
AcDbPolyline
 90
5
 70
0
 10
5.222675289624939
 20
1.9958735598411872
 10
5.350233100860145
 20
1.9977329379534883
 10
5.349504340863418
 20
2.0477276267600724
 10
5.2219465296282115
 20
2.0458682486477713
 10
5.222675289624939
 20
1.9958735598411872
  0
LWPOLYLINE
  5
2D6
330
17
100
AcDbEntity
  8
WALLS
100
AcDbPolyline
 90
5
 70
0
 10
5.33153046354489
 20
1.9981489601132878
 10
5.462925914006629
 20
1.9905151672276904
 10
5.465825916245159
 20
2.040430996250321
 10
5.33443046578342
 20
2.0480647891359185
 10
5.33153046354489
 20
1.9981489601132878
  0
LWPOLYLINE
  5
2D7
330
17
100
AcDbEntity
  8
WALLS
100
AcDbPolyline
 90
5
 70
0
 10
5.4439608983864405
 20
1.9921414826191848
 10
5.582923647467029
 20
1.9765756253055988
 10
5.588489567962156
 20
2.0262648648755697
 10
5.449526818881567
 20
2.0418307221891556
 10
5.4439608983864405
 20
1.9921414826191848
  0
LWPOLYLINE
  5
2D8
330
17
100
AcDbEntity
  8
WALLS
100
AcDbPolyline
 90
5
 70
0
 10
5.563496846277339
 20
1.9791309856399537
 10
5.708093581369484
 20
1.9573921934311145
 10
5.715527084569288
 20
2.006836536183127
 10
5.570930349477143
 20
2.0285753283919665
 10
5.563496846277339
 20
1.9791309856399537
  0
LWPOLYLINE
  5
2D9
330
17
100
AcDbEntity
  8
WALLS
100
AcDbPolyline
 90
5
 70
0
 10
5.688317021790831
 20
1.9606226488397622
 10
5.837517689879426
 20
1.9343682369386062
 10
5.846182911821656
 20
1.9836116520181055
 10
5.6969822437330615
 20
2.0098660639192616
 10
5.688317021790831
 20
1.9606226488397622
  0
LWPOLYLINE
  5
2DA
330
17
100
AcDbEntity
  8
WALLS
100
AcDbPolyline
 90
5
 70
0
 10
5.817386923581479
 20
1.9380918303777532
 10
5.97037440734745
 20
1.9084496185916784
 10
5.979885315991501
 20
1.9575367107520876
 10
5.82689783222553
 20
1.9871789225381624
 10
5.817386923581479
 20
1.9380918303777532
  0
LWPOLYLINE
  5
2DB
330
17
100
AcDbEntity
  8
WALLS
100
AcDbPolyline
 90
5
 70
0
 10
5.950127136355231
 20
1.912460770865301
 10
6.104461695840426
 20
1.8812198674887852
 10
6.114381662566586
 20
1.9302259309927219
 10
5.960047103081392
 20
1.9614668343692376
 10
5.950127136355231
 20
1.912460770865301
  0
LWPOLYLINE
  5
2DC
330
17
100
AcDbEntity
  8
WALLS
100
AcDbPolyline
 90
5
 70
0
 10
6.084034636590343
 20
1.885414750657698
 10
6.240815742965842
 20
1.8527651595043924
 10
6.251009523949469
 20
1.901714999435263
 10
6.09422841757397
 20
1.9343645905885685
 10
6.084034636590343
 20
1.885414750657698
  0
LWPOLYLINE
  5
2DD
330
17
100
AcDbEntity
  8
WALLS
100
AcDbPolyline
 90
5
 70
0
 10
6.2202785131900376
 20
1.857058982465746
 10
6.377809424049983
 20
1.823993762183124
 10
6.388080444945815
 20
1.872927453335104
 10
6.23054953408587
 20
1.905992673617726
 10
6.2202785131900376
 20
1.857058982465746
  0
LWPOLYLINE
  5
2DE
330
17
100
AcDbEntity
  8
WALLS
100
AcDbPolyline
 90
5
 70
0
 10
6.3581384607992195
 20
1.8282889826385238
 10
6.495758087527404
 20
1.796910857764152
 10
6.506873138717614
 20
1.845659761721462
 10
6.369253511989429
 20
1.877037886595834
 10
6.3581384607992195
 20
1.8282889826385238
  0
LWPOLYLINE
  5
2DF
330
17
100
AcDbEntity
  8
WALLS
100
AcDbPolyline
 90
5
 70
0
 10
6.477160168569565
 20
1.8017948297298338
 10
6.599360215904845
 20
1.764984628919311
 10
6.613781582306803
 20
1.8128597183824176
 10
6.491581534971523
 20
1.8496699191929404
 10
6.477160168569565
 20
1.8017948297298338
  0
LWPOLYLINE
  5
2E0
330
17
100
AcDbEntity
  8
WALLS
100
AcDbPolyline
 90
5
 70
0
 10
6.581487481992532
 20
1.7709631383540876
 10
6.712203985263793
 20
1.7231443125777253
 10
6.729381704193871
 20
1.7701009518565243
 10
6.5986652009226106
 20
1.8179197776328866
 10
6.581487481992532
 20
1.7709631383540876
  0
LWPOLYLINE
  5
2E1
330
17
100
AcDbEntity
  8
WALLS
100
AcDbPolyline
 90
5
 70
0
 10
6.693917535266588
 20
1.7302194826996613
 10
6.830750025723977
 20
1.6745139777479998
 10
6.849602949814293
 20
1.7208234503561475
 10
6.712770459356904
 20
1.776528955307809
 10
6.693917535266588
 20
1.7302194826996613
  0
LWPOLYLINE
  5
2E2
330
17
100
AcDbEntity
  8
WALLS
100
AcDbPolyline
 90
5
 70
0
 10
6.812231209792464
 20
1.6823215922151418
 10
6.950706214507787
 20
1.621954898375599
 10
6.9706870971777315
 20
1.667788994065706
 10
6.832212092462409
 20
1.7281556879052489
 10
6.812231209792464
 20
1.6823215922151418
  0
LWPOLYLINE
  5
2E3
330
17
100
AcDbEntity
  8
WALLS
100
AcDbPolyline
 90
5
 70
0
 10
6.932201891185034
 20
1.6301993028702284
 10
7.071873329512362
 20
1.5666403953484227
 10
7.092582887996162
 20
1.6121498909224903
 10
6.952911449668834
 20
1.675708798444296
 10
6.932201891185034
 20
1.6301993028702284
  0
LWPOLYLINE
  5
2E4
330
17
100
AcDbEntity
  8
WALLS
100
AcDbPolyline
 90
5
 70
0
 10
7.053249457237552
 20
1.5752299365028837
 10
7.19564588181704
 20
1.5086956938122802
 10
7.2168117244713095
 20
1.5539947788442616
 10
7.074415299891822
 20
1.620529021534865
 10
7.053249457237552
 20
1.5752299365028837
  0
LWPOLYLINE
  5
2E5
330
17
100
AcDbEntity
  8
WALLS
100
AcDbPolyline
 90
5
 70
0
 10
7.176802166113226
 20
1.5175846115555585
 10
7.3208207141278026
 20
1.4490117067212536
 10
7.342315513503519
 20
1.4941556276829706
 10
7.198296965488942
 20
1.5627285325172755
 10
7.176802166113226
 20
1.5175846115555585
  0
LWPOLYLINE
  5
2E6
330
17
100
AcDbEntity
  8
WALLS
100
AcDbPolyline
 90
5
 70
0
 10
7.301896349016058
 20
1.458056430350053
 10
7.447041024604541
 20
1.38842646377109
 10
7.4686676119946505
 20
1.4335073989638958
 10
7.323522936406167
 20
1.5031373655428588
 10
7.301896349016058
 20
1.458056430350053
  0
LWPOLYLINE
  5
2E7
330
17
100
AcDbEntity
  8
WALLS
100
AcDbPolyline
 90
5
 70
0
 10
7.4281035614940665
 20
1.3975148897409302
 10
7.573226679816083
 20
1.3278401701011167
 10
7.59486717683012
 20
1.3729144298175606
 10
7.449744058508103
 20
1.4425891494573742
 10
7.4281035614940665
 20
1.3975148897409302
  0
LWPOLYLINE
  5
2E8
330
17
100
AcDbEntity
  8
WALLS
100
AcDbPolyline
 90
5
 70
0
 10
7.554227734167012
 20
1.3369283046368827
 10
7.70140442747815
 20
1.2667815694700586
 10
7.722916753403397
 20
1.311917141176706
 10
7.575740060092259
 20
1.3820638763435302
 10
7.554227734167012
 20
1.3369283046368827
  0
LWPOLYLINE
  5
2E9
330
17
100
AcDbEntity
  8
WALLS
100
AcDbPolyline
 90
5
 70
0
 10
7.682234337667969
 20
1.2758725140269485
 10
7.830346546444325
 20
1.2059857280898296
 10
7.85168310823939
 20
1.2512046525658207
 10
7.703570899463035
 20
1.3210914385029395
 10
7.682234337667969
 20
1.2758725140269485
  0
LWPOLYLINE
  5
2EA
330
17
100
AcDbEntity
  8
WALLS
100
AcDbPolyline
 90
5
 70
0
 10
7.811231151994237
 20
1.2148988503505824
 10
7.95940046481512
 20
1.146635583005177
 10
7.980322399649852
 20
1.192047835126948
 10
7.832153086828969
 20
1.2603111024723532
 10
7.811231151994237
 20
1.2148988503505824
  0
LWPOLYLINE
  5
2EB
330
17
100
AcDbEntity
  8
WALLS
100
AcDbPolyline
 90
5
 70
0
 10
7.9400277707362825
 20
1.155436496858948
 10
8.092564907912418
 20
1.0870901083372753
 10
8.113009650470435
 20
1.1327191835167756
 10
7.960472513294297
 20
1.2010655720384482
 10
7.9400277707362825
 20
1.155436496858948
  0
LWPOLYLINE
  5
2EC
330
17
100
AcDbEntity
  8
WALLS
100
AcDbPolyline
 90
5
 70
0
 10
8.072692784539342
 20
1.095835082384822
 10
8.2295000846186
 20
1.0280502145772556
 10
8.249339799498152
 20
1.0739455924872157
 10
8.092532499418894
 20
1.141730460294782
 10
8.072692784539342
 20
1.095835082384822
  0
LWPOLYLINE
  5
2ED
330
17
100
AcDbEntity
  8
WALLS
100
AcDbPolyline
 90
5
 70
0
 10
8.209432174369649
 20
1.0365475393894663
 10
8.365643247406023
 20
0.9717917559121558
 10
8.384790299333613
 20
1.0179803952348523
 10
8.228579226297239
 20
1.0827361787121628
 10
8.209432174369649
 20
1.0365475393894663
  0
LWPOLYLINE
  5
2EE
330
17
100
AcDbEntity
  8
WALLS
100
AcDbPolyline
 90
5
 70
0
 10
8.345645936997045
 20
0.9798325597428331
 10
8.503637311526184
 20
0.9182492081693222
 10
8.521796056328398
 20
0.9648352574459887
 10
8.363804681799259
 20
1.0264186090194998
 10
8.345645936997045
 20
0.9798325597428331
  0
LWPOLYLINE
  5
2EF
330
17
100
AcDbEntity
  8
WALLS
100
AcDbPolyline
 90
5
 70
0
 10
8.484853090573706
 20
0.9252838284446723
 10
8.625157685667299
 20
0.875167663254742
 10
8.641976702423674
 20
0.9222539741672442
 10
8.501672107330082
 20
0.9723701393571744
 10
8.484853090573706
 20
0.9252838284446723
  0
LWPOLYLINE
  5
2F0
330
17
100
AcDbEntity
  8
WALLS
100
AcDbPolyline
 90
5
 70
0
 10
8.605488511901546
 20
0.8818701255067712
 10
8.776465183401532
 20
0.825900153996001
 10
8.792020643351117
 20
0.8734188625827969
 10
8.621043971851131
 20
0.9293888340935671
 10
8.605488511901546
 20
0.8818701255067712
  0
LWPOLYLINE
  5
2F1
330
17
100
AcDbEntity
  8
WALLS
100
AcDbPolyline
 90
5
 70
0
 10
8.754709224113599
 20
0.8325401912630048
 10
8.931906388785892
 20
0.7822417090879716
 10
8.945559788680177
 20
0.8303414457954299
 10
8.768362624007883
 20
0.8806399279704631
 10
8.754709224113599
 20
0.8325401912630048
  0
LWPOLYLINE
  5
2F2
330
17
100
AcDbEntity
  8
WALLS
100
AcDbPolyline
 90
5
 70
0
 10
8.90960459887248
 20
0.7879416937712831
 10
9.09368622625669
 20
0.745896017896065
 10
9.104819885274772
 20
0.7946406754173678
 10
8.920738257890562
 20
0.836686351292586
 10
8.90960459887248
 20
0.7879416937712831
  0
LWPOLYLINE
  5
2F3
330
17
100
AcDbEntity
  8
WALLS
100
AcDbPolyline
 90
5
 70
0
 10
9.070473361127442
 20
0.7503295659919205
 10
9.268461066395256
 20
0.7193717547395517
 10
9.276185325325917
 20
0.7687715100423071
 10
9.078197620058104
 20
0.7997293212946759
 10
9.070473361127442
 20
0.7503295659919205
  0
LWPOLYLINE
  5
2F4
330
17
100
AcDbEntity
  8
WALLS
100
AcDbPolyline
 90
5
 70
0
 10
9.244103801029349
 20
0.7219558559501871
 10
9.456081985479477
 20
0.7093634834068998
 10
9.45904696343961
 20
0.7592754950443397
 10
9.247068778989481
 20
0.7718678675876269
 10
9.244103801029349
 20
0.7219558559501871
  0
LWPOLYLINE
  5
2F5
330
17
100
AcDbEntity
  8
WALLS
100
AcDbPolyline
 90
5
 70
0
 10
9.428288485380692
 20
0.708760922242929
 10
9.69716284286463
 20
0.7312521286639286
 10
9.692994924248326
 20
0.7810781103843911
 10
9.424120566764389
 20
0.7585869039633915
 10
9.428288485380692
 20
0.708760922242929
  0
LWPOLYLINE
  5
2F6
330
17
100
AcDbEntity
  8
WALLS
100
AcDbPolyline
 90
5
 70
0
 10
9.666132592337037
 20
0.7219911526344465
 10
10.000506180018442
 20
0.8748827143856834
 10
9.979714247870538
 20
0.9203546349252534
 10
9.645340660189133
 20
0.7674630731740164
 10
9.666132592337037
 20
0.7219911526344465
  0
LWPOLYLINE
  5
2F7
330
17
100
AcDbEntity
  8
WALLS
100
AcDbPolyline
 90
5
 70
0
 10
9.972783094214241
 20
0.8554330701907603
 10
10.18754464261479
 20
1.0913195281296413
 10
10.150572559977642
 20
1.1249805605777379
 10
9.935811011577092
 20
0.8890941026388569
 10
9.972783094214241
 20
0.8554330701907603
  0
LWPOLYLINE
  5
2F8
330
17
100
AcDbEntity
  8
WALLS
100
AcDbPolyline
 90
5
 70
0
 10
10.170103612646892
 20
1.0662836331479204
 10
10.28517684619049
 20
1.307041559917513
 10
10.24006489540947
 20
1.3286033756279456
 10
10.124991661865872
 20
1.087845448858353
 10
10.170103612646892
 20
1.0662836331479204
  0
LWPOLYLINE
  5
2F9
330
17
100
AcDbEntity
  8
WALLS
100
AcDbPolyline
 90
5
 70
0
 10
10.27556154350453
 20
1.2813648234374817
 10
10.333130857933327
 20
1.5034247202584856
 10
10.284730919310437
 20
1.5159724667215118
 10
10.22716160488164
 20
1.2939125699005078
 10
10.27556154350453
 20
1.2813648234374817
  0
LWPOLYLINE
  5
2FA
330
17
100
AcDbEntity
  8
WALLS
100
AcDbPolyline
 90
5
 70
0
 10
10.328234379372006
 20
1.47847595779546
 10
10.354898116690524
 20
1.6864059416633796
 10
10.30530421539715
 20
1.6927655764408585
 10
10.278640478078632
 20
1.4848355925729388
 10
10.328234379372006
 20
1.47847595779546
  0
LWPOLYLINE
  5
2FB
330
17
100
AcDbEntity
  8
WALLS
100
AcDbPolyline
 90
5
 70
0
 10
10.352881947281803
 20
1.6625194870773095
 10
10.359986713715047
 20
1.8555026281417104
 10
10.310020563793229
 20
1.8573421557958099
 10
10.302915797359985
 20
1.664359014731409
 10
10.352881947281803
 20
1.6625194870773095
  0
LWPOLYLINE
  5
2FC
330
17
100
AcDbEntity
  8
WALLS
100
AcDbPolyline
 90
5
 70
0
 10
10.359470582515778
 20
1.8331515007315642
 10
10.360531062300188
 20
1.9944687603280804
 10
10.310532142661563
 20
1.9947974470640917
 10
10.309471662877153
 20
1.8334801874675755
 10
10.359470582515778
 20
1.8331515007315642
  0
LWPOLYLINE
  5
2FD
330
17
100
AcDbEntity
  8
WALLS
100
AcDbPolyline
 90
5
 70
0
 10
10.36038519767122
 20
1.9734191495162636
 10
10.361559418449549
 20
2.1345897910888763
 10
10.31156074538676
 20
2.1349540601655903
 10
10.310386524608433
 20
1.9737834185929781
 10
10.36038519767122
 20
1.9734191495162636
  0
LWPOLYLINE
  5
2FE
330
17
100
AcDbEntity
  8
WALLS
100
AcDbPolyline
 90
5
 70
0
 10
10.36141211818493
 20
2.1135628213794373
 10
10.362498005340772
 20
2.2750203846698813
 10
10.312499136120152
 20
2.2753566534007277
 10
10.31141324896431
 20
2.1138990901102837
 10
10.36141211818493
 20
2.1135628213794373
  0
LWPOLYLINE
  5
2FF
330
17
100
AcDbEntity
  8
WALLS
100
AcDbPolyline
 90
5
 70
0
 10
10.362356696827154
 20
2.253992212473638
 10
10.363437568924487
 20
2.4149708953627993
 10
10.313438695958952
 20
2.415306606810531
 10
10.31235782386162
 20
2.2543279239213696
 10
10.362356696827154
 20
2.253992212473638
  0
LWPOLYLINE
  5
300
330
17
100
AcDbEntity
  8
WALLS
100
AcDbPolyline
 90
5
 70
0
 10
10.363296585607445
 20
2.3939736758555172
 10
10.364377457704778
 20
2.5549523587446865
 10
10.314378584739243
 20
2.555288070192418
 10
10.31329771264191
 20
2.394309387303249
 10
10.363296585607445
 20
2.3939736758555172
  0
LWPOLYLINE
  5
301
330
17
100
AcDbEntity
  8
WALLS
100
AcDbPolyline
 90
5
 70
0
 10
10.364235321434277
 20
2.533995643101099
 10
10.365333517874154
 20
2.6943010328648636
 10
10.31533469111868
 20
2.6946435574276486
 10
10.314236494678804
 20
2.534338167663884
 10
10.364235321434277
 20
2.533995643101099
  0
LWPOLYLINE
  5
302
330
17
100
AcDbEntity
  8
WALLS
100
AcDbPolyline
 90
5
 70
0
 10
10.36519272081657
 20
2.6733392591077867
 10
10.366254099682092
 20
2.8345500212728063
 10
10.3162551833063
 20
2.83487920396773
 10
10.315193804440778
 20
2.6736684418027106
 10
10.36519272081657
 20
2.6733392591077867
  0
LWPOLYLINE
  5
303
330
17
100
AcDbEntity
  8
WALLS
100
AcDbPolyline
 90
5
 70
0
 10
10.36610852026077
 20
2.8135379296455048
 10
10.367277526075561
 20
2.974248011911775
 10
10.317278848801504
 20
2.974611702500698
 10
10.316109842986712
 20
2.813901620234428
 10
10.36610852026077
 20
2.8135379296455048
  0
LWPOLYLINE
  5
304
330
17
100
AcDbEntity
  8
WALLS
100
AcDbPolyline
 90
5
 70
0
 10
10.367132526286133
 20
2.9532996511558816
 10
10.36818871930573
 20
3.114067743202611
 10
10.318189798284303
 20
3.114396219523365
 10
10.317133605264706
 20
2.9536281274766356
 10
10.367132526286133
 20
2.9532996511558816
  0
LWPOLYLINE
  5
305
330
17
100
AcDbEntity
  8
WALLS
100
AcDbPolyline
 90
5
 70
0
 10
10.368045730404004
 20
3.093014521325992
 10
10.369180881494318
 20
3.2548928058622173
 10
10.319182110783744
 20
3.255243415947128
 10
10.318046959693431
 20
3.0933651314109025
 10
10.368045730404004
 20
3.093014521325992
  0
LWPOLYLINE
  5
306
330
17
100
AcDbEntity
  8
WALLS
100
AcDbPolyline
 90
5
 70
0
 10
10.369036503859183
 20
3.233859379612408
 10
10.370115925577815
 20
3.3946076227763493
 10
10.320117052814608
 20
3.394943364356509
 10
10.319037631095975
 20
3.2341951211925677
 10
10.369036503859183
 20
3.233859379612408
  0
LWPOLYLINE
  5
307
330
17
100
AcDbEntity
  8
WALLS
100
AcDbPolyline
 90
5
 70
0
 10
10.369974934624908
 20
3.3736091315109054
 10
10.371057377502863
 20
3.534838248683739
 10
10.321058504306786
 20
3.5351739257943375
 10
10.31997606142883
 20
3.373944808621504
 10
10.369974934624908
 20
3.3736091315109054
  0
LWPOLYLINE
  5
308
330
17
100
AcDbEntity
  8
WALLS
100
AcDbPolyline
 90
5
 70
0
 10
10.370916376242526
 20
3.5138382693398387
 10
10.37199594929372
 20
3.674608329656046
 10
10.321997076540601
 20
3.674944072738484
 10
10.320917503489408
 20
3.5141740124222767
 10
10.370916376242526
 20
3.5138382693398387
  0
LWPOLYLINE
  5
309
330
17
100
AcDbEntity
  8
WALLS
100
AcDbPolyline
 90
5
 70
0
 10
10.371854966188808
 20
3.6536111417425268
 10
10.372937137332288
 20
3.8147984472046295
 10
10.322938264154905
 20
3.815134127099544
 10
10.321856093011425
 20
3.653946821637441
 10
10.371854966188808
 20
3.6536111417425268
  0
LWPOLYLINE
  5
30A
330
17
100
AcDbEntity
  8
WALLS
100
AcDbPolyline
 90
5
 70
0
 10
10.3727935759
 20
3.7938393784186286
 10
10.373911964136285
 20
3.9539199490230463
 10
10.32391318433916
 20
3.954269260916068
 10
10.322794796102874
 20
3.79418869031165
 10
10.3727935759
 20
3.7938393784186286
  0
LWPOLYLINE
  5
30B
330
17
100
AcDbEntity
  8
WALLS
100
AcDbPolyline
 90
5
 70
0
 10
10.373763554305954
 20
3.932934986033683
 10
10.37492032059186
 20
4.094558394026233
 10
10.324921601169896
 20
4.0949162433853346
 10
10.32376483488399
 20
3.9332928353927845
 10
10.373763554305954
 20
3.932934986033683
  0
LWPOLYLINE
  5
30C
330
17
100
AcDbEntity
  8
WALLS
100
AcDbPolyline
 90
5
 70
0
 10
10.37477471937333
 20
4.073545585313241
 10
10.375851719454696
 20
4.234293845270207
 10
10.32585284163928
 20
4.234628833627093
 10
10.324775841557914
 20
4.073880573670127
 10
10.37477471937333
 20
4.073545585313241
  0
LWPOLYLINE
  5
30D
330
17
100
AcDbEntity
  8
WALLS
100
AcDbPolyline
 90
5
 70
0
 10
10.375710628049715
 20
4.213279448716042
 10
10.3767969570057
 20
4.374741136753405
 10
10.326798088647548
 20
4.375077533697622
 10
10.325711759691563
 20
4.213615845660259
 10
10.375710628049715
 20
4.213279448716042
  0
LWPOLYLINE
  5
30E
330
17
100
AcDbEntity
  8
WALLS
100
AcDbPolyline
 90
5
 70
0
 10
10.376655620110263
 20
4.353712759658611
 10
10.3777364922076
 20
4.514691442547802
 10
10.327737619242065
 20
4.5150271539955344
 10
10.326656747144728
 20
4.354048471106344
 10
10.376655620110263
 20
4.353712759658611
  0
LWPOLYLINE
  5
30F
330
17
100
AcDbEntity
  8
WALLS
100
AcDbPolyline
 90
5
 70
0
 10
10.377595508890556
 20
4.493694223040518
 10
10.378676380987889
 20
4.654672905929689
 10
10.328677508022354
 20
4.65500861737742
 10
10.32759663592502
 20
4.494029934488249
 10
10.377595508890556
 20
4.493694223040518
  0
LWPOLYLINE
  5
310
330
17
100
AcDbEntity
  8
WALLS
100
AcDbPolyline
 90
5
 70
0
 10
10.378534329197754
 20
4.6337158802483
 10
10.37963125201036
 20
4.794029199021402
 10
10.329632422419452
 20
4.794371309441182
 10
10.328535499606845
 20
4.634057990668079
 10
10.378534329197754
 20
4.6337158802483
  0
LWPOLYLINE
  5
311
330
17
100
AcDbEntity
  8
WALLS
100
AcDbPolyline
 90
5
 70
0
 10
10.379490494967335
 20
4.773066699762332
 10
10.380552502171675
 20
4.934275964742515
 10
10.330553587099388
 20
4.9346053453647905
 10
10.329491579895048
 20
4.773396080384607
 10
10.379490494967335
 20
4.773066699762332
  0
LWPOLYLINE
  5
312
330
17
100
AcDbEntity
  8
WALLS
100
AcDbPolyline
 90
5
 70
0
 10
10.380406931144018
 20
4.913265007755048
 10
10.38157520105395
 20
5.073962239188853
 10
10.33157652232642
 20
5.0743257299059765
 10
10.330408252416488
 20
4.913628498472172
 10
10.380406931144018
 20
4.913265007755048
  0
LWPOLYLINE
  5
313
330
17
100
AcDbEntity
  8
WALLS
100
AcDbPolyline
 90
5
 70
0
 10
10.38143024536074
 20
5.0530141964216595
 10
10.382486486901314
 20
5.2137887161192085
 10
10.332487565892748
 20
5.214117194397063
 10
10.331431324352174
 20
5.053342674699514
 10
10.38143024536074
 20
5.0530141964216595
  0
LWPOLYLINE
  5
314
330
17
100
AcDbEntity
  8
WALLS
100
AcDbPolyline
 90
5
 70
0
 10
10.382343454759988
 20
5.192735395305991
 10
10.383479209656906
 20
5.354607247630886
 10
10.333480440352192
 20
5.354958058140943
 10
10.332344685455274
 20
5.193086205816048
 10
10.382343454759988
 20
5.192735395305991
  0
LWPOLYLINE
  5
315
330
17
100
AcDbEntity
  8
WALLS
100
AcDbPolyline
 90
5
 70
0
 10
10.383334793559376
 20
5.3335743415854395
 10
10.384414212057921
 20
5.494322584765209
 10
10.334415339287988
 20
5.49465832534381
 10
10.333335920789443
 20
5.33391008216404
 10
10.383334793559376
 20
5.3335743415854395
  0
LWPOLYLINE
  5
316
330
17
100
AcDbEntity
  8
WALLS
100
AcDbPolyline
 90
5
 70
0
 10
10.384273401017236
 20
5.47335187285865
 10
10.385353086740992
 20
5.634154783630127
 10
10.335354213762567
 20
5.634490493158641
 10
10.334274528038812
 20
5.473687582387164
 10
10.384273401017236
 20
5.47335187285865
  0
LWPOLYLINE
  5
317
330
17
100
AcDbEntity
  8
WALLS
100
AcDbPolyline
 90
5
 70
0
 10
10.385212080252787
 20
5.613153998785655
 10
10.386294494005456
 20
5.774363120900216
 10
10.336295621028254
 20
5.7746988306108
 10
10.335213207275585
 20
5.613489708496238
 10
10.385212080252787
 20
5.613153998785655
  0
LWPOLYLINE
  5
318
330
17
100
AcDbEntity
  8
WALLS
100
AcDbPolyline
 90
5
 70
0
 10
10.386149361102802
 20
5.753387444390076
 10
10.387291229118784
 20
5.913647926983187
 10
10.337292498237936
 20
5.9140041717087035
 10
10.336150630221955
 20
5.753743689115592
 10
10.386149361102802
 20
5.753387444390076
  0
LWPOLYLINE
  5
319
330
17
100
AcDbEntity
  8
WALLS
100
AcDbPolyline
 90
5
 70
0
 10
10.387147850434856
 20
5.892709512599921
 10
10.388205908731754
 20
6.053716910499097
 10
10.338206988308384
 20
6.054045477839979
 10
10.337148930011486
 20
5.893038079940802
 10
10.387147850434856
 20
5.892709512599921
  0
LWPOLYLINE
  5
31A
330
17
100
AcDbEntity
  8
WALLS
100
AcDbPolyline
 90
5
 70
0
 10
10.388061326602866
 20
6.032661869426974
 10
10.389218642378367
 20
6.194272417596903
 10
10.339219924377243
 20
6.19463046542084
 10
10.338062608601742
 20
6.033019917250911
 10
10.388061326602866
 20
6.032661869426974
  0
LWPOLYLINE
  5
31B
330
17
100
AcDbEntity
  8
WALLS
100
AcDbPolyline
 90
5
 70
0
 10
10.389073048831841
 20
6.173260646958386
 10
10.39014940299595
 20
6.334008911434919
 10
10.340150523834888
 20
6.33434369888635
 10
10.339074169670779
 20
6.173595434409817
 10
10.389073048831841
 20
6.173260646958386
  0
LWPOLYLINE
  5
31C
330
17
100
AcDbEntity
  8
WALLS
100
AcDbPolyline
 90
5
 70
0
 10
10.390010254902775
 20
6.312861988594632
 10
10.391068084161935
 20
6.476454570432409
 10
10.341069129436365
 20
6.47677787578429
 10
10.340011300177204
 20
6.313185293946512
 10
10.390010254902775
 20
6.312861988594632
  0
LWPOLYLINE
  5
31D
330
17
100
AcDbEntity
  8
WALLS
100
AcDbPolyline
 90
5
 70
0
 10
7.7112819420537955
 20
7.338411525827947
 10
7.717666966280574
 20
7.176743333894597
 10
7.767628016210774
 20
7.178716526706275
 10
7.761242991983996
 20
7.3403847186396245
 10
7.7112819420537955
 20
7.338411525827947
  0
LWPOLYLINE
  5
31E
330
17
100
AcDbEntity
  8
WALLS
100
AcDbPolyline
 90
5
 70
0
 10
7.716758433021525
 20
7.199178707729417
 10
7.724333394818389
 20
7.0161171386048276
 10
7.774290643524473
 20
7.018184335189205
 10
7.766715681727609
 20
7.201245904313795
 10
7.716758433021525
 20
7.199178707729417
  0
LWPOLYLINE
  5
31F
330
17
100
AcDbEntity
  8
WALLS
100
AcDbPolyline
 90
5
 70
0
 10
7.723369734841812
 20
7.038634969402758
 10
7.730620129075341
 20
6.875274923429575
 10
7.780570955643659
 20
6.877491886474323
 10
7.773320561410131
 20
7.040851932447507
 10
7.723369734841812
 20
7.038634969402758
  0
LWPOLYLINE
  5
320
330
17
100
AcDbEntity
  8
WALLS
100
AcDbPolyline
 90
5
 70
0
 10
7.729668686126126
 20
6.898105691421891
 10
7.736925421608281
 20
6.713346223518976
 10
7.786886899764288
 20
6.715308543693367
 10
7.779630164282133
 20
6.900068011596281
 10
7.729668686126126
 20
6.898105691421891
  0
LWPOLYLINE
  5
321
330
17
100
AcDbEntity
  8
WALLS
100
AcDbPolyline
 90
5
 70
0
 10
7.736036445257498
 20
6.73593847583152
 10
7.742413004255643
 20
6.574224360237934
 10
7.792374179311438
 20
6.576194382330258
 10
7.785997620313293
 20
6.737908497923844
 10
7.736036445257498
 20
6.73593847583152
  0
LWPOLYLINE
  5
322
330
17
100
AcDbEntity
  8
WALLS
100
AcDbPolyline
 90
5
 70
0
 10
7.741580683844665
 20
6.59531726851334
 10
7.7479672363367875
 20
6.433584864686272
 10
7.797928298541896
 20
6.435557746673955
 10
7.791541746049774
 20
6.597290150501023
 10
7.741580683844665
 20
6.59531726851334
  0
LWPOLYLINE
  5
323
330
17
100
AcDbEntity
  8
WALLS
100
AcDbPolyline
 90
5
 70
0
 10
7.747012088968513
 20
6.455963659341985
 10
7.755368601562609
 20
6.272260458540328
 10
7.805316950014759
 20
6.274532569211634
 10
7.796960437420663
 20
6.4582357700132915
 10
7.747012088968513
 20
6.455963659341985
  0
LWPOLYLINE
  5
324
330
17
100
AcDbEntity
  8
WALLS
100
AcDbPolyline
 90
5
 70
0
 10
7.754395623404092
 20
6.29499648435824
 10
7.760864674285129
 20
6.132272816543971
 10
7.810825209905383
 20
6.134258988877182
 10
7.804356159024346
 20
6.296982656691451
 10
7.754395623404092
 20
6.29499648435824
  0
LWPOLYLINE
  5
325
330
17
100
AcDbEntity
  8
WALLS
100
AcDbPolyline
 90
5
 70
0
 10
7.541412388186781
 20
7.331753086997407
 10
7.547799286103197
 20
7.1700372642792845
 10
7.597760336124403
 20
7.172010454786677
 10
7.591373438207987
 20
7.333726277504799
 10
7.541412388186781
 20
7.331753086997407
  0
LWPOLYLINE
  5
326
330
17
100
AcDbEntity
  8
WALLS
100
AcDbPolyline
 90
5
 70
0
 10
7.546879990543484
 20
7.192695857361705
 10
7.554620097497374
 20
7.006211037921051
 10
7.604577085828836
 20
7.00828451732779
 10
7.596836978874947
 20
7.194769336768444
 10
7.546879990543484
 20
7.192695857361705
  0
LWPOLYLINE
  5
327
330
17
100
AcDbEntity
  8
WALLS
100
AcDbPolyline
 90
5
 70
0
 10
7.553656188626362
 20
7.028734762266479
 10
7.560741852592348
 20
6.868787459573051
 10
7.610692862458893
 20
6.871000288828162
 10
7.603607198492907
 20
7.03094759152159
 10
7.553656188626362
 20
7.028734762266479
  0
LWPOLYLINE
  5
328
330
17
100
AcDbEntity
  8
WALLS
100
AcDbPolyline
 90
5
 70
0
 10
7.559801073956869
 20
6.891397889845604
 10
7.567060427694061
 20
6.706572442516307
 10
7.617021905565931
 20
6.708534769924927
 10
7.609762551828739
 20
6.893360217254224
 10
7.559801073956869
 20
6.891397889845604
  0
LWPOLYLINE
  5
329
330
17
100
AcDbEntity
  8
WALLS
100
AcDbPolyline
 90
5
 70
0
 10
7.566171392856223
 20
6.72916617286776
 10
7.57254622696856
 20
6.567495460699291
 10
7.622507402187907
 20
6.569465478643846
 10
7.616132568075569
 20
6.731136190812315
 10
7.566171392856223
 20
6.72916617286776
  0
LWPOLYLINE
  5
32A
330
17
100
AcDbEntity
  8
WALLS
100
AcDbPolyline
 90
5
 70
0
 10
7.571714226682638
 20
6.588580271478321
 10
7.578097597226413
 20
6.426928581473598
 10
7.628058659366807
 20
6.4289014651000755
 10
7.621675288823032
 20
6.590553155104798
 10
7.571714226682638
 20
6.588580271478321
  0
LWPOLYLINE
  5
32B
330
17
100
AcDbEntity
  8
WALLS
100
AcDbPolyline
 90
5
 70
0
 10
7.57713664417702
 20
6.449437184207752
 10
7.5855851705649835
 20
6.263667027197942
 10
7.635533543552197
 20
6.265938598444964
 10
7.627085017164233
 20
6.451708755454773
 10
7.57713664417702
 20
6.449437184207752
  0
LWPOLYLINE
  5
32C
330
17
100
AcDbEntity
  8
WALLS
100
AcDbPolyline
 90
5
 70
0
 10
7.584612143977143
 20
6.286404311260604
 10
7.590989181064314
 20
6.125747599654487
 10
7.640949838078278
 20
6.1277307160739145
 10
7.634572800991107
 20
6.288387427680032
 10
7.584612143977143
 20
6.286404311260604
  0
LWPOLYLINE
  5
32D
330
17
100
AcDbEntity
  8
WALLS
100
AcDbPolyline
 90
5
 70
0
 10
2.8271885920402657
 20
2.4685
 10
2.9897422193829004
 20
2.4685
 10
2.9897422193829004
 20
2.5185
 10
2.8271885920402657
 20
2.5185
 10
2.8271885920402657
 20
2.4685
  0
LWPOLYLINE
  5
32E
330
17
100
AcDbEntity
  8
WALLS
100
AcDbPolyline
 90
5
 70
0
 10
2.967025097549303
 20
2.4685
 10
3.15280067165517
 20
2.4685
 10
3.15280067165517
 20
2.5185
 10
2.967025097549303
 20
2.5185
 10
2.967025097549303
 20
2.4685
  0
LWPOLYLINE
  5
32F
330
17
100
AcDbEntity
  8
WALLS
100
AcDbPolyline
 90
5
 70
0
 10
3.1299074124960065
 20
2.468575625685802
 10
3.2924497664122994
 20
2.467425625685802
 10
3.2928035115103444
 20
2.517424374314199
 10
3.1302611575940515
 20
2.518574374314199
 10
3.1299074124960065
 20
2.468575625685802
  0
LWPOLYLINE
  5
330
330
17
100
AcDbEntity
  8
WALLS
100
AcDbPolyline
 90
5
 70
0
 10
3.271424727140088
 20
2.4675000000000002
 10
3.4339783544827216
 20
2.4675000000000002
 10
3.4339783544827216
 20
2.5175
 10
3.271424727140088
 20
2.5175
 10
3.271424727140088
 20
2.4675000000000002
  0
LWPOLYLINE
  5
331
330
17
100
AcDbEntity
  8
WALLS
100
AcDbPolyline
 90
5
 70
0
 10
3.411261232649124
 20
2.4675000000000002
 10
3.5970368067549914
 20
2.4675000000000002
 10
3.5970368067549914
 20
2.5175
 10
3.411261232649124
 20
2.5175
 10
3.411261232649124
 20
2.4675000000000002
  0
LWPOLYLINE
  5
332
330
17
100
AcDbEntity
  8
WALLS
100
AcDbPolyline
 90
5
 70
0
 10
3.5743196849213934
 20
2.4675000000000002
 10
3.736873312264027
 20
2.4675000000000002
 10
3.736873312264027
 20
2.5175
 10
3.5743196849213934
 20
2.5175
 10
3.5743196849213934
 20
2.4675000000000002
  0
LWPOLYLINE
  5
333
330
17
100
AcDbEntity
  8
WALLS
100
AcDbPolyline
 90
5
 70
0
 10
3.714156190430429
 20
2.4675000000000002
 10
3.8999317645362965
 20
2.4675000000000002
 10
3.8999317645362965
 20
2.5175
 10
3.714156190430429
 20
2.5175
 10
3.714156190430429
 20
2.4675000000000002
  0
LWPOLYLINE
  5
334
330
17
100
AcDbEntity
  8
WALLS
100
AcDbPolyline
 90
5
 70
0
 10
2.8271885920402657
 20
2.2985
 10
2.9897422193829004
 20
2.2985
 10
2.9897422193829004
 20
2.3485
 10
2.8271885920402657
 20
2.3485
 10
2.8271885920402657
 20
2.2985
  0
LWPOLYLINE
  5
335
330
17
100
AcDbEntity
  8
WALLS
100
AcDbPolyline
 90
5
 70
0
 10
2.967025097549303
 20
2.2985
 10
3.15280067165517
 20
2.2985
 10
3.15280067165517
 20
2.3485
 10
2.967025097549303
 20
2.3485
 10
2.967025097549303
 20
2.2985
  0
LWPOLYLINE
  5
336
330
17
100
AcDbEntity
  8
WALLS
100
AcDbPolyline
 90
5
 70
0
 10
3.1299074124960065
 20
2.298575625685802
 10
3.2924497664122994
 20
2.297425625685802
 10
3.2928035115103444
 20
2.347424374314199
 10
3.1302611575940515
 20
2.348574374314199
 10
3.1299074124960065
 20
2.298575625685802
  0
LWPOLYLINE
  5
337
330
17
100
AcDbEntity
  8
WALLS
100
AcDbPolyline
 90
5
 70
0
 10
3.271424727140088
 20
2.2975000000000003
 10
3.4339783544827216
 20
2.2975000000000003
 10
3.4339783544827216
 20
2.3475
 10
3.271424727140088
 20
2.3475
 10
3.271424727140088
 20
2.2975000000000003
  0
LWPOLYLINE
  5
338
330
17
100
AcDbEntity
  8
WALLS
100
AcDbPolyline
 90
5
 70
0
 10
3.411261232649124
 20
2.2975000000000003
 10
3.5970368067549914
 20
2.2975000000000003
 10
3.5970368067549914
 20
2.3475
 10
3.411261232649124
 20
2.3475
 10
3.411261232649124
 20
2.2975000000000003
  0
LWPOLYLINE
  5
339
330
17
100
AcDbEntity
  8
WALLS
100
AcDbPolyline
 90
5
 70
0
 10
3.5743196849213934
 20
2.2975000000000003
 10
3.736873312264027
 20
2.2975000000000003
 10
3.736873312264027
 20
2.3475
 10
3.5743196849213934
 20
2.3475
 10
3.5743196849213934
 20
2.2975000000000003
  0
LWPOLYLINE
  5
33A
330
17
100
AcDbEntity
  8
WALLS
100
AcDbPolyline
 90
5
 70
0
 10
3.714156190430429
 20
2.2975000000000003
 10
3.8999317645362965
 20
2.2975000000000003
 10
3.8999317645362965
 20
2.3475
 10
3.714156190430429
 20
2.3475
 10
3.714156190430429
 20
2.2975000000000003
  0
LWPOLYLINE
  5
33B
330
17
100
AcDbEntity
  8
FEATURES
100
AcDbPolyline
 90
5
 70
0
 10
10.13117498677839
 20
9.642008646819843
 10
10.131024946073104
 20
9.692008421697203
 10
9.78102652193158
 20
9.690958136760205
 10
9.781176562636865
 20
9.640958361882845
 10
10.13117498677839
 20
9.642008646819843
  0
TEXT
  5
33C
330
17
100
AcDbEntity
  8
FEATURES
100
AcDbText
 10
9.956100754354985
 20
9.816483391790024
 30
0.0
 40
0.08
  1
BUMP
 11
9.956100754354985
 21
9.816483391790024
 31
0.0
100
AcDbText
  0
LWPOLYLINE
  5
33D
330
17
100
AcDbEntity
  8
GRID
100
AcDbPolyline
 90
5
 70
0
 10
9.928114328492446
 20
4.579984203966219
 10
9.929534336508874
 20
4.779979162845769
 10
9.809537361181144
 20
4.780831167655626
 10
9.808117353164716
 20
4.580836208776076
 10
9.928114328492446
 20
4.579984203966219
  0
TEXT
  5
33E
330
17
100
AcDbEntity
  8
GRID
100
AcDbText
 10
9.868825844836795
 20
4.6804076858109225
 30
0.0
 40
0.06
  1
G0
 11
9.868825844836795
 21
4.6804076858109225
 31
0.0
100
AcDbText
  0
LWPOLYLINE
  5
33F
330
17
100
AcDbEntity
  8
GRID
100
AcDbPolyline
 90
5
 70
0
 10
9.93151427804587
 20
5.079972292574448
 10
9.932934167092405
 20
5.279967252298675
 10
9.81293719125787
 20
5.280819185726594
 10
9.811517302211335
 20
5.080824226002367
 10
9.93151427804587
 20
5.079972292574448
  0
TEXT
  5
340
330
17
100
AcDbEntity
  8
GRID
100
AcDbText
 10
9.87222573465187
 20
5.180395739150521
 30
0.0
 40
0.06
  1
G1
 11
9.87222573465187
 21
5.180395739150521
 31
0.0
100
AcDbText
  0
LWPOLYLINE
  5
341
330
17
100
AcDbEntity
  8
GRID
100
AcDbPolyline
 90
5
 70
0
 10
9.935014752268636
 20
5.57995472934117
 10
9.936394917754747
 20
5.779949967142552
 10
9.81639777507392
 20
5.7807780664342205
 10
9.815017609587809
 20
5.580782828632839
 10
9.935014752268636
 20
5.57995472934117
  0
TEXT
  5
342
330
17
100
AcDbEntity
  8
GRID
100
AcDbText
 10
9.875706263671278
 20
5.6803663978876955
 30
0.0
 40
0.06
  1
G2
 11
9.875706263671278
 21
5.6803663978876955
 31
0.0
100
AcDbText
  0
LWPOLYLINE
  5
343
330
17
100
AcDbEntity
  8
GRID
100
AcDbPolyline
 90
5
 70
0
 10
10.096810987416871
 20
4.37881062290072
 10
10.098190864627815
 20
4.578805862691278
 10
9.97819372075348
 20
4.579633789017843
 10
9.976813843542535
 20
4.379638549227285
 10
10.096810987416871
 20
4.37881062290072
  0
TEXT
  5
344
330
17
100
AcDbEntity
  8
GRID
100
AcDbText
 10
10.037502354085175
 20
4.479222205959282
 30
0.0
 40
0.06
  1
G3
 11
10.037502354085175
 21
4.479222205959282
 31
0.0
100
AcDbText
  0
LWPOLYLINE
  5
345
330
17
100
AcDbEntity
  8
GRID
100
AcDbPolyline
 90
5
 70
0
 10
10.100210870325487
 20
4.87879864049949
 10
10.101590866507387
 20
5.078793879469165
 10
9.981593723125581
 20
5.079621877178305
 10
9.980213726943681
 20
4.879626638208629
 10
10.100210870325487
 20
4.87879864049949
  0
TEXT
  5
346
330
17
100
AcDbEntity
  8
GRID
100
AcDbText
 10
10.040902296725534
 20
4.979210258838897
 30
0.0
 40
0.06
  1
G4
 11
10.040902296725534
 21
4.979210258838897
 31
0.0
100
AcDbText
  0
LWPOLYLINE
  5
347
330
17
100
AcDbEntity
  8
GRID
100
AcDbPolyline
 90
5
 70
0
 10
10.10361075396543
 20
5.378786658510793
 10
10.104990869114136
 20
5.578781896659547
 10
9.984993726224886
 20
5.57960996574877
 10
9.98361361107618
 20
5.379614727600017
 10
10.10361075396543
 20
5.378786658510793
  0
TEXT
  5
348
330
17
100
AcDbEntity
  8
GRID
100
AcDbText
 10
10.044302240095158
 20
5.479198312129782
 30
0.0
 40
0.06
  1
G5
 11
10.044302240095158
 21
5.479198312129782
 31
0.0
100
AcDbText
  0
CIRCLE
  5
349
330
17
100
AcDbEntity
  8
MARKERS
100
AcDbCircle
 10
10.270999708674996
 20
6.466078445534162
 30
0.0
 40
0.05
  0
TEXT
  5
34A
330
17
100
AcDbEntity
  8
MARKERS
100
AcDbText
 10
10.370999708674995
 20
6.566078445534162
 30
0.0
 40
0.1
  1
ID0
 11
10.370999708674995
 21
6.566078445534162
 31
0.0
100
AcDbText
  0
CIRCLE
  5
34B
330
17
100
AcDbEntity
  8
MARKERS
100
AcDbCircle
 10
7.905294934961065
 20
9.118965354004272
 30
0.0
 40
0.05
  0
TEXT
  5
34C
330
17
100
AcDbEntity
  8
MARKERS
100
AcDbText
 10
8.005294934961064
 20
9.218965354004272
 30
0.0
 40
0.1
  1
ID20
 11
8.005294934961064
 21
9.218965354004272
 31
0.0
100
AcDbText
  0
CIRCLE
  5
34D
330
17
100
AcDbEntity
  8
MARKERS
100
AcDbCircle
 10
9.656331143700077
 20
5.781942993583029
 30
0.0
 40
0.05
  0
TEXT
  5
34E
330
17
100
AcDbEntity
  8
MARKERS
100
AcDbText
 10
9.756331143700077
 20
5.881942993583029
 30
0.0
 40
0.1
  1
ID45
 11
9.756331143700077
 21
5.881942993583029
 31
0.0
100
AcDbText
  0
CIRCLE
  5
34F
330
17
100
AcDbEntity
  8
MARKERS
100
AcDbCircle
 10
2.5326542772534886
 20
2.461955803430074
 30
0.0
 40
0.05
  0
TEXT
  5
350
330
17
100
AcDbEntity
  8
MARKERS
100
AcDbText
 10
2.6326542772534887
 20
2.5619558034300742
 30
0.0
 40
0.1
  1
ID30
 11
2.6326542772534887
 21
2.5619558034300742
 31
0.0
100
AcDbText
  0
LINE
  5
351
330
17
100
AcDbEntity
  8
FEATURES
100
AcDbLine
 10
10.340999641813518
 20
6.465981695328887
 30
0.0
 11
9.59100035818648
 21
6.467018304671113
 31
0.0
  0
TEXT
  5
352
330
17
100
AcDbEntity
  8
FEATURES
100
AcDbText
 10
9.366
 20
6.7665
 30
0.0
 40
0.12
  1
START/FINISH + TRAFFIC LIGHT
 11
9.366
 21
6.7665
 31
0.0
100
AcDbText
  0
ENDSEC
  0
SECTION
  2
OBJECTS
  0
DICTIONARY
  5
A
330
0
100
AcDbDictionary
281
1
  3
ACAD_COLOR
350
B
  3
ACAD_GROUP
350
C
  3
ACAD_LAYOUT
350
D
  3
ACAD_MATERIAL
350
E
  3
ACAD_MLEADERSTYLE
350
F
  3
ACAD_MLINESTYLE
350
10
  3
ACAD_PLOTSETTINGS
350
11
  3
ACAD_PLOTSTYLENAME
350
12
  3
ACAD_SCALELIST
350
14
  3
ACAD_TABLESTYLE
350
15
  3
ACAD_VISUALSTYLE
350
16
  3
EZDXF_META
350
2D
  0
DICTIONARY
  5
B
330
A
100
AcDbDictionary
281
1
  0
DICTIONARY
  5
C
330
A
100
AcDbDictionary
281
1
  0
DICTIONARY
  5
D
330
A
100
AcDbDictionary
281
1
  3
Model
350
1A
  3
Layout1
350
1E
  0
DICTIONARY
  5
E
330
A
100
AcDbDictionary
281
1
  3
ByBlock
350
1F
  3
ByLayer
350
20
  3
Global
350
21
  0
DICTIONARY
  5
F
330
A
100
AcDbDictionary
281
1
  3
Standard
350
2C
  0
DICTIONARY
  5
10
330
A
100
AcDbDictionary
281
1
  3
Standard
350
22
  0
DICTIONARY
  5
11
330
A
100
AcDbDictionary
281
1
  0
ACDBDICTIONARYWDFLT
  5
12
330
A
100
AcDbDictionary
281
1
  3
Normal
350
13
100
AcDbDictionaryWithDefault
340
13
  0
ACDBPLACEHOLDER
  5
13
330
12
  0
DICTIONARY
  5
14
330
A
100
AcDbDictionary
281
1
  0
DICTIONARY
  5
15
330
A
100
AcDbDictionary
281
1
  0
DICTIONARY
  5
16
330
A
100
AcDbDictionary
281
1
  3
2dWireframe
350
5A
  3
Basic
350
5B
  3
Brighten
350
5C
  3
ColorChange
350
5D
  3
Conceptual
350
5E
  3
Dim
350
5F
  3
EdgeColorOff
350
60
  3
Facepattern
350
61
  3
Flat
350
62
  3
FlatWithEdges
350
63
  3
Gouraud
350
64
  3
GouraudWithEdges
350
65
  3
Hidden
350
66
  3
JitterOff
350
67
  3
Linepattern
350
68
  3
Modeling
350
69
  3
OverhangOff
350
6A
  3
Realistic
350
6B
  3
Shaded
350
6C
  3
Shaded with edges
350
6D
  3
Shades of Gray
350
6E
  3
Sketchy
350
6F
  3
Thicken
350
70
  3
Wireframe
350
71
  3
X-Ray
350
72
  0
LAYOUT
  5
1A
330
D
100
AcDbPlotSettings
  1

  4
A3
  6

 40
7.5
 41
20.0
 42
7.5
 43
20.0
 44
420.0
 45
297.0
 46
0.0
 47
0.0
 48
0.0
 49
0.0
140
0.0
141
0.0
142
1.0
143
1.0
 70
1024
 72
1
 73
0
 74
5
  7

 75
16
 76
0
 77
2
 78
300
147
1.0
148
0.0
149
0.0
100
AcDbLayout
  1
Model
 70
1
 71
0
 10
0.0
 20
0.0
 11
420.0
 21
297.0
 12
0.0
 22
0.0
 32
0.0
 14
1e+20
 24
1e+20
 34
1e+20
 15
-1e+20
 25
-1e+20
 35
-1e+20
146
0.0
 13
0.0
 23
0.0
 33
0.0
 16
1.0
 26
0.0
 36
0.0
 17
0.0
 27
1.0
 37
0.0
 76
1
330
17
  0
LAYOUT
  5
1E
330
D
100
AcDbPlotSettings
  1

  4
A3
  6

 40
7.5
 41
20.0
 42
7.5
 43
20.0
 44
420.0
 45
297.0
 46
0.0
 47
0.0
 48
0.0
 49
0.0
140
0.0
141
0.0
142
1.0
143
1.0
 70
0
 72
1
 73
0
 74
5
  7

 75
16
 76
0
 77
2
 78
300
147
1.0
148
0.0
149
0.0
100
AcDbLayout
  1
Layout1
 70
1
 71
1
 10
0.0
 20
0.0
 11
420.0
 21
297.0
 12
0.0
 22
0.0
 32
0.0
 14
1e+20
 24
1e+20
 34
1e+20
 15
-1e+20
 25
-1e+20
 35
-1e+20
146
0.0
 13
0.0
 23
0.0
 33
0.0
 16
1.0
 26
0.0
 36
0.0
 17
0.0
 27
1.0
 37
0.0
 76
1
330
1B
  0
MATERIAL
  5
1F
102
{ACAD_REACTORS
330
E
102
}
330
E
100
AcDbMaterial
  1
ByBlock
  2

 70
0
 40
1.0
 71
1
 41
1.0
 91
-1023410177
 42
1.0
 72
1
  3

 73
1
 74
1
 75
1
 44
0.5
 73
0
 45
1.0
 46
1.0
 77
1
  4

 78
1
 79
1
170
1
 48
1.0
171
1
  6

172
1
173
1
174
1
140
1.0
141
1.0
175
1
  7

176
1
177
1
178
1
143
1.0
179
1
  8

270
1
271
1
272
1
145
1.0
146
1.0
273
1
  9

274
1
275
1
276
1
 42
1.0
 72
1
  3

 73
1
 74
1
 75
1
 94
63
  0
MATERIAL
  5
20
102
{ACAD_REACTORS
330
E
102
}
330
E
100
AcDbMaterial
  1
ByLayer
  2

 70
0
 40
1.0
 71
1
 41
1.0
 91
-1023410177
 42
1.0
 72
1
  3

 73
1
 74
1
 75
1
 44
0.5
 73
0
 45
1.0
 46
1.0
 77
1
  4

 78
1
 79
1
170
1
 48
1.0
171
1
  6

172
1
173
1
174
1
140
1.0
141
1.0
175
1
  7

176
1
177
1
178
1
143
1.0
179
1
  8

270
1
271
1
272
1
145
1.0
146
1.0
273
1
  9

274
1
275
1
276
1
 42
1.0
 72
1
  3

 73
1
 74
1
 75
1
 94
63
  0
MATERIAL
  5
21
102
{ACAD_REACTORS
330
E
102
}
330
E
100
AcDbMaterial
  1
Global
  2

 70
0
 40
1.0
 71
1
 41
1.0
 91
-1023410177
 42
1.0
 72
1
  3

 73
1
 74
1
 75
1
 44
0.5
 73
0
 45
1.0
 46
1.0
 77
1
  4

 78
1
 79
1
170
1
 48
1.0
171
1
  6

172
1
173
1
174
1
140
1.0
141
1.0
175
1
  7

176
1
177
1
178
1
143
1.0
179
1
  8

270
1
271
1
272
1
145
1.0
146
1.0
273
1
  9

274
1
275
1
276
1
 42
1.0
 72
1
  3

 73
1
 74
1
 75
1
 94
63
  0
MLINESTYLE
  5
22
102
{ACAD_REACTORS
330
10
102
}
330
10
100
AcDbMlineStyle
  2
Standard
 70
0
  3

 62
256
 51
90.0
 52
90.0
 71
2
 49
0.5
 62
256
  6
BYLAYER
 49
-0.5
 62
256
  6
BYLAYER
  0
MLEADERSTYLE
  5
2C
102
{ACAD_REACTORS
330
F
102
}
330
F
100
AcDbMLeaderStyle
179
2
170
2
171
1
172
0
 90
2
 40
0.0
 41
0.0
173
1
 91
-1056964608
 92
-2
290
1
 42
2.0
291
1
 43
8.0
  3
Standard
 44
4.0
300

342
29
174
1
175
1
176
0
178
1
 93
-1056964608
 45
4.0
292
0
297
0
 46
4.0
 94
-1056964608
 47
1.0
 49
1.0
140
1.0
294
1
141
0.0
177
0
142
1.0
295
0
296
0
143
3.75
271
0
272
9
273
9
  0
DICTIONARY
  5
2D
330
A
100
AcDbDictionary
280
1
281
1
  3
CREATED_BY_EZDXF
350
2E
  3
WRITTEN_BY_EZDXF
350
355
  0
DICTIONARYVAR
  5
2E
330
2D
100
DictionaryVariables
280
0
  1
1.4.4 @ 2026-07-26T17:32:22.845948+00:00
  0
VISUALSTYLE
  5
5A
102
{ACAD_REACTORS
330
16
102
}
330
16
100
AcDbVisualStyle
  2
2dWireframe
 70
4
 90
0
 40
0.6
 62
7
290
0
291
0
  0
VISUALSTYLE
  5
5B
102
{ACAD_REACTORS
330
16
102
}
330
16
100
AcDbVisualStyle
  2
Basic
 70
7
 90
1
 40
0.6
 62
7
290
0
291
1
  0
VISUALSTYLE
  5
5C
102
{ACAD_REACTORS
330
16
102
}
330
16
100
AcDbVisualStyle
  2
Brighten
 70
12
 90
2
 40
0.6
 62
7
290
0
291
1
  0
VISUALSTYLE
  5
5D
102
{ACAD_REACTORS
330
16
102
}
330
16
100
AcDbVisualStyle
  2
ColorChange
 70
16
 90
2
 40
0.6
 62
8
290
0
291
1
  0
VISUALSTYLE
  5
5E
102
{ACAD_REACTORS
330
16
102
}
330
16
100
AcDbVisualStyle
  2
Conceptual
 70
9
 90
3
 40
0.6
 62
7
290
0
291
0
  0
VISUALSTYLE
  5
5F
102
{ACAD_REACTORS
330
16
102
}
330
16
100
AcDbVisualStyle
  2
Dim
 70
11
 90
2
 40
0.6
 62
7
290
0
291
1
  0
VISUALSTYLE
  5
60
102
{ACAD_REACTORS
330
16
102
}
330
16
100
AcDbVisualStyle
  2
EdgeColorOff
 70
22
 90
2
 40
0.6
 62
7
290
0
291
1
  0
VISUALSTYLE
  5
61
102
{ACAD_REACTORS
330
16
102
}
330
16
100
AcDbVisualStyle
  2
Facepattern
 70
15
 90
2
 40
0.6
 62
7
290
0
291
1
  0
VISUALSTYLE
  5
62
102
{ACAD_REACTORS
330
16
102
}
330
16
100
AcDbVisualStyle
  2
Flat
 70
0
 90
2
 40
0.6
 62
7
290
0
291
1
  0
VISUALSTYLE
  5
63
102
{ACAD_REACTORS
330
16
102
}
330
16
100
AcDbVisualStyle
  2
FlatWithEdges
 70
1
 90
2
 40
0.6
 62
7
290
0
291
1
  0
VISUALSTYLE
  5
64
102
{ACAD_REACTORS
330
16
102
}
330
16
100
AcDbVisualStyle
  2
Gouraud
 70
2
 90
2
 40
0.6
 62
7
290
0
291
1
  0
VISUALSTYLE
  5
65
102
{ACAD_REACTORS
330
16
102
}
330
16
100
AcDbVisualStyle
  2
GouraudWithEdges
 70
3
 90
2
 40
0.6
 62
7
290
0
291
1
  0
VISUALSTYLE
  5
66
102
{ACAD_REACTORS
330
16
102
}
330
16
100
AcDbVisualStyle
  2
Hidden
 70
6
 90
1
 40
0.6
 62
7
290
0
291
0
  0
VISUALSTYLE
  5
67
102
{ACAD_REACTORS
330
16
102
}
330
16
100
AcDbVisualStyle
  2
JitterOff
 70
20
 90
2
 40
0.6
 62
7
290
0
291
1
  0
VISUALSTYLE
  5
68
102
{ACAD_REACTORS
330
16
102
}
330
16
100
AcDbVisualStyle
  2
Linepattern
 70
14
 90
2
 40
0.6
 62
7
290
0
291
1
  0
VISUALSTYLE
  5
69
102
{ACAD_REACTORS
330
16
102
}
330
16
100
AcDbVisualStyle
  2
Modeling
 70
10
 90
2
 40
0.6
 62
7
290
0
291
0
  0
VISUALSTYLE
  5
6A
102
{ACAD_REACTORS
330
16
102
}
330
16
100
AcDbVisualStyle
  2
OverhangOff
 70
21
 90
2
 40
0.6
 62
7
290
0
291
1
  0
VISUALSTYLE
  5
6B
102
{ACAD_REACTORS
330
16
102
}
330
16
100
AcDbVisualStyle
  2
Realistic
 70
8
 90
2
 40
0.6
 62
7
290
0
291
0
  0
VISUALSTYLE
  5
6C
102
{ACAD_REACTORS
330
16
102
}
330
16
100
AcDbVisualStyle
  2
Shaded
 70
27
 90
2
 40
0.6
 62
7
290
0
291
0
  0
VISUALSTYLE
  5
6D
102
{ACAD_REACTORS
330
16
102
}
330
16
100
AcDbVisualStyle
  2
Shaded with edges
 70
26
 90
2
 40
0.6
 62
7
290
0
291
0
  0
VISUALSTYLE
  5
6E
102
{ACAD_REACTORS
330
16
102
}
330
16
100
AcDbVisualStyle
  2
Shades of Gray
 70
23
 90
2
 40
0.6
 62
7
290
0
291
0
  0
VISUALSTYLE
  5
6F
102
{ACAD_REACTORS
330
16
102
}
330
16
100
AcDbVisualStyle
  2
Sketchy
 70
24
 90
1
 40
0.6
 62
7
290
0
291
0
  0
VISUALSTYLE
  5
70
102
{ACAD_REACTORS
330
16
102
}
330
16
100
AcDbVisualStyle
  2
Thicken
 70
13
 90
2
 40
0.6
 62
7
290
0
291
1
  0
VISUALSTYLE
  5
71
102
{ACAD_REACTORS
330
16
102
}
330
16
100
AcDbVisualStyle
  2
Wireframe
 70
5
 90
0
 40
0.6
 62
7
290
0
291
0
  0
VISUALSTYLE
  5
72
102
{ACAD_REACTORS
330
16
102
}
330
16
100
AcDbVisualStyle
  2
X-Ray
 70
25
 90
2
 40
0.5
 62
7
290
0
291
0
  0
DICTIONARYVAR
  5
355
330
2D
100
DictionaryVariables
280
0
  1
1.4.4 @ 2026-07-26T17:32:22.903921+00:00
  0
ENDSEC
  0
EOF
